step,epoch,lr,loss,grad_norm
0,1,3.355705e-06,0.69103,0.1912
1,1,6.711409e-06,0.69205,0.0840
2,1,1.006711e-05,0.69679,0.0962
3,1,1.342282e-05,0.69553,0.0933
4,1,1.677852e-05,0.69904,0.1114
5,1,2.013423e-05,0.69422,0.0824
6,1,2.348993e-05,0.69095,0.1082
7,1,2.684564e-05,0.69455,0.0881
8,1,3.020134e-05,0.69211,0.0920
9,1,3.355705e-05,0.69284,0.0849
10,1,3.691275e-05,0.68917,0.0999
11,1,4.026846e-05,0.69703,0.1007
12,1,4.362416e-05,0.69277,0.1026
13,1,4.697987e-05,0.69798,0.1078
14,1,5.033557e-05,0.69312,0.0909
15,1,5.369128e-05,0.69183,0.1202
16,1,5.704698e-05,0.69411,0.1336
17,1,6.040268e-05,0.69304,0.0868
18,1,6.375839e-05,0.69311,0.1416
19,1,6.711409e-05,0.69093,0.0938
20,1,7.046980e-05,0.69151,0.0992
21,1,7.382550e-05,0.68813,0.0967
22,1,7.718121e-05,0.69438,0.0852
23,1,8.053691e-05,0.68543,0.1264
24,1,8.389262e-05,0.68840,0.0945
25,1,8.724832e-05,0.68597,0.1031
26,1,9.060403e-05,0.69069,0.1136
27,1,9.395973e-05,0.68578,0.0917
28,1,9.731544e-05,0.68484,0.1306
29,1,1.006711e-04,0.68678,0.1474
30,1,1.040268e-04,0.68654,0.0880
31,1,1.073826e-04,0.68526,0.0906
32,1,1.107383e-04,0.68265,0.1267
33,1,1.140940e-04,0.68599,0.1002
34,1,1.174497e-04,0.68158,0.0997
35,1,1.208054e-04,0.68439,0.0875
36,1,1.241611e-04,0.67596,0.0932
37,1,1.275168e-04,0.68171,0.1069
38,1,1.308725e-04,0.68013,0.1055
39,1,1.342282e-04,0.67506,0.1021
40,1,1.375839e-04,0.67217,0.1156
41,1,1.409396e-04,0.67429,0.1296
42,1,1.442953e-04,0.67379,0.1012
43,1,1.476510e-04,0.67173,0.1021
44,1,1.510067e-04,0.66760,0.1144
45,1,1.543624e-04,0.67252,0.1408
46,1,1.577181e-04,0.67940,0.1786
47,1,1.610738e-04,0.67121,0.1481
48,1,1.644295e-04,0.66721,0.1293
49,1,1.677852e-04,0.66516,0.1103
50,1,1.711409e-04,0.66940,0.1101
51,1,1.744966e-04,0.65277,0.1246
52,1,1.778523e-04,0.65703,0.1226
53,1,1.812081e-04,0.66474,0.1054
54,1,1.845638e-04,0.65044,0.1315
55,1,1.879195e-04,0.64209,0.1465
56,1,1.912752e-04,0.65672,0.1184
57,1,1.946309e-04,0.64389,0.1432
58,1,1.979866e-04,0.63057,0.1586
59,1,2.013423e-04,0.65003,0.1454
60,1,2.046980e-04,0.62940,0.1647
61,1,2.080537e-04,0.62343,0.2044
62,1,2.114094e-04,0.63903,0.1871
63,1,2.147651e-04,0.62654,0.1652
64,1,2.181208e-04,0.61017,0.1851
65,1,2.214765e-04,0.61440,0.1699
66,1,2.248322e-04,0.60834,0.1818
67,1,2.281879e-04,0.59835,0.2089
68,1,2.315436e-04,0.60617,0.1806
69,1,2.348993e-04,0.60073,0.1742
70,1,2.382550e-04,0.55965,0.2175
71,1,2.416107e-04,0.57809,0.2336
72,1,2.449664e-04,0.60310,0.1886
73,1,2.483221e-04,0.56099,0.2264
74,1,2.516779e-04,0.52276,0.2866
75,1,2.550336e-04,0.55358,0.2304
76,1,2.583893e-04,0.55264,0.1973
77,1,2.617450e-04,0.52983,0.3144
78,1,2.651007e-04,0.54382,0.2792
79,1,2.684564e-04,0.51758,0.2662
80,1,2.718121e-04,0.52327,0.2199
81,1,2.751678e-04,0.53722,0.2174
82,1,2.785235e-04,0.55583,0.4878
83,1,2.818792e-04,0.56810,0.3795
84,1,2.852349e-04,0.52388,0.4381
85,1,2.885906e-04,0.58378,0.3398
86,1,2.919463e-04,0.53539,0.2603
87,1,2.953020e-04,0.54204,0.2678
88,1,2.986577e-04,0.53739,0.2744
89,1,3.020134e-04,0.55094,0.6107
90,1,3.053691e-04,0.48789,0.2254
91,1,3.087248e-04,0.45312,0.2602
92,1,3.120805e-04,0.43641,0.2630
93,1,3.154362e-04,0.44768,0.3148
94,1,3.187919e-04,0.44179,0.3013
95,1,3.221477e-04,0.53845,0.3615
96,1,3.255034e-04,0.44512,0.2486
97,1,3.288591e-04,0.49460,0.2708
98,1,3.322148e-04,0.46113,0.2613
99,1,3.355705e-04,0.50048,0.2740
100,1,3.389262e-04,0.50012,0.2621
101,1,3.422819e-04,0.49433,0.4213
102,1,3.456376e-04,0.47579,0.2871
103,1,3.489933e-04,0.44081,0.3161
104,1,3.523490e-04,0.43492,0.4095
105,1,3.557047e-04,0.48349,0.2818
106,1,3.590604e-04,0.51242,0.2831
107,1,3.624161e-04,0.50482,0.2975
108,1,3.657718e-04,0.46120,0.5628
109,1,3.691275e-04,0.40717,0.2929
110,1,3.724832e-04,0.47791,0.3747
111,1,3.758389e-04,0.41441,0.3142
112,1,3.791946e-04,0.40618,0.3914
113,1,3.825503e-04,0.44464,0.4167
114,1,3.859060e-04,0.42698,0.4946
115,1,3.892617e-04,0.43477,0.5877
116,1,3.926174e-04,0.44113,0.3418
117,1,3.959732e-04,0.48980,0.6247
118,1,3.993289e-04,0.41198,0.5617
119,1,4.026846e-04,0.42266,0.4393
120,1,4.060403e-04,0.41817,0.4914
121,1,4.093960e-04,0.45266,0.4815
122,1,4.127517e-04,0.42661,0.4230
123,1,4.161074e-04,0.42113,0.4700
124,1,4.194631e-04,0.45767,0.8498
125,1,4.228188e-04,0.46093,0.4357
126,1,4.261745e-04,0.47596,0.3352
127,1,4.295302e-04,0.39234,0.5836
128,1,4.328859e-04,0.47738,0.7846
129,1,4.362416e-04,0.41514,0.4896
130,1,4.395973e-04,0.52948,0.6277
131,1,4.429530e-04,0.43469,0.5070
132,1,4.463087e-04,0.45996,0.6055
133,1,4.496644e-04,0.42767,0.7153
134,1,4.530201e-04,0.48263,0.8176
135,1,4.563758e-04,0.44721,0.6389
136,1,4.597315e-04,0.43765,0.4081
137,1,4.630872e-04,0.38814,0.3496
138,1,4.664430e-04,0.40915,0.5968
139,1,4.697987e-04,0.39338,0.3865
140,1,4.731544e-04,0.43062,0.9501
141,1,4.765101e-04,0.41144,0.5812
142,1,4.798658e-04,0.39878,0.3539
143,1,4.832215e-04,0.39284,0.3139
144,1,4.865772e-04,0.36073,0.3212
145,1,4.899329e-04,0.36297,0.4243
146,1,4.932886e-04,0.43099,0.6955
147,1,4.966443e-04,0.39426,0.7443
148,1,5.000000e-04,0.37717,0.5253
149,1,5.033557e-04,0.39661,0.4348
150,1,5.067114e-04,0.37674,0.4363
151,1,5.100671e-04,0.36359,0.4578
152,1,5.134228e-04,0.38214,0.3883
153,1,5.167785e-04,0.33160,0.6375
154,1,5.201342e-04,0.39407,0.5981
155,1,5.234899e-04,0.37670,0.5396
156,1,5.268456e-04,0.31436,0.4461
157,1,5.302013e-04,0.37877,0.7121
158,1,5.335570e-04,0.38579,0.5779
159,1,5.369128e-04,0.40495,0.4677
160,1,5.402685e-04,0.35670,0.8316
161,1,5.436242e-04,0.38590,0.5682
162,1,5.469799e-04,0.33618,0.4171
163,1,5.503356e-04,0.37778,0.4486
164,1,5.536913e-04,0.37127,0.4803
165,1,5.570470e-04,0.41497,0.9033
166,1,5.604027e-04,0.35612,0.4153
167,1,5.637584e-04,0.40458,0.6427
168,1,5.671141e-04,0.37802,0.5313
169,1,5.704698e-04,0.34608,0.8592
170,1,5.738255e-04,0.37009,0.5069
171,1,5.771812e-04,0.41085,0.4820
172,1,5.805369e-04,0.39934,0.4846
173,1,5.838926e-04,0.40894,0.5053
174,1,5.872483e-04,0.33875,0.4071
175,1,5.906040e-04,0.32394,0.4100
176,1,5.939597e-04,0.40340,0.5534
177,1,5.973154e-04,0.39382,0.6103
178,1,6.006711e-04,0.39590,0.5303
179,1,6.040268e-04,0.32298,0.4319
180,1,6.073826e-04,0.35738,0.5478
181,1,6.107383e-04,0.33804,0.6489
182,1,6.140940e-04,0.31139,0.3901
183,1,6.174497e-04,0.39619,0.6713
184,1,6.208054e-04,0.29029,0.5074
185,1,6.241611e-04,0.39987,0.7495
186,1,6.275168e-04,0.30476,0.4014
187,1,6.308725e-04,0.30404,0.5811
188,1,6.342282e-04,0.32191,0.5153
189,1,6.375839e-04,0.34832,0.4960
190,1,6.409396e-04,0.35533,0.5503
191,1,6.442953e-04,0.30453,0.5636
192,1,6.476510e-04,0.29627,0.5257
193,1,6.510067e-04,0.30941,0.5114
194,1,6.543624e-04,0.33424,1.4497
195,1,6.577181e-04,0.28625,0.6128
196,1,6.610738e-04,0.30485,0.5288
197,1,6.644295e-04,0.28645,0.5268
198,1,6.677852e-04,0.35336,0.6095
199,1,6.711409e-04,0.36207,1.2389
200,1,6.744966e-04,0.35393,1.1634
201,1,6.778523e-04,0.32723,0.7422
202,1,6.812081e-04,0.38499,0.9559
203,1,6.845638e-04,0.34531,0.8301
204,1,6.879195e-04,0.33952,0.7175
205,1,6.912752e-04,0.36890,0.8392
206,1,6.946309e-04,0.33762,1.1030
207,1,6.979866e-04,0.28488,0.5577
208,1,7.013423e-04,0.31656,0.5051
209,1,7.046980e-04,0.36588,0.5420
210,1,7.080537e-04,0.33506,0.4582
211,1,7.114094e-04,0.34675,1.0104
212,1,7.147651e-04,0.28112,0.4805
213,1,7.181208e-04,0.31451,0.7371
214,1,7.214765e-04,0.39543,1.1616
215,1,7.248322e-04,0.34759,0.6125
216,1,7.281879e-04,0.31268,0.8417
217,1,7.315436e-04,0.28441,0.7300
218,1,7.348993e-04,0.27802,0.6691
219,1,7.382550e-04,0.25841,0.5751
220,1,7.416107e-04,0.30016,1.1177
221,1,7.449664e-04,0.31908,0.5746
222,1,7.483221e-04,0.30702,1.0307
223,1,7.516779e-04,0.34433,0.6221
224,1,7.550336e-04,0.35055,1.1493
225,1,7.583893e-04,0.34162,1.3787
226,1,7.617450e-04,0.32356,0.7110
227,1,7.651007e-04,0.36139,1.2121
228,1,7.684564e-04,0.37952,1.1873
229,1,7.718121e-04,0.35170,0.6090
230,1,7.751678e-04,0.35590,0.4800
231,1,7.785235e-04,0.29896,0.4902
232,1,7.818792e-04,0.31875,0.4299
233,1,7.852349e-04,0.28788,0.5559
234,1,7.885906e-04,0.31094,0.6299
235,1,7.919463e-04,0.29642,0.4500
236,1,7.953020e-04,0.34298,0.7075
237,1,7.986577e-04,0.25426,0.4535
238,1,8.020134e-04,0.22923,0.6807
239,1,8.053691e-04,0.36377,0.5259
240,1,8.087248e-04,0.29835,0.5316
241,1,8.120805e-04,0.36413,0.7184
242,1,8.154362e-04,0.28319,0.5379
243,1,8.187919e-04,0.24369,0.4831
244,1,8.221477e-04,0.31780,0.8828
245,1,8.255034e-04,0.27189,0.5925
246,1,8.288591e-04,0.30603,0.9950
247,1,8.322148e-04,0.31216,0.6502
248,1,8.355705e-04,0.30438,0.6730
249,1,8.389262e-04,0.38934,0.6799
250,1,8.422819e-04,0.30925,0.7079
251,1,8.456376e-04,0.30186,0.6128
252,1,8.489933e-04,0.33183,0.8262
253,1,8.523490e-04,0.27472,0.7439
254,1,8.557047e-04,0.28396,0.7329
255,1,8.590604e-04,0.23483,0.5608
256,1,8.624161e-04,0.31827,0.5744
257,1,8.657718e-04,0.26635,0.5513
258,1,8.691275e-04,0.22660,0.5178
259,1,8.724832e-04,0.28733,0.6148
260,1,8.758389e-04,0.30760,0.7010
261,1,8.791946e-04,0.32813,1.1306
262,1,8.825503e-04,0.30527,0.6335
263,1,8.859060e-04,0.27929,0.6906
264,1,8.892617e-04,0.33906,1.0108
265,1,8.926174e-04,0.34576,0.8770
266,1,8.959732e-04,0.31839,0.5878
267,1,8.993289e-04,0.38796,1.0402
268,1,9.026846e-04,0.39717,1.3707
269,1,9.060403e-04,0.30953,0.6699
270,1,9.093960e-04,0.28018,0.4791
271,1,9.127517e-04,0.27637,0.8890
272,1,9.161074e-04,0.31551,0.8840
273,1,9.194631e-04,0.26578,0.6539
274,1,9.228188e-04,0.29229,0.4551
275,1,9.261745e-04,0.28500,0.4634
276,1,9.295302e-04,0.29751,0.7509
277,1,9.328859e-04,0.30976,0.9369
278,1,9.362416e-04,0.29621,0.5682
279,1,9.395973e-04,0.26822,0.9379
280,1,9.429530e-04,0.33461,0.7606
281,1,9.463087e-04,0.27839,0.5748
282,1,9.496644e-04,0.24569,0.4760
283,1,9.530201e-04,0.34312,0.8963
284,1,9.563758e-04,0.22123,0.4156
285,1,9.597315e-04,0.30228,0.6329
286,1,9.630872e-04,0.27668,0.5207
287,1,9.664430e-04,0.26226,1.0431
288,1,9.697987e-04,0.30524,0.5951
289,1,9.731544e-04,0.29789,0.5916
290,1,9.765101e-04,0.32117,0.6179
291,1,9.798658e-04,0.28670,1.0325
292,1,9.832215e-04,0.29976,0.8455
293,1,9.865772e-04,0.23304,0.6264
294,1,9.899329e-04,0.32865,0.7301
295,1,9.932886e-04,0.24587,0.5351
296,1,9.966443e-04,0.22517,0.6007
297,1,1.000000e-03,0.29534,0.4857
298,1,1.000000e-03,0.24558,0.9361
299,1,1.000000e-03,0.31104,0.5783
300,1,9.999999e-04,0.28803,0.8309
301,1,9.999998e-04,0.24701,0.7468
302,1,9.999996e-04,0.34737,0.9149
303,1,9.999994e-04,0.32034,0.9724
304,1,9.999991e-04,0.28936,0.4501
305,1,9.999988e-04,0.23227,0.6557
306,1,9.999984e-04,0.26733,0.5834
307,1,9.999980e-04,0.34974,1.2553
308,1,9.999975e-04,0.32326,0.7989
309,1,9.999970e-04,0.35113,0.6921
310,1,9.999964e-04,0.27137,1.1128
311,1,9.999958e-04,0.32475,0.7134
312,1,9.999951e-04,0.28644,0.4912
313,1,9.999944e-04,0.28355,0.7098
314,1,9.999936e-04,0.28845,0.5075
315,1,9.999927e-04,0.26454,0.4519
316,1,9.999919e-04,0.24698,0.5023
317,1,9.999909e-04,0.35386,0.5428
318,1,9.999900e-04,0.30380,0.4386
319,1,9.999889e-04,0.24312,0.4513
320,1,9.999878e-04,0.21957,0.6392
321,1,9.999867e-04,0.24055,0.6710
322,1,9.999855e-04,0.34810,0.4951
323,1,9.999843e-04,0.30511,0.6265
324,1,9.999830e-04,0.26397,0.6697
325,1,9.999817e-04,0.23993,0.3683
326,1,9.999803e-04,0.25023,0.6149
327,1,9.999789e-04,0.26794,0.6478
328,1,9.999774e-04,0.31644,0.6435
329,1,9.999759e-04,0.21764,0.4723
330,1,9.999743e-04,0.29653,0.6749
331,1,9.999727e-04,0.27092,0.4978
332,1,9.999710e-04,0.24948,0.5167
333,1,9.999692e-04,0.26894,0.5096
334,1,9.999675e-04,0.27080,1.0310
335,1,9.999656e-04,0.27158,0.6247
336,1,9.999637e-04,0.26506,0.4838
337,1,9.999618e-04,0.27768,0.5444
338,1,9.999598e-04,0.26264,0.8789
339,1,9.999578e-04,0.22892,0.6722
340,1,9.999557e-04,0.31604,0.5401
341,1,9.999536e-04,0.24912,0.4909
342,1,9.999514e-04,0.23186,0.5645
343,1,9.999492e-04,0.26409,0.5856
344,1,9.999469e-04,0.23701,0.5187
345,1,9.999445e-04,0.31972,0.8497
346,1,9.999422e-04,0.26009,0.4490
347,1,9.999397e-04,0.31616,0.5533
348,1,9.999372e-04,0.27025,0.5422
349,1,9.999347e-04,0.26260,0.8518
350,1,9.999321e-04,0.26646,0.5352
351,1,9.999295e-04,0.30744,0.5650
352,1,9.999268e-04,0.31410,0.7162
353,1,9.999240e-04,0.23263,0.7009
354,1,9.999213e-04,0.24639,0.4908
355,1,9.999184e-04,0.27014,0.6075
356,1,9.999155e-04,0.29487,0.5206
357,1,9.999126e-04,0.31084,0.8174
358,1,9.999096e-04,0.21026,0.5625
359,1,9.999066e-04,0.24565,0.5486
360,1,9.999035e-04,0.30090,0.7174
361,1,9.999003e-04,0.26263,0.5672
362,1,9.998972e-04,0.18900,0.4333
363,1,9.998939e-04,0.21473,0.5272
364,1,9.998906e-04,0.25003,0.4833
365,1,9.998873e-04,0.26104,0.5243
366,1,9.998839e-04,0.28239,0.6794
367,1,9.998805e-04,0.26514,0.7068
368,1,9.998770e-04,0.30050,0.7475
369,1,9.998734e-04,0.26076,0.5486
370,1,9.998698e-04,0.27097,0.5166
371,1,9.998662e-04,0.27238,0.5552
372,1,9.998625e-04,0.27446,0.8106
373,1,9.998588e-04,0.26387,0.6307
374,1,9.998550e-04,0.27054,1.0681
375,1,9.998511e-04,0.26090,0.7201
376,1,9.998472e-04,0.20093,0.4390
377,1,9.998433e-04,0.27776,0.5616
378,1,9.998393e-04,0.24722,0.6487
379,1,9.998353e-04,0.23209,0.8000
380,1,9.998312e-04,0.32427,0.6044
381,1,9.998270e-04,0.28954,0.5998
382,1,9.998228e-04,0.19093,0.3933
383,1,9.998186e-04,0.26101,0.7278
384,1,9.998143e-04,0.32434,0.5701
385,1,9.998100e-04,0.27263,0.5412
386,1,9.998056e-04,0.25947,0.5220
387,1,9.998011e-04,0.30843,0.7918
388,1,9.997966e-04,0.28715,0.4881
389,1,9.997921e-04,0.22126,0.5007
390,1,9.997875e-04,0.22548,0.4678
391,1,9.997828e-04,0.29032,0.4798
392,1,9.997782e-04,0.22376,0.7950
393,1,9.997734e-04,0.21169,0.4705
394,1,9.997686e-04,0.25084,0.5337
395,1,9.997638e-04,0.24719,0.4351
396,1,9.997589e-04,0.24462,0.8726
397,1,9.997539e-04,0.22497,0.7407
398,1,9.997489e-04,0.26207,0.6720
399,1,9.997439e-04,0.30187,0.9113
400,1,9.997388e-04,0.21738,0.9329
401,1,9.997336e-04,0.21618,0.6110
402,1,9.997284e-04,0.31459,0.5306
403,1,9.997232e-04,0.23118,0.6138
404,1,9.997179e-04,0.21273,0.8133
405,1,9.997126e-04,0.25785,0.9978
406,1,9.997072e-04,0.31086,0.6710
407,1,9.997017e-04,0.25636,1.1252
408,1,9.996962e-04,0.25669,1.1131
409,1,9.996907e-04,0.28344,1.0031
410,1,9.996851e-04,0.25191,0.5203
411,1,9.996794e-04,0.33287,1.2220
412,1,9.996737e-04,0.27024,0.7323
413,1,9.996680e-04,0.24466,0.9558
414,1,9.996622e-04,0.22050,0.6760
415,1,9.996563e-04,0.22077,0.5241
416,1,9.996504e-04,0.20631,0.5135
417,1,9.996445e-04,0.33788,1.4312
418,1,9.996385e-04,0.28449,0.7580
419,1,9.996324e-04,0.22345,0.3931
420,1,9.996263e-04,0.26476,0.6551
421,1,9.996202e-04,0.26372,0.8360
422,1,9.996140e-04,0.27494,0.6335
423,1,9.996077e-04,0.24525,0.5363
424,1,9.996014e-04,0.30133,0.4567
425,1,9.995951e-04,0.31093,0.8464
426,1,9.995887e-04,0.27718,1.1151
427,1,9.995822e-04,0.25381,0.6959
428,1,9.995757e-04,0.23058,0.3998
429,1,9.995692e-04,0.24451,0.4394
430,1,9.995626e-04,0.26882,1.1385
431,1,9.995559e-04,0.26629,1.0311
432,1,9.995492e-04,0.19763,0.4978
433,1,9.995425e-04,0.28750,0.7303
434,1,9.995357e-04,0.24765,0.4639
435,1,9.995288e-04,0.29456,0.7215
436,1,9.995219e-04,0.26585,0.6341
437,1,9.995150e-04,0.24444,0.5198
438,1,9.995079e-04,0.20151,0.4494
439,1,9.995009e-04,0.27354,0.4963
440,1,9.994938e-04,0.24134,0.6484
441,1,9.994866e-04,0.21989,0.3925
442,1,9.994794e-04,0.26597,0.5251
443,1,9.994722e-04,0.23948,0.4262
444,1,9.994649e-04,0.25393,0.4348
445,1,9.994575e-04,0.27517,0.5011
446,1,9.994501e-04,0.23506,0.4686
447,1,9.994427e-04,0.25819,0.4445
448,1,9.994352e-04,0.24539,0.4182
449,1,9.994276e-04,0.24369,0.4929
450,1,9.994200e-04,0.24290,0.4717
451,1,9.994123e-04,0.23554,0.4305
452,1,9.994046e-04,0.24556,0.4929
453,1,9.993969e-04,0.25490,0.4158
454,1,9.993891e-04,0.20828,0.4625
455,1,9.993812e-04,0.19156,0.4612
456,1,9.993733e-04,0.25754,0.5928
457,1,9.993654e-04,0.21620,0.4103
458,1,9.993574e-04,0.25398,0.5248
459,1,9.993493e-04,0.20342,0.4954
460,1,9.993412e-04,0.24052,0.6649
461,1,9.993330e-04,0.19906,0.4354
462,1,9.993248e-04,0.23549,0.4401
463,1,9.993166e-04,0.21805,0.4610
464,1,9.993083e-04,0.22958,0.4537
465,1,9.992999e-04,0.21868,0.4082
466,1,9.992915e-04,0.26760,0.9049
467,1,9.992830e-04,0.26110,0.5027
468,1,9.992745e-04,0.22643,0.6150
469,1,9.992660e-04,0.17563,0.3976
470,1,9.992574e-04,0.31820,0.5934
471,1,9.992487e-04,0.21233,0.5169
472,1,9.992400e-04,0.22034,0.4651
473,1,9.992312e-04,0.22715,0.7026
474,1,9.992224e-04,0.26157,0.6209
475,1,9.992136e-04,0.20036,0.4248
476,1,9.992047e-04,0.19114,0.4104
477,1,9.991957e-04,0.23860,0.3793
478,1,9.991867e-04,0.28638,0.4804
479,1,9.991776e-04,0.24320,0.4549
480,1,9.991685e-04,0.23666,0.4105
481,1,9.991594e-04,0.28104,0.5379
482,1,9.991502e-04,0.21579,0.3743
483,1,9.991409e-04,0.20110,0.3625
484,1,9.991316e-04,0.26365,0.4375
485,1,9.991222e-04,0.20295,0.3448
486,1,9.991128e-04,0.22837,0.4332
487,1,9.991034e-04,0.25581,0.4276
488,1,9.990939e-04,0.24484,0.4191
489,1,9.990843e-04,0.26914,0.4537
490,1,9.990747e-04,0.21006,0.3593
491,1,9.990650e-04,0.26101,0.8035
492,1,9.990553e-04,0.20843,0.5093
493,1,9.990456e-04,0.24508,0.5080
494,1,9.990357e-04,0.17586,0.4008
495,1,9.990259e-04,0.32377,0.6613
496,1,9.990160e-04,0.29952,0.9051
497,1,9.990060e-04,0.21373,0.5585
498,1,9.989960e-04,0.21946,0.4083
499,1,9.989859e-04,0.26328,0.9458
500,1,9.989758e-04,0.23793,0.4430
501,1,9.989657e-04,0.21712,0.3979
502,1,9.989554e-04,0.18313,0.3752
503,1,9.989452e-04,0.20707,0.5225
504,1,9.989349e-04,0.20822,0.4938
505,1,9.989245e-04,0.20365,0.4766
506,1,9.989141e-04,0.25338,0.4299
507,1,9.989036e-04,0.20751,0.3993
508,1,9.988931e-04,0.24104,0.7663
509,1,9.988826e-04,0.19745,0.4260
510,1,9.988719e-04,0.23999,0.8630
511,1,9.988613e-04,0.20175,0.6054
512,1,9.988506e-04,0.20776,0.4597
513,1,9.988398e-04,0.28661,0.8697
514,1,9.988290e-04,0.19503,0.4084
515,1,9.988181e-04,0.17491,0.4897
516,1,9.988072e-04,0.23979,0.4906
517,1,9.987963e-04,0.21407,0.5723
518,1,9.987852e-04,0.26426,0.4745
519,1,9.987742e-04,0.21501,0.4317
520,1,9.987631e-04,0.28163,0.4794
521,1,9.987519e-04,0.14274,0.4250
522,1,9.987407e-04,0.21074,0.4357
523,1,9.987294e-04,0.26007,0.7863
524,1,9.987181e-04,0.22190,0.5303
525,1,9.987067e-04,0.26589,0.5095
526,1,9.986953e-04,0.22455,0.3966
527,1,9.986839e-04,0.32663,0.5487
528,1,9.986724e-04,0.18744,0.4492
529,1,9.986608e-04,0.23445,0.4994
530,1,9.986492e-04,0.20743,0.3651
531,1,9.986375e-04,0.30510,0.5077
532,1,9.986258e-04,0.21087,0.4464
533,1,9.986140e-04,0.21801,0.3830
534,1,9.986022e-04,0.20539,0.5208
535,1,9.985904e-04,0.17651,0.3568
536,1,9.985784e-04,0.21422,0.3512
537,1,9.985665e-04,0.19451,0.3766
538,1,9.985545e-04,0.21518,0.3919
539,1,9.985424e-04,0.22886,0.4042
540,1,9.985303e-04,0.24473,0.5152
541,1,9.985181e-04,0.24437,0.5190
542,1,9.985059e-04,0.20837,0.5135
543,1,9.984936e-04,0.19336,0.4618
544,1,9.984813e-04,0.26831,0.6297
545,1,9.984689e-04,0.22051,0.6069
546,1,9.984565e-04,0.18900,0.3981
547,1,9.984441e-04,0.20253,0.4120
548,1,9.984316e-04,0.29385,0.5858
549,1,9.984190e-04,0.19590,0.3799
550,1,9.984064e-04,0.24896,0.4778
551,1,9.983937e-04,0.21529,0.4017
552,1,9.983810e-04,0.27829,0.6026
553,1,9.983682e-04,0.17589,0.4612
554,1,9.983554e-04,0.22068,0.4643
555,1,9.983425e-04,0.22311,0.4469
556,1,9.983296e-04,0.22882,0.4329
557,1,9.983167e-04,0.25247,0.5805
558,1,9.983036e-04,0.23979,0.5531
559,1,9.982906e-04,0.24130,0.4901
560,1,9.982775e-04,0.23649,0.4795
561,1,9.982643e-04,0.22172,0.5007
562,1,9.982511e-04,0.25449,0.6844
563,1,9.982378e-04,0.18784,0.4755
564,1,9.982245e-04,0.24450,0.5694
565,1,9.982111e-04,0.18843,0.4531
566,1,9.981977e-04,0.24372,0.4534
567,1,9.981842e-04,0.22766,0.4571
568,1,9.981707e-04,0.20069,0.6383
569,1,9.981572e-04,0.24606,0.4546
570,1,9.981435e-04,0.23566,0.4646
571,1,9.981299e-04,0.17553,0.3565
572,1,9.981162e-04,0.20905,0.5400
573,1,9.981024e-04,0.25142,0.6828
574,1,9.980886e-04,0.18689,0.3888
575,1,9.980747e-04,0.19310,0.4690
576,1,9.980608e-04,0.18617,0.3877
577,1,9.980468e-04,0.25751,0.4570
578,1,9.980328e-04,0.19185,0.4749
579,1,9.980187e-04,0.17913,0.3741
580,1,9.980046e-04,0.21131,0.5733
581,1,9.979905e-04,0.26820,0.6888
582,1,9.979762e-04,0.23524,0.4600
583,1,9.979620e-04,0.20422,0.5330
584,1,9.979477e-04,0.26293,0.4727
585,1,9.979333e-04,0.20870,0.4861
586,1,9.979189e-04,0.24355,0.5917
587,1,9.979044e-04,0.22394,0.5084
588,1,9.978899e-04,0.17895,0.4719
589,1,9.978753e-04,0.26075,0.6497
590,1,9.978607e-04,0.20256,0.5592
591,1,9.978460e-04,0.21146,0.4205
592,1,9.978313e-04,0.27766,0.5778
593,1,9.978166e-04,0.20185,0.5209
594,1,9.978017e-04,0.21527,0.3801
595,1,9.977869e-04,0.24079,0.4585
596,1,9.977720e-04,0.18958,0.3834
597,1,9.977570e-04,0.19753,0.4241
598,1,9.977420e-04,0.20458,0.3607
599,1,9.977269e-04,0.18835,0.4459
600,1,9.977118e-04,0.19166,0.4325
601,1,9.976966e-04,0.20844,0.4699
602,1,9.976814e-04,0.21995,0.4216
603,1,9.976661e-04,0.24172,0.7104
604,1,9.976508e-04,0.22681,0.6149
605,1,9.976355e-04,0.25097,0.4542
606,1,9.976201e-04,0.23745,0.4434
607,1,9.976046e-04,0.24231,0.4782
608,1,9.975891e-04,0.14960,0.4786
609,1,9.975735e-04,0.23567,0.5195
610,1,9.975579e-04,0.23366,0.5763
611,1,9.975422e-04,0.25914,0.4945
612,1,9.975265e-04,0.19130,0.4111
613,1,9.975107e-04,0.25582,1.1372
614,1,9.974949e-04,0.32722,0.5980
615,1,9.974791e-04,0.18590,0.4762
616,1,9.974631e-04,0.26110,0.4901
617,1,9.974472e-04,0.25913,0.5756
618,1,9.974312e-04,0.26172,0.4458
619,1,9.974151e-04,0.19435,0.3800
620,1,9.973990e-04,0.19749,0.5381
621,1,9.973828e-04,0.22467,0.5195
622,1,9.973666e-04,0.25657,0.4318
623,1,9.973503e-04,0.22080,0.4067
624,1,9.973340e-04,0.19542,0.5335
625,1,9.973176e-04,0.20091,0.5179
626,1,9.973012e-04,0.18062,0.3622
627,1,9.972848e-04,0.21456,0.7002
628,1,9.972683e-04,0.18039,0.4008
629,1,9.972517e-04,0.21718,0.4530
630,1,9.972351e-04,0.18185,0.3951
631,1,9.972184e-04,0.28015,0.6786
632,1,9.972017e-04,0.22102,0.5288
633,1,9.971849e-04,0.18782,0.4769
634,1,9.971681e-04,0.19430,0.6925
635,1,9.971512e-04,0.20536,0.4680
636,1,9.971343e-04,0.23194,0.4562
637,1,9.971174e-04,0.21292,0.4576
638,1,9.971004e-04,0.24286,0.6875
639,1,9.970833e-04,0.21723,0.5108
640,1,9.970662e-04,0.24696,0.4256
641,1,9.970490e-04,0.19085,0.3811
642,1,9.970318e-04,0.20798,0.6025
643,1,9.970145e-04,0.22272,0.4617
644,1,9.969972e-04,0.22494,0.5332
645,1,9.969799e-04,0.22444,0.3879
646,1,9.969624e-04,0.19724,0.4122
647,1,9.969450e-04,0.21819,0.4033
648,1,9.969275e-04,0.25032,0.4007
649,1,9.969099e-04,0.25527,0.4668
650,1,9.968923e-04,0.25838,0.4221
651,1,9.968746e-04,0.17613,0.3674
652,1,9.968569e-04,0.19082,0.3699
653,1,9.968392e-04,0.21839,0.5739
654,1,9.968213e-04,0.18771,0.3963
655,1,9.968035e-04,0.23934,0.4076
656,1,9.967856e-04,0.20065,0.3956
657,1,9.967676e-04,0.23773,0.5090
658,1,9.967496e-04,0.20537,0.5151
659,1,9.967315e-04,0.16433,0.3739
660,1,9.967134e-04,0.16612,0.6453
661,1,9.966953e-04,0.20628,0.4534
662,1,9.966770e-04,0.18738,0.4355
663,1,9.966588e-04,0.23526,0.4721
664,1,9.966405e-04,0.20896,0.4464
665,1,9.966221e-04,0.29361,0.6244
666,1,9.966037e-04,0.21993,0.4995
667,1,9.965852e-04,0.21948,0.4236
668,1,9.965667e-04,0.18262,0.4120
669,1,9.965482e-04,0.25317,0.4793
670,1,9.965296e-04,0.23136,0.6558
671,1,9.965109e-04,0.23837,0.5147
672,1,9.964922e-04,0.19773,0.4262
673,1,9.964734e-04,0.32539,0.7943
674,1,9.964546e-04,0.23469,0.5230
675,1,9.964358e-04,0.22215,0.4238
676,1,9.964168e-04,0.23591,0.3953
677,1,9.963979e-04,0.22152,0.3888
678,1,9.963789e-04,0.27234,0.5600
679,1,9.963598e-04,0.18330,0.3540
680,1,9.963407e-04,0.25082,0.4739
681,1,9.963215e-04,0.21090,0.3429
682,1,9.963023e-04,0.24969,0.6204
683,1,9.962831e-04,0.18787,0.3379
684,1,9.962638e-04,0.26228,0.4622
685,1,9.962444e-04,0.20742,0.4471
686,1,9.962250e-04,0.19953,0.3343
687,1,9.962055e-04,0.20327,0.4027
688,1,9.961860e-04,0.17879,0.5229
689,1,9.961665e-04,0.21833,0.4058
690,1,9.961469e-04,0.18022,0.4561
691,1,9.961272e-04,0.18237,0.4389
692,1,9.961075e-04,0.21152,0.5009
693,1,9.960878e-04,0.21328,0.4109
694,1,9.960679e-04,0.22827,0.4827
695,1,9.960481e-04,0.20062,0.5557
696,1,9.960282e-04,0.22098,0.3659
697,1,9.960082e-04,0.17299,0.4232
698,1,9.959882e-04,0.18985,0.4682
699,1,9.959682e-04,0.25042,0.4660
700,1,9.959481e-04,0.24685,0.5828
701,1,9.959279e-04,0.23017,0.4130
702,1,9.959077e-04,0.20841,0.6830
703,1,9.958874e-04,0.22391,0.3735
704,1,9.958671e-04,0.20448,0.3847
705,1,9.958468e-04,0.20889,0.4014
706,1,9.958264e-04,0.20359,0.6387
707,1,9.958059e-04,0.20722,0.4377
708,1,9.957854e-04,0.19150,0.4097
709,1,9.957649e-04,0.25898,0.4192
710,1,9.957443e-04,0.20231,0.5415
711,1,9.957236e-04,0.26334,0.5590
712,1,9.957029e-04,0.17467,0.3598
713,1,9.956822e-04,0.22485,0.3844
714,1,9.956614e-04,0.18895,0.4846
715,1,9.956405e-04,0.19745,0.3544
716,1,9.956196e-04,0.20272,0.4350
717,1,9.955987e-04,0.24606,0.4616
718,1,9.955777e-04,0.19716,0.4833
719,1,9.955566e-04,0.15106,0.3285
720,1,9.955355e-04,0.21258,0.4484
721,1,9.955144e-04,0.18334,0.4396
722,1,9.954932e-04,0.18276,0.4054
723,1,9.954719e-04,0.20100,0.3973
724,1,9.954506e-04,0.23324,0.3799
725,1,9.954293e-04,0.24419,0.8349
726,1,9.954079e-04,0.22073,0.4846
727,1,9.953864e-04,0.15434,0.3673
728,1,9.953649e-04,0.21697,0.3827
729,1,9.953434e-04,0.20725,0.7813
730,1,9.953218e-04,0.21572,0.7077
731,1,9.953001e-04,0.20062,0.5416
732,1,9.952784e-04,0.17057,0.3583
733,1,9.952567e-04,0.18378,0.6808
734,1,9.952349e-04,0.24711,0.9029
735,1,9.952130e-04,0.19878,0.7102
736,1,9.951911e-04,0.20951,0.3967
737,1,9.951692e-04,0.23753,0.4998
738,1,9.951472e-04,0.24245,0.5163
739,1,9.951251e-04,0.20295,0.5838
740,1,9.951030e-04,0.18947,0.3928
741,1,9.950809e-04,0.19622,0.3478
742,1,9.950587e-04,0.19638,0.3621
743,1,9.950365e-04,0.21488,0.3972
744,1,9.950142e-04,0.26243,0.6032
745,1,9.949918e-04,0.10968,0.2618
746,1,9.949694e-04,0.21731,0.5091
747,1,9.949470e-04,0.16826,0.3652
748,1,9.949245e-04,0.22096,0.4034
749,1,9.949020e-04,0.19353,0.3576
750,1,9.948794e-04,0.18876,0.7023
751,1,9.948567e-04,0.22571,0.5532
752,1,9.948340e-04,0.18051,0.3831
753,1,9.948113e-04,0.18430,0.3366
754,1,9.947885e-04,0.17287,0.3267
755,1,9.947657e-04,0.22479,0.4079
756,1,9.947428e-04,0.25202,0.6999
757,1,9.947198e-04,0.26812,0.9429
758,1,9.946968e-04,0.25781,0.4970
759,1,9.946738e-04,0.29330,0.4856
760,1,9.946507e-04,0.16882,0.3999
761,1,9.946276e-04,0.17796,0.3908
762,1,9.946044e-04,0.18830,0.5517
763,1,9.945811e-04,0.20193,0.4682
764,1,9.945579e-04,0.24714,0.3868
765,1,9.945345e-04,0.17688,0.3313
766,1,9.945111e-04,0.20837,0.4316
767,1,9.944877e-04,0.21497,0.4658
768,1,9.944642e-04,0.17118,0.3451
769,1,9.944407e-04,0.20152,0.5156
770,1,9.944171e-04,0.16443,0.4505
771,1,9.943935e-04,0.14662,0.4567
772,1,9.943698e-04,0.30393,0.6396
773,1,9.943460e-04,0.24924,0.5749
774,1,9.943223e-04,0.24225,0.4143
775,1,9.942984e-04,0.22362,0.7196
776,1,9.942745e-04,0.22543,0.5313
777,1,9.942506e-04,0.17953,0.3514
778,1,9.942266e-04,0.17679,0.4392
779,1,9.942026e-04,0.20877,0.4288
780,1,9.941785e-04,0.20179,0.3592
781,1,9.941544e-04,0.17677,0.3302
782,1,9.941302e-04,0.22735,0.4691
783,1,9.941060e-04,0.21181,0.4350
784,1,9.940817e-04,0.20742,0.5753
785,1,9.940574e-04,0.23797,0.4967
786,1,9.940330e-04,0.23891,0.7598
787,1,9.940086e-04,0.20451,0.4613
788,1,9.939841e-04,0.21739,0.3696
789,1,9.939595e-04,0.20559,0.4331
790,1,9.939350e-04,0.16702,0.3982
791,1,9.939103e-04,0.21595,0.3507
792,1,9.938857e-04,0.20411,0.3536
793,1,9.938609e-04,0.14928,0.3154
794,1,9.938362e-04,0.15370,0.3142
795,1,9.938113e-04,0.22765,0.3554
796,1,9.937865e-04,0.19430,0.3818
797,1,9.937615e-04,0.22927,0.3846
798,1,9.937366e-04,0.20962,0.3997
799,1,9.937115e-04,0.20650,0.3657
800,1,9.936865e-04,0.20419,0.3881
801,1,9.936613e-04,0.19131,0.5367
802,1,9.936362e-04,0.20743,0.4491
803,1,9.936110e-04,0.14620,0.3678
804,1,9.935857e-04,0.20132,0.3722
805,1,9.935604e-04,0.24478,0.4810
806,1,9.935350e-04,0.22677,0.5153
807,1,9.935096e-04,0.22490,0.4717
808,1,9.934841e-04,0.23216,0.7017
809,1,9.934586e-04,0.19355,0.5240
810,1,9.934330e-04,0.18389,0.3395
811,1,9.934074e-04,0.16298,0.3475
812,1,9.933817e-04,0.18440,0.3992
813,1,9.933560e-04,0.22138,0.5437
814,1,9.933302e-04,0.20857,0.4090
815,1,9.933044e-04,0.25885,0.4471
816,1,9.932786e-04,0.18528,0.3791
817,1,9.932527e-04,0.23604,0.4203
818,1,9.932267e-04,0.20006,0.4453
819,1,9.932007e-04,0.14365,0.3619
820,1,9.931746e-04,0.18512,0.3698
821,1,9.931485e-04,0.17604,0.3208
822,1,9.931223e-04,0.16646,0.3886
823,1,9.930961e-04,0.22508,0.3903
824,1,9.930699e-04,0.14374,0.3907
825,1,9.930436e-04,0.20472,0.3961
826,1,9.930172e-04,0.22988,0.3771
827,1,9.929908e-04,0.17702,0.4202
828,1,9.929643e-04,0.20098,0.4368
829,1,9.929378e-04,0.16995,0.3651
830,1,9.929113e-04,0.18974,0.3654
831,1,9.928846e-04,0.23219,0.4177
832,1,9.928580e-04,0.23820,0.4434
833,1,9.928313e-04,0.16839,0.3770
834,1,9.928045e-04,0.19567,0.4075
835,1,9.927777e-04,0.21554,0.4684
836,1,9.927509e-04,0.23953,0.4352
837,1,9.927240e-04,0.17742,0.3715
838,1,9.926970e-04,0.24304,0.4714
839,1,9.926700e-04,0.20904,0.4707
840,1,9.926430e-04,0.24443,0.3654
841,1,9.926159e-04,0.17752,0.3917
842,1,9.925887e-04,0.20951,0.4451
843,1,9.925615e-04,0.20343,0.3565
844,1,9.925342e-04,0.14743,0.3011
845,1,9.925069e-04,0.23375,0.6489
846,1,9.924796e-04,0.22409,0.4544
847,1,9.924522e-04,0.20901,0.3629
848,1,9.924248e-04,0.24441,0.4878
849,1,9.923973e-04,0.14284,0.4185
850,1,9.923697e-04,0.20834,0.6794
851,1,9.923421e-04,0.19077,0.3568
852,1,9.923145e-04,0.15736,0.3544
853,1,9.922868e-04,0.17924,0.4132
854,1,9.922590e-04,0.17776,0.5123
855,1,9.922312e-04,0.17783,0.4398
856,1,9.922034e-04,0.22624,0.4342
857,1,9.921755e-04,0.21552,0.4045
858,1,9.921476e-04,0.19822,0.3627
859,1,9.921196e-04,0.17170,0.4305
860,1,9.920915e-04,0.18209,0.3709
861,1,9.920634e-04,0.17526,0.3672
862,1,9.920353e-04,0.25287,0.5476
863,1,9.920071e-04,0.21937,0.4080
864,1,9.919789e-04,0.16198,0.3860
865,1,9.919506e-04,0.27843,0.5899
866,1,9.919222e-04,0.14522,0.3534
867,1,9.918938e-04,0.22779,0.4209
868,1,9.918654e-04,0.18306,0.3737
869,1,9.918369e-04,0.27971,0.4629
870,1,9.918084e-04,0.22758,0.4049
871,1,9.917798e-04,0.19115,0.6350
872,1,9.917512e-04,0.24207,0.3779
873,1,9.917225e-04,0.20442,0.4949
874,1,9.916938e-04,0.21635,0.5804
875,1,9.916650e-04,0.20353,0.4163
876,1,9.916361e-04,0.21640,0.4601
877,1,9.916073e-04,0.23465,0.3933
878,1,9.915783e-04,0.24969,0.4316
879,1,9.915494e-04,0.16882,0.3119
880,1,9.915203e-04,0.22813,0.4061
881,1,9.914913e-04,0.22507,0.5062
882,1,9.914621e-04,0.16773,0.3922
883,1,9.914330e-04,0.19949,0.3196
884,1,9.914037e-04,0.22940,0.6122
885,1,9.913745e-04,0.22048,0.4553
886,1,9.913451e-04,0.23008,0.4182
887,1,9.913158e-04,0.19711,0.3450
888,1,9.912863e-04,0.12857,0.2965
889,1,9.912569e-04,0.18390,0.3823
890,1,9.912273e-04,0.20430,0.3943
891,1,9.911978e-04,0.19793,0.4658
892,1,9.911681e-04,0.17116,0.3780
893,1,9.911385e-04,0.15392,0.3246
894,1,9.911088e-04,0.18291,0.3670
895,1,9.910790e-04,0.17884,0.5321
896,1,9.910492e-04,0.21162,0.4274
897,1,9.910193e-04,0.16094,0.4657
898,1,9.909894e-04,0.19596,0.4383
899,1,9.909594e-04,0.28246,0.8898
900,1,9.909294e-04,0.29172,0.4875
901,1,9.908994e-04,0.17128,0.4203
902,1,9.908692e-04,0.22217,0.3961
903,1,9.908391e-04,0.15991,0.5646
904,1,9.908089e-04,0.20632,0.4120
905,1,9.907786e-04,0.20075,0.3592
906,1,9.907483e-04,0.19537,0.4620
907,1,9.907179e-04,0.20953,0.3890
908,1,9.906875e-04,0.19537,0.4530
909,1,9.906571e-04,0.17379,0.3245
910,1,9.906266e-04,0.15568,0.4045
911,1,9.905960e-04,0.17615,0.5031
912,1,9.905654e-04,0.17882,0.4740
913,1,9.905348e-04,0.20790,0.3826
914,1,9.905041e-04,0.21890,0.3822
915,1,9.904733e-04,0.19160,0.3502
916,1,9.904425e-04,0.20727,0.3685
917,1,9.904116e-04,0.22795,0.4309
918,1,9.903807e-04,0.19667,0.3869
919,1,9.903498e-04,0.15402,0.3370
920,1,9.903188e-04,0.20552,0.3717
921,1,9.902878e-04,0.22357,0.4015
922,1,9.902567e-04,0.24027,0.6440
923,1,9.902255e-04,0.20352,0.5008
924,1,9.901943e-04,0.27887,0.4425
925,1,9.901631e-04,0.21917,0.4311
926,1,9.901318e-04,0.18469,0.4358
927,1,9.901004e-04,0.21937,0.4500
928,1,9.900690e-04,0.24633,0.4027
929,1,9.900376e-04,0.22066,0.3861
930,1,9.900061e-04,0.15617,0.3102
931,1,9.899746e-04,0.18638,0.2946
932,1,9.899430e-04,0.21818,0.3323
933,1,9.899113e-04,0.16910,0.4123
934,1,9.898797e-04,0.15641,0.4335
935,1,9.898479e-04,0.21386,0.3253
936,1,9.898161e-04,0.27212,0.4625
937,1,9.897843e-04,0.26506,0.4883
938,1,9.897524e-04,0.19365,0.4667
939,1,9.897205e-04,0.23168,0.3815
940,1,9.896885e-04,0.22635,0.4661
941,1,9.896565e-04,0.20093,0.2933
942,1,9.896244e-04,0.24850,0.4184
943,1,9.895923e-04,0.17748,0.4868
944,1,9.895601e-04,0.20313,0.5538
945,1,9.895279e-04,0.18027,0.5691
946,1,9.894956e-04,0.23373,0.3830
947,1,9.894633e-04,0.20586,0.6067
948,1,9.894309e-04,0.23830,0.5801
949,1,9.893985e-04,0.22665,0.4770
950,1,9.893660e-04,0.21150,0.3792
951,1,9.893335e-04,0.14865,0.3171
952,1,9.893009e-04,0.19152,0.3443
953,1,9.892683e-04,0.18275,0.4350
954,1,9.892356e-04,0.22661,0.4356
955,1,9.892029e-04,0.15727,0.3185
956,1,9.891701e-04,0.21870,0.4148
957,1,9.891373e-04,0.24747,0.4054
958,1,9.891044e-04,0.17549,0.4363
959,1,9.890715e-04,0.28641,0.4980
960,1,9.890386e-04,0.17072,0.4821
961,1,9.890055e-04,0.20479,0.6377
962,1,9.889725e-04,0.21344,0.3833
963,1,9.889394e-04,0.16201,0.3328
964,1,9.889062e-04,0.17682,0.3203
965,1,9.888730e-04,0.16811,0.4366
966,1,9.888397e-04,0.18770,0.4548
967,1,9.888064e-04,0.16646,0.3884
968,1,9.887731e-04,0.21011,0.3721
969,1,9.887397e-04,0.17390,0.3804
970,1,9.887062e-04,0.27317,0.4695
971,1,9.886727e-04,0.24635,0.4522
972,1,9.886392e-04,0.21058,0.3416
973,1,9.886056e-04,0.18427,0.3547
974,1,9.885719e-04,0.19471,0.3590
975,1,9.885382e-04,0.15755,0.3480
976,1,9.885045e-04,0.17617,0.3641
977,1,9.884707e-04,0.18131,0.4684
978,1,9.884368e-04,0.20608,0.4953
979,1,9.884029e-04,0.14987,0.3143
980,1,9.883690e-04,0.18598,0.3442
981,1,9.883350e-04,0.21749,0.5803
982,1,9.883009e-04,0.26561,0.7013
983,1,9.882669e-04,0.16990,0.3808
984,1,9.882327e-04,0.16558,0.5032
985,1,9.881985e-04,0.19540,0.3628
986,1,9.881643e-04,0.17148,0.5419
987,1,9.881300e-04,0.22963,0.4348
988,1,9.880957e-04,0.22013,0.4952
989,1,9.880613e-04,0.18775,0.3733
990,1,9.880268e-04,0.21764,0.5023
991,1,9.879924e-04,0.17864,0.3563
992,1,9.879578e-04,0.19216,0.4415
993,1,9.879233e-04,0.18472,0.5877
994,1,9.878886e-04,0.20436,0.3804
995,1,9.878539e-04,0.16068,0.3996
996,1,9.878192e-04,0.15224,0.4066
997,1,9.877844e-04,0.17801,0.4014
998,1,9.877496e-04,0.26978,0.5570
999,1,9.877147e-04,0.19526,0.3731
1000,1,9.876798e-04,0.15555,0.2876
1001,1,9.876448e-04,0.21875,0.3225
1002,1,9.876098e-04,0.20527,0.3933
1003,1,9.875748e-04,0.22777,0.3795
1004,1,9.875396e-04,0.18555,0.3341
1005,1,9.875045e-04,0.20427,0.3475
1006,1,9.874693e-04,0.20279,0.3930
1007,1,9.874340e-04,0.21503,0.3471
1008,1,9.873987e-04,0.18980,0.5010
1009,1,9.873633e-04,0.18805,0.2995
1010,1,9.873279e-04,0.19082,0.3375
1011,1,9.872924e-04,0.19759,0.4289
1012,1,9.872569e-04,0.16940,0.3271
1013,1,9.872214e-04,0.17343,0.3075
1014,1,9.871858e-04,0.18597,0.3870
1015,1,9.871501e-04,0.15245,0.3046
1016,1,9.871144e-04,0.16371,0.3130
1017,1,9.870786e-04,0.16896,0.4242
1018,1,9.870428e-04,0.17065,0.4519
1019,1,9.870070e-04,0.17016,0.3447
1020,1,9.869711e-04,0.14144,0.3316
1021,1,9.869351e-04,0.20283,0.4111
1022,1,9.868991e-04,0.15965,0.4127
1023,1,9.868631e-04,0.23381,0.4508
1024,1,9.868270e-04,0.15851,0.3725
1025,1,9.867908e-04,0.16241,0.3686
1026,1,9.867547e-04,0.19301,0.5040
1027,1,9.867184e-04,0.21520,0.5048
1028,1,9.866821e-04,0.13589,0.3998
1029,1,9.866458e-04,0.20890,0.4723
1030,1,9.866094e-04,0.18670,0.6345
1031,1,9.865730e-04,0.17664,0.5072
1032,1,9.865365e-04,0.15725,0.3934
1033,1,9.864999e-04,0.19366,0.3910
1034,1,9.864633e-04,0.18446,0.3575
1035,1,9.864267e-04,0.18601,0.3532
1036,1,9.863900e-04,0.24307,0.5671
1037,1,9.863533e-04,0.28861,0.6755
1038,1,9.863165e-04,0.13859,0.4372
1039,1,9.862797e-04,0.22091,0.4949
1040,1,9.862428e-04,0.20826,0.3909
1041,1,9.862059e-04,0.20633,0.5118
1042,1,9.861689e-04,0.23790,0.6753
1043,1,9.861319e-04,0.17064,0.4268
1044,1,9.860948e-04,0.21183,0.3337
1045,1,9.860577e-04,0.22291,0.3744
1046,1,9.860205e-04,0.19892,0.4508
1047,1,9.859833e-04,0.18788,0.4160
1048,1,9.859460e-04,0.19636,0.3609
1049,1,9.859087e-04,0.17629,0.3039
1050,1,9.858714e-04,0.20269,0.3598
1051,1,9.858340e-04,0.16152,0.2785
1052,1,9.857965e-04,0.15502,0.3002
1053,1,9.857590e-04,0.19087,0.3271
1054,1,9.857214e-04,0.18023,0.3641
1055,1,9.856838e-04,0.19959,0.4366
1056,1,9.856462e-04,0.16399,0.4601
1057,1,9.856085e-04,0.21823,0.3668
1058,1,9.855707e-04,0.21408,0.6737
1059,1,9.855329e-04,0.22842,0.5403
1060,1,9.854950e-04,0.15780,0.5027
1061,1,9.854571e-04,0.21140,0.3867
1062,1,9.854192e-04,0.16976,0.3545
1063,1,9.853812e-04,0.16473,0.3835
1064,1,9.853432e-04,0.24724,0.6575
1065,1,9.853051e-04,0.21978,0.6605
1066,1,9.852669e-04,0.18720,0.4180
1067,1,9.852287e-04,0.23559,0.4260
1068,1,9.851905e-04,0.23206,0.4020
1069,1,9.851522e-04,0.22539,0.4239
1070,1,9.851139e-04,0.23349,0.4565
1071,1,9.850755e-04,0.18064,0.3827
1072,1,9.850370e-04,0.18751,0.3476
1073,1,9.849985e-04,0.18198,0.4378
1074,1,9.849600e-04,0.15359,0.3329
1075,1,9.849214e-04,0.24327,0.4935
1076,1,9.848828e-04,0.22876,0.3499
1077,1,9.848441e-04,0.19482,0.3726
1078,1,9.848054e-04,0.15555,0.3740
1079,1,9.847666e-04,0.14952,0.3407
1080,1,9.847278e-04,0.15296,0.3275
1081,1,9.846889e-04,0.20050,0.3280
1082,1,9.846500e-04,0.15119,0.2825
1083,1,9.846110e-04,0.16364,0.4501
1084,1,9.845720e-04,0.20331,0.3476
1085,1,9.845329e-04,0.15886,0.3029
1086,1,9.844938e-04,0.15487,0.3111
1087,1,9.844547e-04,0.21283,0.3901
1088,1,9.844155e-04,0.15236,0.3094
1089,1,9.843762e-04,0.21698,0.5340
1090,1,9.843369e-04,0.11518,0.2681
1091,1,9.842975e-04,0.23514,0.4335
1092,1,9.842581e-04,0.16132,0.4850
1093,1,9.842187e-04,0.17523,0.3914
1094,1,9.841792e-04,0.20850,0.3812
1095,1,9.841396e-04,0.17554,0.3548
1096,1,9.841000e-04,0.12342,0.2907
1097,1,9.840603e-04,0.18543,0.4318
1098,1,9.840206e-04,0.16207,0.3657
1099,1,9.839809e-04,0.20001,0.4495
1100,1,9.839411e-04,0.21167,0.4498
1101,1,9.839013e-04,0.16910,0.3195
1102,1,9.838614e-04,0.15137,0.3014
1103,1,9.838214e-04,0.18413,0.3846
1104,1,9.837814e-04,0.19000,0.3596
1105,1,9.837414e-04,0.23488,0.4720
1106,1,9.837013e-04,0.21446,0.5281
1107,1,9.836612e-04,0.16798,0.4443
1108,1,9.836210e-04,0.14647,0.3024
1109,1,9.835808e-04,0.16850,0.3437
1110,1,9.835405e-04,0.21836,0.8282
1111,1,9.835002e-04,0.16519,0.5100
1112,1,9.834598e-04,0.15694,0.3344
1113,1,9.834193e-04,0.22976,0.3834
1114,1,9.833789e-04,0.23675,0.4871
1115,1,9.833384e-04,0.21368,0.4946
1116,1,9.832978e-04,0.15589,0.4231
1117,1,9.832572e-04,0.19620,0.3452
1118,1,9.832165e-04,0.15876,0.3242
1119,1,9.831758e-04,0.18777,0.4469
1120,1,9.831350e-04,0.16151,0.4014
1121,1,9.830942e-04,0.13754,0.3028
1122,1,9.830533e-04,0.16092,0.5033
1123,1,9.830124e-04,0.22939,0.5892
1124,1,9.829715e-04,0.15054,0.3436
1125,1,9.829305e-04,0.19629,0.3659
1126,1,9.828894e-04,0.18408,0.5138
1127,1,9.828483e-04,0.23758,0.4233
1128,1,9.828071e-04,0.20956,0.4671
1129,1,9.827659e-04,0.17985,0.3413
1130,1,9.827247e-04,0.17047,0.3731
1131,1,9.826834e-04,0.21468,0.5436
1132,1,9.826421e-04,0.14721,0.4279
1133,1,9.826007e-04,0.18625,0.3428
1134,1,9.825592e-04,0.17158,0.3502
1135,1,9.825177e-04,0.20482,0.3665
1136,1,9.824762e-04,0.18128,0.3321
1137,1,9.824346e-04,0.27474,0.5217
1138,1,9.823930e-04,0.16663,0.4277
1139,1,9.823513e-04,0.22159,0.3496
1140,1,9.823095e-04,0.17442,0.3969
1141,1,9.822678e-04,0.16000,0.2992
1142,1,9.822259e-04,0.20807,0.5026
1143,1,9.821841e-04,0.16763,0.3006
1144,1,9.821421e-04,0.24346,0.5973
1145,1,9.821001e-04,0.17496,0.3521
1146,1,9.820581e-04,0.18436,0.4113
1147,1,9.820161e-04,0.22795,0.4342
1148,1,9.819739e-04,0.19420,0.2797
1149,1,9.819318e-04,0.14173,0.2764
1150,1,9.818895e-04,0.21859,0.3153
1151,1,9.818473e-04,0.16808,0.2729
1152,1,9.818050e-04,0.18291,0.3261
1153,1,9.817626e-04,0.19266,0.2878
1154,1,9.817202e-04,0.21489,0.3171
1155,1,9.816777e-04,0.14699,0.2982
1156,1,9.816352e-04,0.15835,0.3063
1157,1,9.815927e-04,0.18494,0.2928
1158,1,9.815501e-04,0.23058,0.3558
1159,1,9.815074e-04,0.18196,0.3711
1160,1,9.814647e-04,0.21624,0.3814
1161,1,9.814220e-04,0.21109,0.3959
1162,1,9.813792e-04,0.22251,0.4543
1163,1,9.813363e-04,0.20638,0.4224
1164,1,9.812935e-04,0.23666,0.3697
1165,1,9.812505e-04,0.20666,0.3820
1166,1,9.812075e-04,0.19316,0.3135
1167,1,9.811645e-04,0.20433,0.3663
1168,1,9.811214e-04,0.23804,0.3662
1169,1,9.810783e-04,0.18163,0.4828
1170,1,9.810351e-04,0.23130,0.5263
1171,1,9.809919e-04,0.15823,0.3382
1172,1,9.809486e-04,0.21854,0.3910
1173,1,9.809052e-04,0.21256,0.3557
1174,1,9.808619e-04,0.24273,0.4947
1175,1,9.808185e-04,0.17008,0.3394
1176,1,9.807750e-04,0.17355,0.3104
1177,1,9.807315e-04,0.19615,0.3075
1178,1,9.806879e-04,0.14648,0.3391
1179,1,9.806443e-04,0.19915,0.3147
1180,1,9.806006e-04,0.20215,0.3907
1181,1,9.805569e-04,0.18814,0.3800
1182,1,9.805131e-04,0.18950,0.3162
1183,1,9.804693e-04,0.19085,0.3053
1184,1,9.804255e-04,0.18657,0.3033
1185,1,9.803816e-04,0.22804,0.3458
1186,1,9.803376e-04,0.18663,0.3036
1187,1,9.802936e-04,0.21002,0.4429
1188,1,9.802496e-04,0.18115,0.3481
1189,1,9.802055e-04,0.18482,0.3128
1190,1,9.801613e-04,0.14055,0.3033
1191,1,9.801171e-04,0.25053,0.3828
1192,1,9.800729e-04,0.21642,0.4596
1193,1,9.800286e-04,0.27443,0.6797
1194,1,9.799843e-04,0.19034,0.2895
1195,1,9.799399e-04,0.14945,0.2805
1196,1,9.798955e-04,0.16023,0.2794
1197,1,9.798510e-04,0.24206,0.6682
1198,1,9.798064e-04,0.19231,0.4456
1199,1,9.797619e-04,0.18664,0.3361
1200,1,9.797172e-04,0.15494,0.3164
1201,1,9.796726e-04,0.20958,0.3213
1202,1,9.796278e-04,0.16335,0.3147
1203,1,9.795831e-04,0.16627,0.3410
1204,1,9.795383e-04,0.24673,0.4785
1205,1,9.794934e-04,0.15313,0.2732
1206,1,9.794485e-04,0.15535,0.3371
1207,1,9.794035e-04,0.23559,0.3370
1208,1,9.793585e-04,0.19629,0.2997
1209,1,9.793134e-04,0.15330,0.2777
1210,1,9.792683e-04,0.14808,0.2733
1211,1,9.792232e-04,0.20651,0.4410
1212,1,9.791780e-04,0.17896,0.3880
1213,1,9.791327e-04,0.20246,0.4589
1214,1,9.790874e-04,0.15524,0.3449
1215,1,9.790421e-04,0.19807,0.3652
1216,1,9.789967e-04,0.24836,0.5400
1217,1,9.789512e-04,0.24635,0.3996
1218,1,9.789058e-04,0.16391,0.3290
1219,1,9.788602e-04,0.19848,0.5194
1220,1,9.788146e-04,0.17312,0.4154
1221,1,9.787690e-04,0.25434,0.4033
1222,1,9.787233e-04,0.21657,0.4086
1223,1,9.786776e-04,0.20276,0.3305
1224,1,9.786318e-04,0.17309,0.2967
1225,1,9.785860e-04,0.16654,0.2695
1226,1,9.785401e-04,0.13967,0.2527
1227,1,9.784942e-04,0.25381,0.3528
1228,1,9.784482e-04,0.17597,0.3658
1229,1,9.784022e-04,0.17341,0.3012
1230,1,9.783561e-04,0.19134,0.3382
1231,1,9.783100e-04,0.14735,0.2834
1232,1,9.782638e-04,0.15956,0.2900
1233,1,9.782176e-04,0.17695,0.4294
1234,1,9.781714e-04,0.17379,0.3175
1235,1,9.781251e-04,0.20128,0.3237
1236,1,9.780787e-04,0.18587,0.3139
1237,1,9.780323e-04,0.13675,0.2909
1238,1,9.779859e-04,0.19004,0.3277
1239,1,9.779394e-04,0.19946,0.3699
1240,1,9.778928e-04,0.17928,0.4104
1241,1,9.778462e-04,0.15781,0.3497
1242,1,9.777996e-04,0.22816,0.5375
1243,1,9.777529e-04,0.24124,0.4286
1244,1,9.777062e-04,0.13992,0.3229
1245,1,9.776594e-04,0.20872,0.4095
1246,1,9.776126e-04,0.16614,0.3537
1247,1,9.775657e-04,0.16061,0.3544
1248,1,9.775187e-04,0.21371,0.6107
1249,1,9.774718e-04,0.14003,0.4532
1250,1,9.774247e-04,0.19059,0.3263
1251,1,9.773777e-04,0.14920,0.4056
1252,1,9.773306e-04,0.17382,0.3085
1253,1,9.772834e-04,0.19074,0.4413
1254,1,9.772362e-04,0.20880,0.5133
1255,1,9.771889e-04,0.18049,0.4594
1256,1,9.771416e-04,0.24181,0.4373
1257,1,9.770942e-04,0.17096,0.3138
1258,1,9.770468e-04,0.18745,0.3455
1259,1,9.769994e-04,0.20337,0.3936
1260,1,9.769519e-04,0.18038,0.3137
1261,1,9.769043e-04,0.17746,0.2968
1262,1,9.768567e-04,0.14328,0.3346
1263,1,9.768091e-04,0.20984,0.3671
1264,1,9.767614e-04,0.22220,0.5179
1265,1,9.767136e-04,0.17859,0.3685
1266,1,9.766659e-04,0.18777,0.2997
1267,1,9.766180e-04,0.15893,0.3799
1268,1,9.765701e-04,0.18696,0.2930
1269,1,9.765222e-04,0.19345,0.2884
1270,1,9.764742e-04,0.16104,0.2825
1271,1,9.764262e-04,0.21344,0.4491
1272,1,9.763781e-04,0.14199,0.2853
1273,1,9.763300e-04,0.21388,0.4141
1274,1,9.762818e-04,0.12119,0.2561
1275,1,9.762336e-04,0.18616,0.3437
1276,1,9.761853e-04,0.14508,0.2815
1277,1,9.761370e-04,0.19313,0.3107
1278,1,9.760887e-04,0.16567,0.5904
1279,1,9.760403e-04,0.26942,0.4425
1280,1,9.759918e-04,0.21468,0.3648
1281,1,9.759433e-04,0.20020,0.4365
1282,1,9.758948e-04,0.11458,0.3258
1283,1,9.758462e-04,0.19736,0.3308
1284,1,9.757975e-04,0.19604,0.3528
1285,1,9.757488e-04,0.16625,0.3018
1286,1,9.757001e-04,0.15848,0.2768
1287,1,9.756513e-04,0.15986,0.3157
1288,1,9.756024e-04,0.14586,0.3890
1289,1,9.755536e-04,0.15741,0.4034
1290,1,9.755046e-04,0.16850,0.3113
1291,1,9.754556e-04,0.13683,0.3004
1292,1,9.754066e-04,0.14472,0.3744
1293,1,9.753575e-04,0.24983,0.6358
1294,1,9.753084e-04,0.23933,0.4044
1295,1,9.752592e-04,0.19291,0.3543
1296,1,9.752100e-04,0.21965,0.5619
1297,1,9.751608e-04,0.15878,0.4002
1298,1,9.751114e-04,0.16917,0.4635
1299,1,9.750621e-04,0.16585,0.5071
1300,1,9.750127e-04,0.15996,0.2968
1301,1,9.749632e-04,0.16360,0.3421
1302,1,9.749137e-04,0.12712,0.3654
1303,1,9.748642e-04,0.15130,0.2996
1304,1,9.748146e-04,0.16787,0.3223
1305,1,9.747649e-04,0.22953,0.5415
1306,1,9.747152e-04,0.25550,0.5008
1307,1,9.746655e-04,0.21482,0.4216
1308,1,9.746157e-04,0.18634,0.3861
1309,1,9.745659e-04,0.14264,0.2943
1310,1,9.745160e-04,0.17424,0.3663
1311,1,9.744660e-04,0.17748,0.3173
1312,1,9.744161e-04,0.19184,0.3855
1313,1,9.743660e-04,0.18853,0.3377
1314,1,9.743160e-04,0.17258,0.3395
1315,1,9.742658e-04,0.23148,0.4224
1316,1,9.742157e-04,0.14950,0.2814
1317,1,9.741654e-04,0.22085,0.4461
1318,1,9.741152e-04,0.17037,0.3319
1319,1,9.740649e-04,0.16294,0.3335
1320,1,9.740145e-04,0.15846,0.3768
1321,1,9.739641e-04,0.22063,0.4992
1322,1,9.739136e-04,0.14475,0.4891
1323,1,9.738631e-04,0.19503,0.3480
1324,1,9.738126e-04,0.17574,0.2968
1325,1,9.737620e-04,0.18587,0.4610
1326,1,9.737114e-04,0.17112,0.4810
1327,1,9.736607e-04,0.22530,0.3915
1328,1,9.736099e-04,0.15679,0.3570
1329,1,9.735591e-04,0.16399,0.3030
1330,1,9.735083e-04,0.15742,0.3449
1331,1,9.734574e-04,0.18777,0.3132
1332,1,9.734065e-04,0.14942,0.4524
1333,1,9.733555e-04,0.18183,0.3186
1334,1,9.733045e-04,0.17815,0.3752
1335,1,9.732534e-04,0.20312,0.3805
1336,1,9.732023e-04,0.16007,0.3226
1337,1,9.731511e-04,0.20209,0.3821
1338,1,9.730999e-04,0.17371,0.3998
1339,1,9.730487e-04,0.19504,0.3651
1340,1,9.729973e-04,0.12631,0.2490
1341,1,9.729460e-04,0.19699,0.3253
1342,1,9.728946e-04,0.14672,0.4562
1343,1,9.728431e-04,0.20942,0.4143
1344,1,9.727916e-04,0.19340,0.4157
1345,1,9.727401e-04,0.14424,0.4409
1346,1,9.726885e-04,0.17948,0.3469
1347,1,9.726369e-04,0.17728,0.5059
1348,1,9.725852e-04,0.17491,0.3834
1349,1,9.725334e-04,0.15150,0.3317
1350,1,9.724817e-04,0.14927,0.5056
1351,1,9.724298e-04,0.23142,0.3757
1352,1,9.723780e-04,0.21408,0.4019
1353,1,9.723260e-04,0.17266,0.3049
1354,1,9.722741e-04,0.19132,0.3010
1355,1,9.722220e-04,0.23253,0.3737
1356,1,9.721700e-04,0.18356,0.3068
1357,1,9.721179e-04,0.22508,0.3323
1358,1,9.720657e-04,0.18262,0.3136
1359,1,9.720135e-04,0.20928,0.3251
1360,1,9.719612e-04,0.17864,0.3804
1361,1,9.719089e-04,0.14085,0.2983
1362,1,9.718566e-04,0.19686,0.2833
1363,1,9.718042e-04,0.15157,0.3088
1364,1,9.717518e-04,0.15068,0.3099
1365,1,9.716993e-04,0.15256,0.3049
1366,1,9.716467e-04,0.16831,0.2609
1367,1,9.715941e-04,0.20674,0.3719
1368,1,9.715415e-04,0.16958,0.3054
1369,1,9.714888e-04,0.25563,0.3882
1370,1,9.714361e-04,0.15288,0.2988
1371,1,9.713833e-04,0.17044,0.3691
1372,1,9.713305e-04,0.15059,0.2716
1373,1,9.712776e-04,0.16051,0.3174
1374,1,9.712247e-04,0.20247,0.3380
1375,1,9.711718e-04,0.17151,0.3410
1376,1,9.711188e-04,0.18319,0.3166
1377,1,9.710657e-04,0.13854,0.2863
1378,1,9.710126e-04,0.19203,0.3200
1379,1,9.709594e-04,0.18698,0.3372
1380,1,9.709062e-04,0.15768,0.3356
1381,1,9.708530e-04,0.20611,0.4328
1382,1,9.707997e-04,0.20575,0.3966
1383,1,9.707464e-04,0.18125,0.3691
1384,1,9.706930e-04,0.20002,0.3720
1385,1,9.706395e-04,0.20822,0.3673
1386,1,9.705861e-04,0.23100,0.3317
1387,1,9.705325e-04,0.21305,0.3387
1388,1,9.704790e-04,0.19083,0.3394
1389,1,9.704253e-04,0.19899,0.2911
1390,1,9.703717e-04,0.17253,0.3147
1391,1,9.703180e-04,0.16426,0.3756
1392,1,9.702642e-04,0.18505,0.3005
1393,1,9.702104e-04,0.18167,0.3552
1394,1,9.701565e-04,0.14129,0.2562
1395,1,9.701026e-04,0.14661,0.2892
1396,1,9.700487e-04,0.16507,0.3069
1397,1,9.699947e-04,0.17939,0.3197
1398,1,9.699406e-04,0.20601,0.4247
1399,1,9.698865e-04,0.21808,0.3381
1400,1,9.698324e-04,0.17481,0.3384
1401,1,9.697782e-04,0.16935,0.2763
1402,1,9.697240e-04,0.20315,0.3663
1403,1,9.696697e-04,0.19110,0.3219
1404,1,9.696154e-04,0.11391,0.3862
1405,1,9.695610e-04,0.14549,0.2782
1406,1,9.695066e-04,0.13596,0.2820
1407,1,9.694521e-04,0.21953,0.5377
1408,1,9.693976e-04,0.18269,0.4120
1409,1,9.693430e-04,0.20858,0.4152
1410,1,9.692884e-04,0.16863,0.4794
1411,1,9.692337e-04,0.16396,0.3398
1412,1,9.691790e-04,0.16388,0.3465
1413,1,9.691243e-04,0.14891,0.2798
1414,1,9.690695e-04,0.18470,0.7250
1415,1,9.690146e-04,0.17672,0.4125
1416,1,9.689598e-04,0.17262,0.3651
1417,1,9.689048e-04,0.14568,0.3343
1418,1,9.688498e-04,0.19770,0.4102
1419,1,9.687948e-04,0.13366,0.2865
1420,1,9.687397e-04,0.24708,0.6649
1421,1,9.686846e-04,0.15897,0.4312
1422,1,9.686294e-04,0.21313,0.4830
1423,1,9.685742e-04,0.14017,0.3239
1424,1,9.685189e-04,0.14271,0.2788
1425,1,9.684636e-04,0.09971,0.3392
1426,1,9.684083e-04,0.22676,0.3774
1427,1,9.683528e-04,0.16585,0.3116
1428,1,9.682974e-04,0.17823,0.3038
1429,1,9.682419e-04,0.17575,0.3631
1430,1,9.681863e-04,0.22380,0.3741
1431,1,9.681307e-04,0.15840,0.2996
1432,1,9.680751e-04,0.12979,0.2943
1433,1,9.680194e-04,0.17959,0.3236
1434,1,9.679637e-04,0.21307,0.3836
1435,1,9.679079e-04,0.15158,0.3128
1436,1,9.678521e-04,0.21570,0.3360
1437,1,9.677962e-04,0.12851,0.2420
1438,1,9.677403e-04,0.13850,0.2770
1439,1,9.676843e-04,0.19628,0.4079
1440,1,9.676283e-04,0.19912,0.3448
1441,1,9.675722e-04,0.13348,0.3110
1442,1,9.675161e-04,0.17218,0.3480
1443,1,9.674600e-04,0.14466,0.3011
1444,1,9.674037e-04,0.17099,0.3142
1445,1,9.673475e-04,0.14717,0.3195
1446,1,9.672912e-04,0.28417,0.6090
1447,1,9.672349e-04,0.22947,0.3911
1448,1,9.671785e-04,0.20292,0.5031
1449,1,9.671220e-04,0.22627,0.4052
1450,1,9.670655e-04,0.17798,0.3659
1451,1,9.670090e-04,0.19174,0.5895
1452,1,9.669524e-04,0.14793,0.3485
1453,1,9.668958e-04,0.19162,0.2676
1454,1,9.668391e-04,0.19476,0.5206
1455,1,9.667824e-04,0.12423,0.2999
1456,1,9.667257e-04,0.18179,0.3343
1457,1,9.666688e-04,0.14187,0.2681
1458,1,9.666120e-04,0.13941,0.3119
1459,1,9.665551e-04,0.20793,0.3752
1460,1,9.664981e-04,0.14729,0.4417
1461,1,9.664411e-04,0.19666,0.3014
1462,1,9.663841e-04,0.18554,0.2962
1463,1,9.663270e-04,0.17105,0.3157
1464,1,9.662699e-04,0.17328,0.4154
1465,1,9.662127e-04,0.18050,0.3745
1466,1,9.661554e-04,0.18500,0.4932
1467,1,9.660982e-04,0.19061,0.4991
1468,1,9.660408e-04,0.23275,0.4116
1469,1,9.659835e-04,0.17173,0.5162
1470,1,9.659260e-04,0.22658,0.4002
1471,1,9.658686e-04,0.16454,0.3068
1472,1,9.658111e-04,0.18157,0.5343
1473,1,9.657535e-04,0.19919,0.5062
1474,1,9.656959e-04,0.17551,0.3278
1475,1,9.656383e-04,0.16639,0.2857
1476,1,9.655806e-04,0.19109,0.4338
1477,1,9.655228e-04,0.15449,0.3736
1478,1,9.654650e-04,0.21452,0.5194
1479,1,9.654072e-04,0.18600,0.4242
1480,1,9.653493e-04,0.17020,0.3752
1481,1,9.652914e-04,0.16217,0.2811
1482,1,9.652334e-04,0.17278,0.5115
1483,1,9.651754e-04,0.17162,0.3478
1484,1,9.651173e-04,0.17223,0.3197
1485,1,9.650592e-04,0.20774,0.4856
1486,1,9.650010e-04,0.14481,0.2615
1487,1,9.649428e-04,0.16292,0.3781
1488,1,9.648846e-04,0.19461,0.3777
1489,1,9.648263e-04,0.20875,0.7036
1490,1,9.647679e-04,0.16292,0.3500
1491,1,9.647095e-04,0.18207,0.4588
1492,1,9.646511e-04,0.15444,0.3021
1493,1,9.645926e-04,0.19371,0.3428
1494,1,9.645340e-04,0.21210,0.4083
1495,1,9.644755e-04,0.23989,0.4345
1496,1,9.644168e-04,0.20823,0.5246
1497,1,9.643582e-04,0.20876,0.3447
1498,1,9.642994e-04,0.15556,0.3043
1499,1,9.642407e-04,0.14631,0.2863
1500,1,9.641819e-04,0.16813,0.3540
1501,1,9.641230e-04,0.12615,0.2666
1502,1,9.640641e-04,0.20186,0.4444
1503,1,9.640051e-04,0.21661,0.3967
1504,1,9.639461e-04,0.16617,0.3242
1505,1,9.638871e-04,0.12998,0.2426
1506,1,9.638280e-04,0.20919,0.3409
1507,1,9.637689e-04,0.17985,0.4010
1508,1,9.637097e-04,0.17716,0.3358
1509,1,9.636504e-04,0.15564,0.2773
1510,1,9.635912e-04,0.15757,0.2717
1511,1,9.635318e-04,0.18203,0.3130
1512,1,9.634725e-04,0.18278,0.4028
1513,1,9.634131e-04,0.13034,0.2993
1514,1,9.633536e-04,0.17196,0.3016
1515,1,9.632941e-04,0.17678,0.3086
1516,1,9.632345e-04,0.12778,0.3065
1517,1,9.631749e-04,0.13189,0.2650
1518,1,9.631153e-04,0.16128,0.4212
1519,1,9.630556e-04,0.19077,0.4661
1520,1,9.629958e-04,0.13480,0.2867
1521,1,9.629361e-04,0.18154,0.3277
1522,1,9.628762e-04,0.11292,0.2252
1523,1,9.628163e-04,0.12502,0.3417
1524,1,9.627564e-04,0.24586,0.4705
1525,1,9.626964e-04,0.19094,0.3937
1526,1,9.626364e-04,0.24018,0.3980
1527,1,9.625764e-04,0.16079,0.3759
1528,1,9.625162e-04,0.15926,0.2660
1529,1,9.624561e-04,0.17267,0.3174
1530,1,9.623959e-04,0.17608,0.3820
1531,1,9.623356e-04,0.17937,0.4496
1532,1,9.622753e-04,0.20222,0.3334
1533,1,9.622150e-04,0.14211,0.2857
1534,1,9.621546e-04,0.17278,0.3630
1535,1,9.620942e-04,0.12350,0.2613
1536,1,9.620337e-04,0.16316,0.2876
1537,1,9.619732e-04,0.15157,0.3480
1538,1,9.619126e-04,0.11088,0.2371
1539,1,9.618520e-04,0.21411,0.3446
1540,1,9.617913e-04,0.17282,0.3019
1541,1,9.617306e-04,0.20460,0.3631
1542,1,9.616698e-04,0.16254,0.4221
1543,1,9.616090e-04,0.16582,0.3163
1544,1,9.615482e-04,0.23096,0.3857
1545,1,9.614873e-04,0.20007,0.3898
1546,1,9.614263e-04,0.10701,0.2483
1547,1,9.613653e-04,0.13699,0.2798
1548,1,9.613043e-04,0.17855,0.3273
1549,1,9.612432e-04,0.22853,0.3579
1550,1,9.611821e-04,0.26164,0.4486
1551,1,9.611209e-04,0.22273,0.4205
1552,1,9.610597e-04,0.13698,0.3012
1553,1,9.609984e-04,0.14537,0.2815
1554,1,9.609371e-04,0.13522,0.2880
1555,1,9.608758e-04,0.19966,0.3385
1556,1,9.608144e-04,0.14073,0.3163
1557,1,9.607529e-04,0.15494,0.3056
1558,1,9.606914e-04,0.16765,0.2885
1559,1,9.606299e-04,0.19217,0.3109
1560,1,9.605683e-04,0.14638,0.2926
1561,1,9.605067e-04,0.12492,0.2527
1562,1,9.604450e-04,0.11979,0.2476
1563,1,9.603832e-04,0.16491,0.3121
1564,1,9.603215e-04,0.23508,0.3795
1565,1,9.602597e-04,0.17332,0.3196
1566,1,9.601978e-04,0.18662,0.3065
1567,1,9.601359e-04,0.12703,0.2597
1568,1,9.600739e-04,0.18331,0.3515
1569,1,9.600119e-04,0.23906,0.4437
1570,1,9.599499e-04,0.22742,0.3603
1571,1,9.598878e-04,0.15870,0.3530
1572,1,9.598256e-04,0.12635,0.2732
1573,1,9.597634e-04,0.13179,0.2678
1574,1,9.597012e-04,0.12297,0.3546
1575,1,9.596389e-04,0.13373,0.2824
1576,1,9.595766e-04,0.25134,0.6810
1577,1,9.595142e-04,0.17264,0.3743
1578,1,9.594518e-04,0.11887,0.3062
1579,1,9.593894e-04,0.21386,0.3966
1580,1,9.593269e-04,0.19306,0.4273
1581,1,9.592643e-04,0.13098,0.2711
1582,1,9.592017e-04,0.19016,0.3393
1583,1,9.591391e-04,0.21666,0.4575
1584,1,9.590764e-04,0.13306,0.2669
1585,1,9.590136e-04,0.14228,0.3040
1586,1,9.589508e-04,0.18358,0.3629
1587,1,9.588880e-04,0.19299,0.4086
1588,1,9.588251e-04,0.12772,0.2525
1589,1,9.587622e-04,0.21809,0.3535
1590,1,9.586992e-04,0.20819,0.3389
1591,1,9.586362e-04,0.13681,0.2763
1592,1,9.585732e-04,0.21953,0.3959
1593,1,9.585101e-04,0.12097,0.2548
1594,1,9.584469e-04,0.13623,0.2742
1595,1,9.583837e-04,0.18439,0.3872
1596,1,9.583205e-04,0.16058,0.3098
1597,1,9.582572e-04,0.21731,0.4420
1598,1,9.581939e-04,0.12844,0.3477
1599,1,9.581305e-04,0.13646,0.2757
1600,1,9.580671e-04,0.17389,0.3247
1601,1,9.580036e-04,0.15437,0.2681
1602,1,9.579401e-04,0.15648,0.2690
1603,1,9.578765e-04,0.14636,0.2890
1604,1,9.578129e-04,0.18093,0.3291
1605,1,9.577492e-04,0.15971,0.4276
1606,1,9.576855e-04,0.15172,0.3686
1607,1,9.576218e-04,0.17005,0.3057
1608,1,9.575580e-04,0.19450,0.4412
1609,1,9.574942e-04,0.18407,0.3573
1610,1,9.574303e-04,0.24183,0.3829
1611,1,9.573664e-04,0.19601,0.3893
1612,1,9.573024e-04,0.19186,0.3206
1613,1,9.572384e-04,0.21367,0.3593
1614,1,9.571743e-04,0.16087,0.3032
1615,1,9.571102e-04,0.12679,0.3060
1616,1,9.570460e-04,0.21486,0.3295
1617,1,9.569818e-04,0.14262,0.2855
1618,1,9.569176e-04,0.16492,0.2594
1619,1,9.568533e-04,0.19878,0.3418
1620,1,9.567889e-04,0.14366,0.3891
1621,1,9.567246e-04,0.16055,0.3348
1622,1,9.566601e-04,0.16444,0.3218
1623,1,9.565957e-04,0.20446,0.3383
1624,1,9.565311e-04,0.16945,0.2984
1625,1,9.564666e-04,0.16078,0.3284
1626,1,9.564019e-04,0.15658,0.2900
1627,1,9.563373e-04,0.22243,0.6647
1628,1,9.562726e-04,0.12261,0.2722
1629,1,9.562078e-04,0.17292,0.3466
1630,1,9.561430e-04,0.15454,0.3932
1631,1,9.560782e-04,0.12933,0.3043
1632,1,9.560133e-04,0.14302,0.2722
1633,1,9.559484e-04,0.21351,0.3584
1634,1,9.558834e-04,0.19254,0.2771
1635,1,9.558184e-04,0.13125,0.2675
1636,1,9.557533e-04,0.19346,0.3537
1637,1,9.556882e-04,0.18416,0.3406
1638,1,9.556230e-04,0.14298,0.4696
1639,1,9.555578e-04,0.18111,0.3054
1640,1,9.554926e-04,0.21020,0.3794
1641,1,9.554273e-04,0.20678,0.3523
1642,1,9.553619e-04,0.16734,0.3449
1643,1,9.552965e-04,0.20175,0.3496
1644,1,9.552311e-04,0.14787,0.2825
1645,1,9.551656e-04,0.18874,0.3421
1646,1,9.551001e-04,0.18162,0.3654
1647,1,9.550345e-04,0.16780,0.4140
1648,1,9.549689e-04,0.15086,0.2777
1649,1,9.549033e-04,0.17328,0.2889
1650,1,9.548376e-04,0.18802,0.3309
1651,1,9.547718e-04,0.15737,0.5350
1652,1,9.547060e-04,0.14427,0.2834
1653,1,9.546402e-04,0.15928,0.3235
1654,1,9.545743e-04,0.16777,0.3209
1655,1,9.545083e-04,0.15439,0.3069
1656,1,9.544424e-04,0.20841,0.3376
1657,1,9.543763e-04,0.11811,0.2670
1658,1,9.543103e-04,0.18613,0.3082
1659,1,9.542442e-04,0.16059,0.2952
1660,1,9.541780e-04,0.16594,0.3605
1661,1,9.541118e-04,0.16043,0.4090
1662,1,9.540455e-04,0.18005,0.3259
1663,1,9.539792e-04,0.24074,0.4235
1664,1,9.539129e-04,0.10858,0.2946
1665,1,9.538465e-04,0.15811,0.3332
1666,1,9.537801e-04,0.14363,0.2731
1667,1,9.537136e-04,0.16697,0.4836
1668,1,9.536471e-04,0.17822,0.4500
1669,1,9.535805e-04,0.12648,0.2916
1670,1,9.535139e-04,0.19100,0.3651
1671,1,9.534472e-04,0.18082,0.3158
1672,1,9.533805e-04,0.17980,0.3667
1673,1,9.533138e-04,0.21885,0.5168
1674,1,9.532470e-04,0.18664,0.3271
1675,1,9.531801e-04,0.20890,0.4795
1676,1,9.531133e-04,0.22777,0.3795
1677,1,9.530463e-04,0.19189,0.2781
1678,1,9.529794e-04,0.15220,0.2963
1679,1,9.529123e-04,0.10438,0.2085
1680,1,9.528453e-04,0.21463,0.3072
1681,1,9.527782e-04,0.23655,0.3678
1682,1,9.527110e-04,0.21429,0.2835
1683,1,9.526438e-04,0.18319,0.4107
1684,1,9.525766e-04,0.18137,0.2683
1685,1,9.525093e-04,0.17375,0.2763
1686,1,9.524419e-04,0.12478,0.2816
1687,1,9.523745e-04,0.13283,0.2126
1688,1,9.523071e-04,0.27703,0.5882
1689,1,9.522396e-04,0.16262,0.3754
1690,1,9.521721e-04,0.17983,0.3148
1691,1,9.521046e-04,0.20045,0.3091
1692,1,9.520369e-04,0.21180,0.3262
1693,1,9.519693e-04,0.19254,0.2743
1694,1,9.519016e-04,0.17354,0.2885
1695,1,9.518338e-04,0.10970,0.2228
1696,1,9.517661e-04,0.18238,0.3032
1697,1,9.516982e-04,0.14839,0.3138
1698,1,9.516303e-04,0.18492,0.3876
1699,1,9.515624e-04,0.17829,0.3243
1700,1,9.514944e-04,0.21449,0.3527
1701,1,9.514264e-04,0.16864,0.4670
1702,1,9.513584e-04,0.21626,0.4343
1703,1,9.512903e-04,0.16423,0.2918
1704,1,9.512221e-04,0.13660,0.2594
1705,1,9.511539e-04,0.22328,0.3733
1706,1,9.510857e-04,0.15534,0.3125
1707,1,9.510174e-04,0.14525,0.2663
1708,1,9.509491e-04,0.14303,0.2778
1709,1,9.508807e-04,0.13268,0.2796
1710,1,9.508123e-04,0.10962,0.2381
1711,1,9.507438e-04,0.17726,0.3403
1712,1,9.506753e-04,0.16326,0.2805
1713,1,9.506067e-04,0.16145,0.2813
1714,1,9.505381e-04,0.15545,0.2811
1715,1,9.504695e-04,0.15575,0.2898
1716,1,9.504008e-04,0.12852,0.2993
1717,1,9.503321e-04,0.20584,0.3683
1718,1,9.502633e-04,0.15543,0.3095
1719,1,9.501945e-04,0.21134,0.4245
1720,1,9.501256e-04,0.20316,0.5621
1721,1,9.500567e-04,0.14057,0.3520
1722,1,9.499877e-04,0.16913,0.3098
1723,1,9.499187e-04,0.17499,0.2980
1724,1,9.498497e-04,0.19191,0.4339
1725,1,9.497806e-04,0.19994,0.3115
1726,1,9.497114e-04,0.13999,0.4249
1727,1,9.496422e-04,0.20440,0.5988
1728,1,9.495730e-04,0.15228,0.2882
1729,1,9.495037e-04,0.15683,0.2871
1730,1,9.494344e-04,0.18797,0.3430
1731,1,9.493651e-04,0.21237,0.3833
1732,1,9.492956e-04,0.17398,0.4127
1733,1,9.492262e-04,0.20449,0.3481
1734,1,9.491567e-04,0.11435,0.2735
1735,1,9.490872e-04,0.14982,0.3233
1736,1,9.490176e-04,0.20423,0.3048
1737,1,9.489479e-04,0.18963,0.3976
1738,1,9.488783e-04,0.16569,0.2901
1739,1,9.488085e-04,0.22730,0.5060
1740,1,9.487388e-04,0.13676,0.2605
1741,1,9.486689e-04,0.18674,0.3062
1742,1,9.485991e-04,0.17858,0.3554
1743,1,9.485292e-04,0.15666,0.2495
1744,1,9.484592e-04,0.17843,0.3410
1745,1,9.483892e-04,0.15912,0.3138
1746,1,9.483192e-04,0.15356,0.2998
1747,1,9.482491e-04,0.16732,0.2917
1748,1,9.481790e-04,0.18409,0.2761
1749,1,9.481088e-04,0.16719,0.3095
1750,1,9.480386e-04,0.17912,0.2684
1751,1,9.479684e-04,0.16595,0.2881
1752,1,9.478981e-04,0.15991,0.3093
1753,1,9.478277e-04,0.11261,0.2510
1754,1,9.477573e-04,0.13880,0.2289
1755,1,9.476869e-04,0.15671,0.3460
1756,1,9.476164e-04,0.14903,0.3425
1757,1,9.475459e-04,0.14317,0.4169
1758,1,9.474753e-04,0.17611,0.3657
1759,1,9.474047e-04,0.20624,0.3276
1760,1,9.473340e-04,0.18717,0.3251
1761,1,9.472633e-04,0.17172,0.2927
1762,1,9.471925e-04,0.15575,0.3305
1763,1,9.471218e-04,0.18936,0.4101
1764,1,9.470509e-04,0.17237,0.3834
1765,1,9.469800e-04,0.11510,0.2874
1766,1,9.469091e-04,0.13868,0.2585
1767,1,9.468381e-04,0.11548,0.2655
1768,1,9.467671e-04,0.16552,0.2978
1769,1,9.466960e-04,0.20181,0.4362
1770,1,9.466249e-04,0.17421,0.3823
1771,1,9.465538e-04,0.20787,0.4432
1772,1,9.464826e-04,0.16157,0.3091
1773,1,9.464113e-04,0.14572,0.4430
1774,1,9.463401e-04,0.12547,0.2774
1775,1,9.462687e-04,0.17112,0.5151
1776,1,9.461973e-04,0.16756,0.3432
1777,1,9.461259e-04,0.21602,0.4678
1778,1,9.460545e-04,0.14869,0.2851
1779,1,9.459829e-04,0.16078,0.2984
1780,1,9.459114e-04,0.15516,0.4486
1781,1,9.458398e-04,0.17872,0.3013
1782,1,9.457682e-04,0.19253,0.3496
1783,1,9.456965e-04,0.17349,0.4705
1784,1,9.456247e-04,0.23601,0.3908
1785,1,9.455530e-04,0.13713,0.3314
1786,1,9.454811e-04,0.12889,0.2661
1787,1,9.454093e-04,0.15728,0.2873
1788,1,9.453374e-04,0.18228,0.4614
1789,1,9.452654e-04,0.17328,0.3342
1790,1,9.451934e-04,0.16112,0.2822
1791,1,9.451214e-04,0.11615,0.2692
1792,1,9.450493e-04,0.15063,0.2788
1793,1,9.449771e-04,0.13620,0.2733
1794,1,9.449050e-04,0.18794,0.3307
1795,1,9.448328e-04,0.19618,0.3596
1796,1,9.447605e-04,0.18503,0.3664
1797,1,9.446882e-04,0.15150,0.2895
1798,1,9.446158e-04,0.12076,0.2832
1799,1,9.445434e-04,0.14878,0.2947
1800,1,9.444710e-04,0.14514,0.3285
1801,1,9.443985e-04,0.15751,0.3002
1802,1,9.443260e-04,0.20050,0.3623
1803,1,9.442534e-04,0.21294,0.3741
1804,1,9.441808e-04,0.19355,0.4459
1805,1,9.441081e-04,0.14952,0.3168
1806,1,9.440354e-04,0.21321,0.3312
1807,1,9.439626e-04,0.21404,0.3729
1808,1,9.438898e-04,0.16758,0.3900
1809,1,9.438170e-04,0.16987,0.3238
1810,1,9.437441e-04,0.16453,0.2738
1811,1,9.436712e-04,0.14791,0.2772
1812,1,9.435982e-04,0.13644,0.2924
1813,1,9.435252e-04,0.14342,0.2620
1814,1,9.434521e-04,0.16473,0.2890
1815,1,9.433790e-04,0.14469,0.2901
1816,1,9.433059e-04,0.14577,0.3862
1817,1,9.432327e-04,0.15313,0.2850
1818,1,9.431594e-04,0.13655,0.2849
1819,1,9.430862e-04,0.21675,0.3492
1820,1,9.430128e-04,0.18183,0.3238
1821,1,9.429395e-04,0.14638,0.2752
1822,1,9.428660e-04,0.14088,0.3369
1823,1,9.427926e-04,0.14460,0.3071
1824,1,9.427191e-04,0.10184,0.2454
1825,1,9.426455e-04,0.13968,0.2635
1826,1,9.425719e-04,0.16325,0.3282
1827,1,9.424983e-04,0.18592,0.2922
1828,1,9.424246e-04,0.17512,0.3429
1829,1,9.423509e-04,0.23370,0.4183
1830,1,9.422771e-04,0.14870,0.3072
1831,1,9.422033e-04,0.13926,0.3760
1832,1,9.421295e-04,0.15871,0.3015
1833,1,9.420555e-04,0.13972,0.2684
1834,1,9.419816e-04,0.17527,0.3213
1835,1,9.419076e-04,0.15157,0.3099
1836,1,9.418336e-04,0.18511,0.3310
1837,1,9.417595e-04,0.16173,0.3561
1838,1,9.416854e-04,0.16472,0.3090
1839,1,9.416112e-04,0.18896,0.3687
1840,1,9.415370e-04,0.18317,0.3348
1841,1,9.414627e-04,0.25020,0.4860
1842,1,9.413884e-04,0.25549,0.5168
1843,1,9.413141e-04,0.19126,0.3219
1844,1,9.412397e-04,0.20837,0.3306
1845,1,9.411653e-04,0.18626,0.4949
1846,1,9.410908e-04,0.15125,0.2553
1847,1,9.410163e-04,0.16399,0.2682
1848,1,9.409417e-04,0.16176,0.2568
1849,1,9.408671e-04,0.14268,0.2503
1850,1,9.407925e-04,0.20578,0.3539
1851,1,9.407178e-04,0.16651,0.3980
1852,1,9.406430e-04,0.12994,0.2819
1853,1,9.405683e-04,0.17558,0.4443
1854,1,9.404934e-04,0.14003,0.2347
1855,1,9.404186e-04,0.13330,0.2417
1856,1,9.403437e-04,0.14900,0.2614
1857,1,9.402687e-04,0.15092,0.3400
1858,1,9.401937e-04,0.20060,0.4893
1859,1,9.401186e-04,0.16871,0.3300
1860,1,9.400436e-04,0.14256,0.3101
1861,1,9.399684e-04,0.14573,0.2850
1862,1,9.398932e-04,0.25835,0.4892
1863,1,9.398180e-04,0.17115,0.3471
1864,1,9.397428e-04,0.16103,0.2817
1865,1,9.396675e-04,0.14826,0.2950
1866,1,9.395921e-04,0.18565,0.3226
1867,1,9.395167e-04,0.16725,0.3686
1868,1,9.394413e-04,0.22953,0.3869
1869,1,9.393658e-04,0.17279,0.3114
1870,1,9.392903e-04,0.16854,0.3548
1871,1,9.392147e-04,0.13878,0.3189
1872,1,9.391391e-04,0.16912,0.3197
1873,1,9.390634e-04,0.15681,0.3012
1874,1,9.389877e-04,0.17717,0.3371
1875,1,9.389120e-04,0.13105,0.2675
1876,1,9.388362e-04,0.21392,0.3103
1877,1,9.387603e-04,0.15461,0.3705
1878,1,9.386845e-04,0.12306,0.2704
1879,1,9.386085e-04,0.13480,0.4098
1880,1,9.385326e-04,0.17096,0.2852
1881,1,9.384566e-04,0.15639,0.3190
1882,1,9.383805e-04,0.14851,0.2752
1883,1,9.383044e-04,0.17553,0.3581
1884,1,9.382283e-04,0.14349,0.2606
1885,1,9.381521e-04,0.22489,0.3444
1886,1,9.380759e-04,0.16074,0.3107
1887,1,9.379996e-04,0.17764,0.2937
1888,1,9.379233e-04,0.18851,0.3037
1889,1,9.378469e-04,0.20872,0.4374
1890,1,9.377705e-04,0.16515,0.4664
1891,1,9.376941e-04,0.20786,0.3604
1892,1,9.376176e-04,0.15007,0.2382
1893,1,9.375410e-04,0.14979,0.2629
1894,1,9.374645e-04,0.17012,0.3277
1895,1,9.373878e-04,0.19965,0.3070
1896,1,9.373112e-04,0.15646,0.2525
1897,1,9.372345e-04,0.19938,0.4148
1898,1,9.371577e-04,0.17163,0.3504
1899,1,9.370809e-04,0.14212,0.2817
1900,1,9.370041e-04,0.14921,0.3713
1901,1,9.369272e-04,0.12310,0.2990
1902,1,9.368503e-04,0.20047,0.4172
1903,1,9.367733e-04,0.17192,0.3345
1904,1,9.366963e-04,0.15795,0.3034
1905,1,9.366192e-04,0.23136,0.3491
1906,1,9.365421e-04,0.12798,0.2344
1907,1,9.364650e-04,0.14873,0.2771
1908,1,9.363878e-04,0.18903,0.3108
1909,1,9.363106e-04,0.16165,0.3530
1910,1,9.362333e-04,0.13960,0.2464
1911,1,9.361560e-04,0.15121,0.2806
1912,1,9.360786e-04,0.13011,0.2862
1913,1,9.360012e-04,0.20076,0.3467
1914,1,9.359238e-04,0.16351,0.2865
1915,1,9.358463e-04,0.17803,0.3171
1916,1,9.357687e-04,0.20996,0.4134
1917,1,9.356912e-04,0.17238,0.2608
1918,1,9.356135e-04,0.11450,0.2445
1919,1,9.355359e-04,0.19353,0.3264
1920,1,9.354582e-04,0.15422,0.3146
1921,1,9.353804e-04,0.17314,0.3643
1922,1,9.353026e-04,0.14342,0.2453
1923,1,9.352248e-04,0.12340,0.2426
1924,1,9.351469e-04,0.16140,0.2761
1925,1,9.350690e-04,0.18144,0.3270
1926,1,9.349910e-04,0.13921,0.2757
1927,1,9.349130e-04,0.20005,0.3388
1928,1,9.348349e-04,0.17159,0.5198
1929,1,9.347569e-04,0.14754,0.3534
1930,1,9.346787e-04,0.17176,0.2679
1931,1,9.346005e-04,0.20535,0.3578
1932,1,9.345223e-04,0.15942,0.2657
1933,1,9.344440e-04,0.18973,0.4402
1934,1,9.343657e-04,0.16374,0.3708
1935,1,9.342874e-04,0.23179,0.4304
1936,1,9.342089e-04,0.16301,0.2926
1937,1,9.341305e-04,0.16269,0.3235
1938,1,9.340520e-04,0.16690,0.3570
1939,1,9.339735e-04,0.22302,0.3319
1940,1,9.338949e-04,0.19091,0.4907
1941,1,9.338163e-04,0.15160,0.3446
1942,1,9.337376e-04,0.12676,0.2502
1943,1,9.336589e-04,0.20260,0.3443
1944,1,9.335802e-04,0.23225,0.3652
1945,1,9.335014e-04,0.15057,0.2380
1946,1,9.334226e-04,0.19407,0.2822
1947,1,9.333437e-04,0.19781,0.3826
1948,1,9.332648e-04,0.15802,0.2936
1949,1,9.331858e-04,0.17234,0.3624
1950,1,9.331068e-04,0.14646,0.3041
1951,1,9.330277e-04,0.18629,0.3636
1952,1,9.329486e-04,0.16643,0.4178
1953,1,9.328695e-04,0.14538,0.2924
1954,1,9.327903e-04,0.14311,0.3386
1955,1,9.327111e-04,0.13471,0.2552
1956,1,9.326318e-04,0.16585,0.3287
1957,1,9.325525e-04,0.11401,0.2701
1958,1,9.324732e-04,0.18935,0.4309
1959,1,9.323938e-04,0.13250,0.5907
1960,1,9.323144e-04,0.14562,0.5123
1961,1,9.322349e-04,0.16634,0.3905
1962,1,9.321554e-04,0.14237,0.2902
1963,1,9.320758e-04,0.17492,0.5356
1964,1,9.319962e-04,0.21871,0.5577
1965,1,9.319165e-04,0.15603,0.4620
1966,1,9.318368e-04,0.19322,0.3315
1967,1,9.317571e-04,0.21388,0.4384
1968,1,9.316773e-04,0.16053,0.4161
1969,1,9.315975e-04,0.14429,0.3745
1970,1,9.315176e-04,0.18348,0.4300
1971,1,9.314377e-04,0.21038,0.4534
1972,1,9.313578e-04,0.12076,0.2943
1973,1,9.312778e-04,0.16169,0.3207
1974,1,9.311977e-04,0.15199,0.3992
1975,1,9.311176e-04,0.21368,0.4261
1976,1,9.310375e-04,0.12716,0.2668
1977,1,9.309573e-04,0.22502,0.3457
1978,1,9.308771e-04,0.13384,0.2887
1979,1,9.307969e-04,0.15647,0.3454
1980,1,9.307166e-04,0.15751,0.2883
1981,1,9.306362e-04,0.16798,0.3704
1982,1,9.305559e-04,0.18502,0.3161
1983,1,9.304754e-04,0.19469,0.3116
1984,1,9.303950e-04,0.17307,0.2854
1985,1,9.303144e-04,0.16585,0.2787
1986,1,9.302339e-04,0.17239,0.3244
1987,1,9.301533e-04,0.16785,0.3046
1988,1,9.300727e-04,0.14617,0.4080
1989,1,9.299920e-04,0.16680,0.3255
1990,1,9.299112e-04,0.14697,0.3117
1991,1,9.298305e-04,0.17952,0.4558
1992,2,9.297497e-04,0.15934,0.2683
1993,2,9.296688e-04,0.18025,0.2885
1994,2,9.295879e-04,0.19246,0.3474
1995,2,9.295070e-04,0.18152,0.4120
1996,2,9.294260e-04,0.19271,0.3020
1997,2,9.293450e-04,0.13374,0.3901
1998,2,9.292639e-04,0.15590,0.3429
1999,2,9.291828e-04,0.18006,0.2835
2000,2,9.291016e-04,0.14071,0.3236
2001,2,9.290204e-04,0.13439,0.2509
2002,2,9.289392e-04,0.20220,0.5417
2003,2,9.288579e-04,0.18411,0.3752
2004,2,9.287766e-04,0.19914,0.3044
2005,2,9.286952e-04,0.18784,0.4484
2006,2,9.286138e-04,0.12218,0.2504
2007,2,9.285324e-04,0.14636,0.2859
2008,2,9.284509e-04,0.18986,0.5017
2009,2,9.283693e-04,0.18785,0.3437
2010,2,9.282878e-04,0.17460,0.4729
2011,2,9.282061e-04,0.15540,0.3294
2012,2,9.281245e-04,0.15369,0.2878
2013,2,9.280428e-04,0.17100,0.3210
2014,2,9.279610e-04,0.16521,0.3492
2015,2,9.278792e-04,0.13640,0.3139
2016,2,9.277974e-04,0.13439,0.4227
2017,2,9.277155e-04,0.18478,0.3587
2018,2,9.276336e-04,0.13862,0.3189
2019,2,9.275516e-04,0.13434,0.2791
2020,2,9.274696e-04,0.17290,0.2867
2021,2,9.273876e-04,0.17238,0.2591
2022,2,9.273055e-04,0.13362,0.2687
2023,2,9.272233e-04,0.15957,0.3365
2024,2,9.271412e-04,0.19609,0.3268
2025,2,9.270589e-04,0.10531,0.2389
2026,2,9.269767e-04,0.17193,0.3182
2027,2,9.268944e-04,0.14764,0.3397
2028,2,9.268120e-04,0.10225,0.2530
2029,2,9.267296e-04,0.18530,0.2970
2030,2,9.266472e-04,0.12839,0.2694
2031,2,9.265647e-04,0.08380,0.2748
2032,2,9.264822e-04,0.14882,0.3469
2033,2,9.263997e-04,0.17376,0.2992
2034,2,9.263171e-04,0.16702,0.3068
2035,2,9.262344e-04,0.14282,0.2850
2036,2,9.261517e-04,0.13581,0.2782
2037,2,9.260690e-04,0.15772,0.3175
2038,2,9.259862e-04,0.16681,0.3320
2039,2,9.259034e-04,0.16098,0.4062
2040,2,9.258206e-04,0.15198,0.3517
2041,2,9.257377e-04,0.11129,0.3637
2042,2,9.256547e-04,0.11082,0.2589
2043,2,9.255717e-04,0.12121,0.2605
2044,2,9.254887e-04,0.14856,0.2899
2045,2,9.254057e-04,0.14925,0.3120
2046,2,9.253225e-04,0.19542,0.3711
2047,2,9.252394e-04,0.15580,0.2902
2048,2,9.251562e-04,0.16582,0.2874
2049,2,9.250730e-04,0.23245,0.3471
2050,2,9.249897e-04,0.13342,0.2590
2051,2,9.249064e-04,0.12228,0.2684
2052,2,9.248230e-04,0.13656,0.2769
2053,2,9.247396e-04,0.13664,0.3062
2054,2,9.246561e-04,0.24141,0.3913
2055,2,9.245727e-04,0.13226,0.2731
2056,2,9.244891e-04,0.14924,0.2912
2057,2,9.244055e-04,0.15771,0.3008
2058,2,9.243219e-04,0.17565,0.3087
2059,2,9.242383e-04,0.19144,0.3766
2060,2,9.241546e-04,0.15319,0.4823
2061,2,9.240708e-04,0.14015,0.3652
2062,2,9.239870e-04,0.09488,0.2896
2063,2,9.239032e-04,0.16924,0.3300
2064,2,9.238193e-04,0.17827,0.4021
2065,2,9.237354e-04,0.13166,0.2865
2066,2,9.236515e-04,0.17069,0.2923
2067,2,9.235675e-04,0.15643,0.2648
2068,2,9.234834e-04,0.12910,0.2698
2069,2,9.233994e-04,0.15591,0.4151
2070,2,9.233152e-04,0.16762,0.2944
2071,2,9.232311e-04,0.10978,0.2345
2072,2,9.231469e-04,0.16104,0.3347
2073,2,9.230626e-04,0.16542,0.3447
2074,2,9.229783e-04,0.18491,0.3598
2075,2,9.228940e-04,0.15538,0.3505
2076,2,9.228096e-04,0.12484,0.2335
2077,2,9.227252e-04,0.12368,0.2773
2078,2,9.226407e-04,0.18051,0.3154
2079,2,9.225562e-04,0.15074,0.2632
2080,2,9.224717e-04,0.20148,0.3543
2081,2,9.223871e-04,0.10100,0.2566
2082,2,9.223025e-04,0.17342,0.3962
2083,2,9.222178e-04,0.14551,0.3911
2084,2,9.221331e-04,0.14327,0.2982
2085,2,9.220483e-04,0.17828,0.3123
2086,2,9.219635e-04,0.16763,0.3087
2087,2,9.218787e-04,0.13255,0.2459
2088,2,9.217938e-04,0.12796,0.2329
2089,2,9.217089e-04,0.18729,0.3654
2090,2,9.216239e-04,0.17911,0.3237
2091,2,9.215389e-04,0.16339,0.4198
2092,2,9.214539e-04,0.20095,0.3721
2093,2,9.213688e-04,0.15349,0.3129
2094,2,9.212837e-04,0.17130,0.4681
2095,2,9.211985e-04,0.15343,0.3346
2096,2,9.211133e-04,0.15861,0.4753
2097,2,9.210280e-04,0.18175,0.2978
2098,2,9.209427e-04,0.15142,0.2845
2099,2,9.208574e-04,0.18644,0.3116
2100,2,9.207720e-04,0.12263,0.2559
2101,2,9.206866e-04,0.11128,0.2325
2102,2,9.206011e-04,0.17371,0.2883
2103,2,9.205156e-04,0.14442,0.4654
2104,2,9.204301e-04,0.12013,0.2539
2105,2,9.203445e-04,0.11860,0.3238
2106,2,9.202588e-04,0.23427,0.4473
2107,2,9.201732e-04,0.09888,0.2510
2108,2,9.200874e-04,0.13800,0.2527
2109,2,9.200017e-04,0.18375,0.4470
2110,2,9.199159e-04,0.18018,0.6081
2111,2,9.198300e-04,0.14975,0.5255
2112,2,9.197442e-04,0.16272,0.3119
2113,2,9.196582e-04,0.19834,0.3010
2114,2,9.195723e-04,0.17825,0.3315
2115,2,9.194863e-04,0.17646,0.3527
2116,2,9.194002e-04,0.19125,0.5278
2117,2,9.193141e-04,0.22208,0.6558
2118,2,9.192280e-04,0.13345,0.2591
2119,2,9.191418e-04,0.12026,0.2410
2120,2,9.190556e-04,0.18991,0.4024
2121,2,9.189693e-04,0.14795,0.5406
2122,2,9.188830e-04,0.12605,0.2537
2123,2,9.187967e-04,0.10405,0.2446
2124,2,9.187103e-04,0.11396,0.2392
2125,2,9.186239e-04,0.18617,0.3301
2126,2,9.185374e-04,0.14165,0.2661
2127,2,9.184509e-04,0.14746,0.2884
2128,2,9.183643e-04,0.18265,0.3398
2129,2,9.182778e-04,0.13208,0.2822
2130,2,9.181911e-04,0.11306,0.2907
2131,2,9.181044e-04,0.14913,0.3512
2132,2,9.180177e-04,0.17593,0.3140
2133,2,9.179310e-04,0.12826,0.3102
2134,2,9.178442e-04,0.19910,0.3870
2135,2,9.177573e-04,0.17868,0.5065
2136,2,9.176704e-04,0.12015,0.2610
2137,2,9.175835e-04,0.18110,0.5275
2138,2,9.174966e-04,0.15689,0.3370
2139,2,9.174096e-04,0.21936,0.4063
2140,2,9.173225e-04,0.14674,0.3505
2141,2,9.172354e-04,0.16145,0.2969
2142,2,9.171483e-04,0.09984,0.2656
2143,2,9.170611e-04,0.12640,0.4082
2144,2,9.169739e-04,0.17136,0.4733
2145,2,9.168866e-04,0.19955,0.3633
2146,2,9.167993e-04,0.17380,0.2804
2147,2,9.167120e-04,0.16275,0.3138
2148,2,9.166246e-04,0.17868,0.3627
2149,2,9.165372e-04,0.19229,0.4027
2150,2,9.164497e-04,0.15245,0.3724
2151,2,9.163622e-04,0.15149,0.3146
2152,2,9.162747e-04,0.16286,0.2321
2153,2,9.161871e-04,0.20646,0.3497
2154,2,9.160995e-04,0.15435,0.3089
2155,2,9.160118e-04,0.18557,0.3043
2156,2,9.159241e-04,0.13043,0.2578
2157,2,9.158363e-04,0.18983,0.4282
2158,2,9.157485e-04,0.14494,0.4054
2159,2,9.156607e-04,0.10539,0.2149
2160,2,9.155728e-04,0.15538,0.3067
2161,2,9.154849e-04,0.12999,0.2357
2162,2,9.153969e-04,0.13139,0.2446
2163,2,9.153089e-04,0.14846,0.2660
2164,2,9.152209e-04,0.19464,0.3141
2165,2,9.151328e-04,0.14085,0.4051
2166,2,9.150447e-04,0.14764,0.3909
2167,2,9.149565e-04,0.15933,0.3201
2168,2,9.148683e-04,0.18301,0.3259
2169,2,9.147801e-04,0.16254,0.3022
2170,2,9.146918e-04,0.14117,0.2921
2171,2,9.146035e-04,0.16062,0.2881
2172,2,9.145151e-04,0.15146,0.3001
2173,2,9.144267e-04,0.11826,0.3052
2174,2,9.143382e-04,0.13840,0.4225
2175,2,9.142497e-04,0.13311,0.2590
2176,2,9.141612e-04,0.15665,0.2709
2177,2,9.140726e-04,0.14356,0.2963
2178,2,9.139840e-04,0.14274,0.2639
2179,2,9.138953e-04,0.18159,0.3790
2180,2,9.138066e-04,0.14632,0.2755
2181,2,9.137179e-04,0.13237,0.3273
2182,2,9.136291e-04,0.14461,0.2870
2183,2,9.135403e-04,0.11827,0.2847
2184,2,9.134514e-04,0.17723,0.2974
2185,2,9.133625e-04,0.14725,0.2739
2186,2,9.132736e-04,0.18338,0.3516
2187,2,9.131846e-04,0.11686,0.2990
2188,2,9.130955e-04,0.23568,0.3809
2189,2,9.130065e-04,0.12511,0.2918
2190,2,9.129174e-04,0.18011,0.3195
2191,2,9.128282e-04,0.18554,0.3031
2192,2,9.127390e-04,0.14369,0.2872
2193,2,9.126498e-04,0.15035,0.2907
2194,2,9.125605e-04,0.11142,0.2494
2195,2,9.124712e-04,0.08201,0.2059
2196,2,9.123818e-04,0.13759,0.3470
2197,2,9.122924e-04,0.21116,0.3993
2198,2,9.122030e-04,0.18240,0.2920
2199,2,9.121135e-04,0.22061,0.4291
2200,2,9.120240e-04,0.15923,0.3499
2201,2,9.119344e-04,0.13230,0.2740
2202,2,9.118448e-04,0.18685,0.3240
2203,2,9.117552e-04,0.12611,0.2721
2204,2,9.116655e-04,0.16495,0.2552
2205,2,9.115758e-04,0.18198,0.2753
2206,2,9.114860e-04,0.16301,0.3244
2207,2,9.113962e-04,0.16034,0.3134
2208,2,9.113064e-04,0.17206,0.2840
2209,2,9.112165e-04,0.12282,0.2775
2210,2,9.111265e-04,0.21405,0.4203
2211,2,9.110366e-04,0.15526,0.3208
2212,2,9.109466e-04,0.12366,0.2353
2213,2,9.108565e-04,0.13600,0.2734
2214,2,9.107664e-04,0.15245,0.2784
2215,2,9.106763e-04,0.16785,0.3230
2216,2,9.105861e-04,0.10812,0.2651
2217,2,9.104959e-04,0.13896,0.3392
2218,2,9.104056e-04,0.12728,0.3026
2219,2,9.103153e-04,0.19558,0.4109
2220,2,9.102250e-04,0.22035,0.3427
2221,2,9.101346e-04,0.17248,0.3617
2222,2,9.100442e-04,0.15333,0.3163
2223,2,9.099537e-04,0.19237,0.3165
2224,2,9.098632e-04,0.16354,0.2806
2225,2,9.097727e-04,0.17732,0.3096
2226,2,9.096821e-04,0.13595,0.2695
2227,2,9.095915e-04,0.10983,0.2447
2228,2,9.095008e-04,0.17453,0.3527
2229,2,9.094101e-04,0.11294,0.2485
2230,2,9.093194e-04,0.16966,0.4599
2231,2,9.092286e-04,0.14334,0.3048
2232,2,9.091378e-04,0.16897,0.4768
2233,2,9.090469e-04,0.11493,0.2504
2234,2,9.089560e-04,0.10275,0.2627
2235,2,9.088650e-04,0.13594,0.3401
2236,2,9.087741e-04,0.15239,0.3118
2237,2,9.086830e-04,0.12944,0.2884
2238,2,9.085920e-04,0.20679,0.4509
2239,2,9.085009e-04,0.15387,0.3487
2240,2,9.084097e-04,0.15189,0.4247
2241,2,9.083185e-04,0.15133,0.3625
2242,2,9.082273e-04,0.13214,0.2896
2243,2,9.081360e-04,0.18215,0.4208
2244,2,9.080447e-04,0.19647,0.3704
2245,2,9.079533e-04,0.15051,0.4590
2246,2,9.078620e-04,0.11350,0.2417
2247,2,9.077705e-04,0.13129,0.2606
2248,2,9.076790e-04,0.10833,0.2577
2249,2,9.075875e-04,0.13395,0.2487
2250,2,9.074960e-04,0.11426,0.3148
2251,2,9.074044e-04,0.14022,0.3256
2252,2,9.073127e-04,0.13792,0.3280
2253,2,9.072211e-04,0.22089,0.4594
2254,2,9.071293e-04,0.14606,0.2665
2255,2,9.070376e-04,0.25042,0.5322
2256,2,9.069458e-04,0.12306,0.3270
2257,2,9.068540e-04,0.13155,0.3135
2258,2,9.067621e-04,0.15026,0.3888
2259,2,9.066702e-04,0.16168,0.3552
2260,2,9.065782e-04,0.14167,0.2882
2261,2,9.064862e-04,0.15414,0.2545
2262,2,9.063942e-04,0.18940,0.4692
2263,2,9.063021e-04,0.13943,0.2692
2264,2,9.062100e-04,0.16309,0.2912
2265,2,9.061178e-04,0.20449,0.4634
2266,2,9.060256e-04,0.15576,0.2855
2267,2,9.059334e-04,0.13904,0.2434
2268,2,9.058411e-04,0.20852,0.3051
2269,2,9.057488e-04,0.12595,0.2437
2270,2,9.056564e-04,0.16349,0.4006
2271,2,9.055640e-04,0.13488,0.2810
2272,2,9.054715e-04,0.12376,0.3192
2273,2,9.053791e-04,0.13456,0.3069
2274,2,9.052865e-04,0.12090,0.2238
2275,2,9.051940e-04,0.09202,0.2130
2276,2,9.051014e-04,0.18631,0.5153
2277,2,9.050087e-04,0.15774,0.4113
2278,2,9.049160e-04,0.11739,0.2648
2279,2,9.048233e-04,0.15874,0.3057
2280,2,9.047306e-04,0.14322,0.2746
2281,2,9.046378e-04,0.21837,0.3810
2282,2,9.045449e-04,0.18426,0.3588
2283,2,9.044520e-04,0.15177,0.2705
2284,2,9.043591e-04,0.21270,0.3820
2285,2,9.042661e-04,0.16569,0.3553
2286,2,9.041731e-04,0.23158,0.4629
2287,2,9.040801e-04,0.10834,0.2958
2288,2,9.039870e-04,0.14280,0.2876
2289,2,9.038939e-04,0.19064,0.3753
2290,2,9.038007e-04,0.15557,0.3004
2291,2,9.037075e-04,0.12778,0.2431
2292,2,9.036143e-04,0.20078,0.3115
2293,2,9.035210e-04,0.16332,0.2948
2294,2,9.034276e-04,0.17119,0.2700
2295,2,9.033343e-04,0.11691,0.2364
2296,2,9.032409e-04,0.12305,0.2498
2297,2,9.031474e-04,0.14180,0.2614
2298,2,9.030539e-04,0.16275,0.3146
2299,2,9.029604e-04,0.16562,0.3159
2300,2,9.028669e-04,0.13142,0.2731
2301,2,9.027732e-04,0.18672,0.3730
2302,2,9.026796e-04,0.18860,0.3235
2303,2,9.025859e-04,0.15010,0.3358
2304,2,9.024922e-04,0.15513,0.3138
2305,2,9.023984e-04,0.12949,0.2468
2306,2,9.023046e-04,0.11552,0.2775
2307,2,9.022108e-04,0.16913,0.3026
2308,2,9.021169e-04,0.17121,0.3795
2309,2,9.020230e-04,0.15570,0.3025
2310,2,9.019290e-04,0.15432,0.2730
2311,2,9.018350e-04,0.17019,0.3613
2312,2,9.017410e-04,0.20688,0.3361
2313,2,9.016469e-04,0.12332,0.2508
2314,2,9.015528e-04,0.20774,0.3707
2315,2,9.014586e-04,0.19390,0.3582
2316,2,9.013644e-04,0.17942,0.4117
2317,2,9.012701e-04,0.12850,0.2759
2318,2,9.011759e-04,0.10870,0.2624
2319,2,9.010815e-04,0.14883,0.3023
2320,2,9.009872e-04,0.15130,0.4144
2321,2,9.008928e-04,0.15568,0.2844
2322,2,9.007983e-04,0.12837,0.2578
2323,2,9.007038e-04,0.18409,0.3273
2324,2,9.006093e-04,0.20099,0.3850
2325,2,9.005148e-04,0.12695,0.3587
2326,2,9.004202e-04,0.14412,0.3132
2327,2,9.003255e-04,0.15297,0.2855
2328,2,9.002308e-04,0.16478,0.3058
2329,2,9.001361e-04,0.19894,0.3046
2330,2,9.000414e-04,0.19646,0.3144
2331,2,8.999466e-04,0.14713,0.2802
2332,2,8.998517e-04,0.08060,0.2095
2333,2,8.997568e-04,0.14776,0.3029
2334,2,8.996619e-04,0.13141,0.2383
2335,2,8.995670e-04,0.18856,0.3417
2336,2,8.994720e-04,0.13180,0.2484
2337,2,8.993769e-04,0.14361,0.2969
2338,2,8.992819e-04,0.17389,0.3659
2339,2,8.991867e-04,0.16961,0.3270
2340,2,8.990916e-04,0.12647,0.4007
2341,2,8.989964e-04,0.14849,0.3541
2342,2,8.989012e-04,0.19151,0.2966
2343,2,8.988059e-04,0.16338,0.3293
2344,2,8.987106e-04,0.20739,0.3943
2345,2,8.986152e-04,0.14537,0.2821
2346,2,8.985198e-04,0.11409,0.2525
2347,2,8.984244e-04,0.15625,0.3518
2348,2,8.983289e-04,0.20978,0.3367
2349,2,8.982334e-04,0.15458,0.3309
2350,2,8.981379e-04,0.15733,0.3223
2351,2,8.980423e-04,0.15003,0.2657
2352,2,8.979466e-04,0.23454,0.3564
2353,2,8.978510e-04,0.15290,0.3196
2354,2,8.977553e-04,0.15075,0.3499
2355,2,8.976595e-04,0.13576,0.4105
2356,2,8.975637e-04,0.18557,0.2881
2357,2,8.974679e-04,0.17308,0.2691
2358,2,8.973720e-04,0.14448,0.2332
2359,2,8.972761e-04,0.18108,0.2861
2360,2,8.971802e-04,0.16932,0.3261
2361,2,8.970842e-04,0.11806,0.2670
2362,2,8.969882e-04,0.14244,0.3224
2363,2,8.968921e-04,0.16880,0.4584
2364,2,8.967960e-04,0.12626,0.2831
2365,2,8.966999e-04,0.16423,0.2715
2366,2,8.966037e-04,0.15884,0.2840
2367,2,8.965075e-04,0.14468,0.2763
2368,2,8.964112e-04,0.20556,0.3055
2369,2,8.963149e-04,0.15070,0.2684
2370,2,8.962186e-04,0.12473,0.4049
2371,2,8.961222e-04,0.16619,0.2896
2372,2,8.960258e-04,0.11892,0.2981
2373,2,8.959293e-04,0.13845,0.2570
2374,2,8.958328e-04,0.18954,0.3854
2375,2,8.957363e-04,0.16663,0.3110
2376,2,8.956397e-04,0.12374,0.2766
2377,2,8.955431e-04,0.12358,0.2398
2378,2,8.954465e-04,0.17210,0.4327
2379,2,8.953498e-04,0.10513,0.2644
2380,2,8.952531e-04,0.15886,0.5021
2381,2,8.951563e-04,0.16788,0.4270
2382,2,8.950595e-04,0.12081,0.2830
2383,2,8.949626e-04,0.23805,0.3491
2384,2,8.948657e-04,0.14615,0.2790
2385,2,8.947688e-04,0.12176,0.4049
2386,2,8.946719e-04,0.13412,0.4210
2387,2,8.945749e-04,0.17393,0.3048
2388,2,8.944778e-04,0.12043,0.2699
2389,2,8.943807e-04,0.11806,0.2688
2390,2,8.942836e-04,0.17305,0.3207
2391,2,8.941864e-04,0.16095,0.2736
2392,2,8.940892e-04,0.18829,0.3313
2393,2,8.939920e-04,0.15114,0.2969
2394,2,8.938947e-04,0.13339,0.2875
2395,2,8.937974e-04,0.15645,0.3120
2396,2,8.937001e-04,0.14508,0.2648
2397,2,8.936027e-04,0.14009,0.2670
2398,2,8.935052e-04,0.15277,0.3127
2399,2,8.934078e-04,0.14150,0.3056
2400,2,8.933103e-04,0.19726,0.3236
2401,2,8.932127e-04,0.13814,0.2893
2402,2,8.931151e-04,0.19589,0.3161
2403,2,8.930175e-04,0.16613,0.3841
2404,2,8.929198e-04,0.16386,0.3489
2405,2,8.928221e-04,0.19035,0.3893
2406,2,8.927244e-04,0.14730,0.3194
2407,2,8.926266e-04,0.15888,0.2600
2408,2,8.925288e-04,0.12416,0.2706
2409,2,8.924309e-04,0.19105,0.2806
2410,2,8.923330e-04,0.23647,0.3367
2411,2,8.922351e-04,0.16160,0.2608
2412,2,8.921371e-04,0.20123,0.5839
2413,2,8.920391e-04,0.12910,0.2922
2414,2,8.919410e-04,0.13498,0.2600
2415,2,8.918429e-04,0.13504,0.2948
2416,2,8.917448e-04,0.16597,0.2874
2417,2,8.916466e-04,0.15503,0.3213
2418,2,8.915484e-04,0.22470,0.3534
2419,2,8.914502e-04,0.19685,0.3624
2420,2,8.913519e-04,0.21187,0.3394
2421,2,8.912536e-04,0.17657,0.2514
2422,2,8.911552e-04,0.18962,0.2660
2423,2,8.910568e-04,0.21665,0.2806
2424,2,8.909583e-04,0.14984,0.2271
2425,2,8.908599e-04,0.19267,0.4654
2426,2,8.907613e-04,0.18339,0.4638
2427,2,8.906628e-04,0.13781,0.3006
2428,2,8.905642e-04,0.13875,0.3003
2429,2,8.904656e-04,0.11619,0.2284
2430,2,8.903669e-04,0.12649,0.2572
2431,2,8.902682e-04,0.15814,0.3655
2432,2,8.901694e-04,0.17547,0.3684
2433,2,8.900706e-04,0.14095,0.2821
2434,2,8.899718e-04,0.14663,0.2525
2435,2,8.898729e-04,0.13576,0.2386
2436,2,8.897740e-04,0.17081,0.2721
2437,2,8.896751e-04,0.14765,0.2792
2438,2,8.895761e-04,0.14511,0.2894
2439,2,8.894771e-04,0.18530,0.3433
2440,2,8.893780e-04,0.12328,0.2433
2441,2,8.892789e-04,0.15145,0.2977
2442,2,8.891798e-04,0.14809,0.2905
2443,2,8.890806e-04,0.14370,0.2451
2444,2,8.889814e-04,0.14531,0.2907
2445,2,8.888821e-04,0.15380,0.3437
2446,2,8.887829e-04,0.15924,0.3277
2447,2,8.886835e-04,0.19418,0.3303
2448,2,8.885842e-04,0.15274,0.3935
2449,2,8.884847e-04,0.11134,0.2339
2450,2,8.883853e-04,0.13353,0.2636
2451,2,8.882858e-04,0.16046,0.3034
2452,2,8.881863e-04,0.10866,0.3693
2453,2,8.880867e-04,0.12502,0.3347
2454,2,8.879871e-04,0.19566,0.3305
2455,2,8.878875e-04,0.12235,0.2487
2456,2,8.877878e-04,0.16513,0.3333
2457,2,8.876881e-04,0.18441,0.2982
2458,2,8.875884e-04,0.18513,0.3008
2459,2,8.874886e-04,0.13309,0.2967
2460,2,8.873887e-04,0.13353,0.2782
2461,2,8.872889e-04,0.18541,0.2944
2462,2,8.871890e-04,0.16426,0.2938
2463,2,8.870890e-04,0.17192,0.3278
2464,2,8.869890e-04,0.14949,0.2562
2465,2,8.868890e-04,0.14218,0.2643
2466,2,8.867890e-04,0.11494,0.2199
2467,2,8.866889e-04,0.17764,0.3257
2468,2,8.865887e-04,0.12393,0.2381
2469,2,8.864886e-04,0.13736,0.2627
2470,2,8.863884e-04,0.14330,0.2727
2471,2,8.862881e-04,0.18396,0.2866
2472,2,8.861878e-04,0.11937,0.2340
2473,2,8.860875e-04,0.17577,0.3172
2474,2,8.859871e-04,0.13742,0.3463
2475,2,8.858867e-04,0.18018,0.2835
2476,2,8.857863e-04,0.16188,0.3003
2477,2,8.856858e-04,0.13618,0.2672
2478,2,8.855853e-04,0.14728,0.2663
2479,2,8.854847e-04,0.13076,0.2682
2480,2,8.853841e-04,0.11720,0.2625
2481,2,8.852835e-04,0.15763,0.2341
2482,2,8.851828e-04,0.17713,0.4161
2483,2,8.850821e-04,0.19913,0.3021
2484,2,8.849814e-04,0.09709,0.2315
2485,2,8.848806e-04,0.20018,0.3237
2486,2,8.847798e-04,0.21417,0.3917
2487,2,8.846789e-04,0.11294,0.3327
2488,2,8.845780e-04,0.16839,0.3094
2489,2,8.844771e-04,0.13360,0.2328
2490,2,8.843761e-04,0.21198,0.3909
2491,2,8.842751e-04,0.10137,0.2515
2492,2,8.841741e-04,0.11934,0.3096
2493,2,8.840730e-04,0.17237,0.3644
2494,2,8.839719e-04,0.17149,0.2953
2495,2,8.838707e-04,0.17843,0.2649
2496,2,8.837695e-04,0.14252,0.3145
2497,2,8.836683e-04,0.14705,0.3210
2498,2,8.835670e-04,0.20407,0.4443
2499,2,8.834657e-04,0.12893,0.2338
2500,2,8.833643e-04,0.13900,0.3011
2501,2,8.832629e-04,0.16857,0.3470
2502,2,8.831615e-04,0.11877,0.2125
2503,2,8.830600e-04,0.23368,0.4522
2504,2,8.829585e-04,0.12559,0.4028
2505,2,8.828570e-04,0.15120,0.3636
2506,2,8.827554e-04,0.18359,0.3743
2507,2,8.826538e-04,0.14565,0.2632
2508,2,8.825521e-04,0.09387,0.2318
2509,2,8.824504e-04,0.17878,0.3134
2510,2,8.823487e-04,0.17695,0.3484
2511,2,8.822469e-04,0.12244,0.2899
2512,2,8.821451e-04,0.12344,0.3455
2513,2,8.820433e-04,0.21873,0.3512
2514,2,8.819414e-04,0.16235,0.3126
2515,2,8.818395e-04,0.13630,0.3243
2516,2,8.817375e-04,0.15359,0.3232
2517,2,8.816355e-04,0.18904,0.3957
2518,2,8.815335e-04,0.14181,0.4088
2519,2,8.814314e-04,0.15838,0.2957
2520,2,8.813293e-04,0.10527,0.2260
2521,2,8.812272e-04,0.15299,0.3620
2522,2,8.811250e-04,0.11774,0.2518
2523,2,8.810228e-04,0.12241,0.2394
2524,2,8.809205e-04,0.18347,0.3332
2525,2,8.808182e-04,0.19348,0.3680
2526,2,8.807159e-04,0.13541,0.2342
2527,2,8.806135e-04,0.18111,0.3299
2528,2,8.805111e-04,0.15718,0.3336
2529,2,8.804086e-04,0.20031,0.2873
2530,2,8.803062e-04,0.14069,0.2562
2531,2,8.802036e-04,0.14571,0.2425
2532,2,8.801011e-04,0.18865,0.2745
2533,2,8.799985e-04,0.21570,0.2978
2534,2,8.798958e-04,0.13645,0.2248
2535,2,8.797932e-04,0.16466,0.2907
2536,2,8.796905e-04,0.13017,0.2616
2537,2,8.795877e-04,0.12283,0.2417
2538,2,8.794849e-04,0.19502,0.2862
2539,2,8.793821e-04,0.12163,0.2211
2540,2,8.792792e-04,0.19808,0.3412
2541,2,8.791764e-04,0.14487,0.3156
2542,2,8.790734e-04,0.16928,0.2814
2543,2,8.789704e-04,0.22054,0.3164
2544,2,8.788674e-04,0.15626,0.2648
2545,2,8.787644e-04,0.14065,0.2593
2546,2,8.786613e-04,0.18475,0.2513
2547,2,8.785582e-04,0.12387,0.3053
2548,2,8.784550e-04,0.13579,0.2420
2549,2,8.783518e-04,0.16959,0.3062
2550,2,8.782486e-04,0.16791,0.2587
2551,2,8.781453e-04,0.14401,0.2859
2552,2,8.780420e-04,0.13543,0.2523
2553,2,8.779387e-04,0.15980,0.2553
2554,2,8.778353e-04,0.12385,0.2811
2555,2,8.777319e-04,0.16941,0.3090
2556,2,8.776284e-04,0.14472,0.2961
2557,2,8.775249e-04,0.18017,0.3119
2558,2,8.774214e-04,0.12671,0.2686
2559,2,8.773178e-04,0.16066,0.3257
2560,2,8.772142e-04,0.17081,0.2593
2561,2,8.771106e-04,0.18586,0.2951
2562,2,8.770069e-04,0.12977,0.2806
2563,2,8.769032e-04,0.11457,0.2374
2564,2,8.767994e-04,0.15619,0.3453
2565,2,8.766956e-04,0.13915,0.2818
2566,2,8.765918e-04,0.18417,0.3115
2567,2,8.764879e-04,0.16808,0.2846
2568,2,8.763840e-04,0.15631,0.3214
2569,2,8.762801e-04,0.17807,0.3040
2570,2,8.761761e-04,0.15292,0.2963
2571,2,8.760721e-04,0.08726,0.2993
2572,2,8.759680e-04,0.10538,0.2479
2573,2,8.758639e-04,0.18522,0.3429
2574,2,8.757598e-04,0.14751,0.2891
2575,2,8.756556e-04,0.13371,0.2276
2576,2,8.755514e-04,0.17333,0.3283
2577,2,8.754472e-04,0.16008,0.3322
2578,2,8.753429e-04,0.17323,0.3024
2579,2,8.752386e-04,0.16556,0.2945
2580,2,8.751343e-04,0.14844,0.4738
2581,2,8.750299e-04,0.10236,0.2007
2582,2,8.749255e-04,0.14792,0.3690
2583,2,8.748210e-04,0.18512,0.3549
2584,2,8.747165e-04,0.15870,0.3785
2585,2,8.746120e-04,0.14398,0.2460
2586,2,8.745074e-04,0.11958,0.2870
2587,2,8.744028e-04,0.15753,0.2966
2588,2,8.742981e-04,0.17175,0.2988
2589,2,8.741935e-04,0.14544,0.2928
2590,2,8.740887e-04,0.15233,0.2761
2591,2,8.739840e-04,0.21960,0.3548
2592,2,8.738792e-04,0.16693,0.2928
2593,2,8.737744e-04,0.13364,0.2660
2594,2,8.736695e-04,0.11920,0.3334
2595,2,8.735646e-04,0.18137,0.2879
2596,2,8.734596e-04,0.18590,0.2976
2597,2,8.733547e-04,0.11676,0.2425
2598,2,8.732497e-04,0.15934,0.3982
2599,2,8.731446e-04,0.16853,0.4312
2600,2,8.730395e-04,0.13545,0.2402
2601,2,8.729344e-04,0.17786,0.2938
2602,2,8.728292e-04,0.17739,0.3737
2603,2,8.727240e-04,0.10678,0.2350
2604,2,8.726188e-04,0.16061,0.2996
2605,2,8.725135e-04,0.11733,0.2358
2606,2,8.724082e-04,0.14061,0.2781
2607,2,8.723029e-04,0.10649,0.2239
2608,2,8.721975e-04,0.12233,0.3036
2609,2,8.720921e-04,0.18863,0.3454
2610,2,8.719866e-04,0.16659,0.3532
2611,2,8.718811e-04,0.18596,0.3269
2612,2,8.717756e-04,0.17365,0.3347
2613,2,8.716700e-04,0.15179,0.3039
2614,2,8.715644e-04,0.24752,0.3605
2615,2,8.714588e-04,0.18132,0.4007
2616,2,8.713531e-04,0.11500,0.2492
2617,2,8.712474e-04,0.13977,0.2637
2618,2,8.711417e-04,0.10045,0.2066
2619,2,8.710359e-04,0.12873,0.2723
2620,2,8.709301e-04,0.14122,0.2920
2621,2,8.708242e-04,0.14789,0.2672
2622,2,8.707183e-04,0.10733,0.2205
2623,2,8.706124e-04,0.14072,0.2735
2624,2,8.705064e-04,0.13888,0.2562
2625,2,8.704004e-04,0.19293,0.3304
2626,2,8.702944e-04,0.12395,0.2615
2627,2,8.701883e-04,0.11913,0.2377
2628,2,8.700822e-04,0.17850,0.3099
2629,2,8.699760e-04,0.16376,0.3240
2630,2,8.698698e-04,0.10860,0.2376
2631,2,8.697636e-04,0.14940,0.3327
2632,2,8.696574e-04,0.19356,0.3757
2633,2,8.695511e-04,0.16139,0.3597
2634,2,8.694447e-04,0.13797,0.2592
2635,2,8.693384e-04,0.14824,0.2770
2636,2,8.692319e-04,0.16218,0.2892
2637,2,8.691255e-04,0.17940,0.3578
2638,2,8.690190e-04,0.12852,0.2315
2639,2,8.689125e-04,0.17984,0.3094
2640,2,8.688060e-04,0.10527,0.3491
2641,2,8.686994e-04,0.19149,0.3473
2642,2,8.685928e-04,0.14865,0.4517
2643,2,8.684861e-04,0.11431,0.2382
2644,2,8.683794e-04,0.13764,0.2630
2645,2,8.682727e-04,0.08083,0.2303
2646,2,8.681659e-04,0.11906,0.2675
2647,2,8.680591e-04,0.14062,0.2466
2648,2,8.679523e-04,0.11428,0.2296
2649,2,8.678454e-04,0.22755,0.3685
2650,2,8.677385e-04,0.19650,0.3053
2651,2,8.676315e-04,0.11797,0.2729
2652,2,8.675245e-04,0.09921,0.2141
2653,2,8.674175e-04,0.12485,0.3309
2654,2,8.673104e-04,0.21559,0.4256
2655,2,8.672033e-04,0.11795,0.2561
2656,2,8.670962e-04,0.13748,0.3635
2657,2,8.669890e-04,0.13460,0.2615
2658,2,8.668818e-04,0.18249,0.3702
2659,2,8.667746e-04,0.15235,0.3178
2660,2,8.666673e-04,0.20807,0.4052
2661,2,8.665600e-04,0.19382,0.3790
2662,2,8.664527e-04,0.12986,0.2915
2663,2,8.663453e-04,0.14404,0.2975
2664,2,8.662379e-04,0.12510,0.3013
2665,2,8.661304e-04,0.17457,0.4331
2666,2,8.660229e-04,0.19032,0.2939
2667,2,8.659154e-04,0.13517,0.3282
2668,2,8.658078e-04,0.16211,0.3280
2669,2,8.657002e-04,0.16234,0.2598
2670,2,8.655926e-04,0.13925,0.2357
2671,2,8.654849e-04,0.12781,0.2682
2672,2,8.653772e-04,0.14003,0.2814
2673,2,8.652695e-04,0.14265,0.2486
2674,2,8.651617e-04,0.16505,0.2927
2675,2,8.650539e-04,0.13250,0.2539
2676,2,8.649460e-04,0.12569,0.2884
2677,2,8.648381e-04,0.14590,0.2743
2678,2,8.647302e-04,0.14718,0.2866
2679,2,8.646222e-04,0.18140,0.3330
2680,2,8.645143e-04,0.13627,0.2741
2681,2,8.644062e-04,0.12474,0.2577
2682,2,8.642982e-04,0.13366,0.2471
2683,2,8.641900e-04,0.11635,0.3936
2684,2,8.640819e-04,0.13243,0.2773
2685,2,8.639737e-04,0.14413,0.3130
2686,2,8.638655e-04,0.11592,0.2356
2687,2,8.637573e-04,0.11992,0.2518
2688,2,8.636490e-04,0.15951,0.2920
2689,2,8.635407e-04,0.14659,0.4308
2690,2,8.634323e-04,0.19217,0.3232
2691,2,8.633239e-04,0.12628,0.2830
2692,2,8.632155e-04,0.19831,0.3132
2693,2,8.631070e-04,0.13417,0.2848
2694,2,8.629985e-04,0.20745,0.3785
2695,2,8.628900e-04,0.17027,0.3204
2696,2,8.627814e-04,0.17685,0.4511
2697,2,8.626728e-04,0.11790,0.3256
2698,2,8.625642e-04,0.16870,0.4986
2699,2,8.624555e-04,0.10187,0.2394
2700,2,8.623468e-04,0.15535,0.2831
2701,2,8.622381e-04,0.14319,0.2448
2702,2,8.621293e-04,0.18806,0.4193
2703,2,8.620205e-04,0.16293,0.4562
2704,2,8.619116e-04,0.16549,0.2629
2705,2,8.618027e-04,0.13137,0.3961
2706,2,8.616938e-04,0.22928,0.3902
2707,2,8.615848e-04,0.18719,0.3225
2708,2,8.614758e-04,0.17109,0.4081
2709,2,8.613668e-04,0.18123,0.2651
2710,2,8.612577e-04,0.15329,0.3504
2711,2,8.611486e-04,0.16641,0.2980
2712,2,8.610395e-04,0.16264,0.4209
2713,2,8.609303e-04,0.21140,0.4099
2714,2,8.608211e-04,0.11214,0.2359
2715,2,8.607119e-04,0.16470,0.3175
2716,2,8.606026e-04,0.12184,0.2217
2717,2,8.604933e-04,0.11687,0.2255
2718,2,8.603839e-04,0.14204,0.2539
2719,2,8.602745e-04,0.11098,0.2173
2720,2,8.601651e-04,0.16728,0.2905
2721,2,8.600556e-04,0.12133,0.2369
2722,2,8.599462e-04,0.18389,0.2968
2723,2,8.598366e-04,0.13757,0.2751
2724,2,8.597271e-04,0.15094,0.2603
2725,2,8.596175e-04,0.12859,0.2894
2726,2,8.595078e-04,0.13604,0.2735
2727,2,8.593982e-04,0.19009,0.3646
2728,2,8.592885e-04,0.16776,0.3344
2729,2,8.591787e-04,0.11670,0.2550
2730,2,8.590689e-04,0.10350,0.2532
2731,2,8.589591e-04,0.20496,0.3625
2732,2,8.588493e-04,0.13438,0.2607
2733,2,8.587394e-04,0.14609,0.2565
2734,2,8.586295e-04,0.12606,0.2628
2735,2,8.585195e-04,0.12839,0.3501
2736,2,8.584095e-04,0.09915,0.2222
2737,2,8.582995e-04,0.19883,0.3555
2738,2,8.581895e-04,0.12827,0.2257
2739,2,8.580794e-04,0.13910,0.2582
2740,2,8.579692e-04,0.13756,0.5611
2741,2,8.578591e-04,0.12960,0.2931
2742,2,8.577489e-04,0.15227,0.2575
2743,2,8.576386e-04,0.15656,0.3030
2744,2,8.575284e-04,0.10051,0.2688
2745,2,8.574181e-04,0.15934,0.4005
2746,2,8.573077e-04,0.15678,0.3510
2747,2,8.571973e-04,0.11629,0.3062
2748,2,8.570869e-04,0.15431,0.3813
2749,2,8.569765e-04,0.11485,0.2751
2750,2,8.568660e-04,0.16809,0.2817
2751,2,8.567555e-04,0.13685,0.2745
2752,2,8.566449e-04,0.20014,0.5005
2753,2,8.565344e-04,0.12249,0.4807
2754,2,8.564237e-04,0.15372,0.2865
2755,2,8.563131e-04,0.13691,0.3042
2756,2,8.562024e-04,0.10337,0.2675
2757,2,8.560917e-04,0.15630,0.3288
2758,2,8.559809e-04,0.19585,0.3189
2759,2,8.558701e-04,0.14431,0.2588
2760,2,8.557593e-04,0.18646,0.3094
2761,2,8.556484e-04,0.12199,0.2464
2762,2,8.555375e-04,0.16138,0.3010
2763,2,8.554266e-04,0.13961,0.3795
2764,2,8.553156e-04,0.10506,0.3074
2765,2,8.552046e-04,0.16355,0.2851
2766,2,8.550936e-04,0.19071,0.3922
2767,2,8.549825e-04,0.14866,0.5024
2768,2,8.548714e-04,0.14797,0.2344
2769,2,8.547602e-04,0.12313,0.2168
2770,2,8.546490e-04,0.16504,0.2969
2771,2,8.545378e-04,0.12233,0.2311
2772,2,8.544266e-04,0.15779,0.3878
2773,2,8.543153e-04,0.18649,0.2995
2774,2,8.542040e-04,0.24237,0.3532
2775,2,8.540926e-04,0.21294,0.2986
2776,2,8.539812e-04,0.16809,0.3547
2777,2,8.538698e-04,0.19218,0.3024
2778,2,8.537583e-04,0.11937,0.2459
2779,2,8.536469e-04,0.13436,0.2579
2780,2,8.535353e-04,0.11172,0.2286
2781,2,8.534238e-04,0.11121,0.2333
2782,2,8.533122e-04,0.13621,0.2556
2783,2,8.532005e-04,0.10749,0.2341
2784,2,8.530889e-04,0.11365,0.2883
2785,2,8.529772e-04,0.13447,0.3314
2786,2,8.528654e-04,0.18024,0.3007
2787,2,8.527537e-04,0.15684,0.3131
2788,2,8.526419e-04,0.16473,0.3129
2789,2,8.525300e-04,0.12351,0.2235
2790,2,8.524181e-04,0.17880,0.3339
2791,2,8.523062e-04,0.18895,0.4304
2792,2,8.521943e-04,0.23350,0.4367
2793,2,8.520823e-04,0.13057,0.2643
2794,2,8.519703e-04,0.12395,0.2554
2795,2,8.518582e-04,0.13616,0.2542
2796,2,8.517462e-04,0.13280,0.2475
2797,2,8.516340e-04,0.17735,0.4212
2798,2,8.515219e-04,0.08734,0.2124
2799,2,8.514097e-04,0.11050,0.2263
2800,2,8.512975e-04,0.10661,0.2580
2801,2,8.511852e-04,0.14168,0.2915
2802,2,8.510729e-04,0.12345,0.2319
2803,2,8.509606e-04,0.15154,0.2637
2804,2,8.508483e-04,0.13585,0.2942
2805,2,8.507359e-04,0.16655,0.2496
2806,2,8.506234e-04,0.19168,0.3464
2807,2,8.505110e-04,0.19774,0.3624
2808,2,8.503985e-04,0.15885,0.2704
2809,2,8.502860e-04,0.18539,0.3011
2810,2,8.501734e-04,0.15246,0.4884
2811,2,8.500608e-04,0.15567,0.3545
2812,2,8.499482e-04,0.16979,0.3134
2813,2,8.498355e-04,0.13891,0.2829
2814,2,8.497228e-04,0.16253,0.2991
2815,2,8.496100e-04,0.16439,0.2646
2816,2,8.494973e-04,0.10705,0.2345
2817,2,8.493845e-04,0.14490,0.3009
2818,2,8.492716e-04,0.18471,0.3772
2819,2,8.491588e-04,0.13326,0.2580
2820,2,8.490458e-04,0.16391,0.3173
2821,2,8.489329e-04,0.18675,0.2797
2822,2,8.488199e-04,0.13881,0.2877
2823,2,8.487069e-04,0.11457,0.2780
2824,2,8.485939e-04,0.13966,0.2561
2825,2,8.484808e-04,0.21662,0.3287
2826,2,8.483677e-04,0.10275,0.2269
2827,2,8.482545e-04,0.17674,0.2982
2828,2,8.481413e-04,0.16891,0.3468
2829,2,8.480281e-04,0.14116,0.2845
2830,2,8.479149e-04,0.16056,0.2806
2831,2,8.478016e-04,0.14460,0.3235
2832,2,8.476883e-04,0.15418,0.3307
2833,2,8.475749e-04,0.15900,0.2688
2834,2,8.474615e-04,0.17095,0.2772
2835,2,8.473481e-04,0.11153,0.2516
2836,2,8.472347e-04,0.20469,0.2812
2837,2,8.471212e-04,0.19882,0.2726
2838,2,8.470077e-04,0.10339,0.2302
2839,2,8.468941e-04,0.12953,0.2313
2840,2,8.467805e-04,0.15842,0.2958
2841,2,8.466669e-04,0.13185,0.2497
2842,2,8.465532e-04,0.15445,0.2489
2843,2,8.464395e-04,0.16310,0.2675
2844,2,8.463258e-04,0.15786,0.3574
2845,2,8.462120e-04,0.07741,0.1954
2846,2,8.460982e-04,0.12813,0.2591
2847,2,8.459844e-04,0.15163,0.2746
2848,2,8.458706e-04,0.13787,0.2886
2849,2,8.457567e-04,0.14732,0.2995
2850,2,8.456427e-04,0.13728,0.2511
2851,2,8.455288e-04,0.16761,0.2954
2852,2,8.454148e-04,0.18946,0.2701
2853,2,8.453007e-04,0.15131,0.4781
2854,2,8.451867e-04,0.09351,0.2536
2855,2,8.450726e-04,0.16119,0.3385
2856,2,8.449584e-04,0.18091,0.3964
2857,2,8.448443e-04,0.13756,0.2769
2858,2,8.447301e-04,0.12813,0.3193
2859,2,8.446158e-04,0.11910,0.2562
2860,2,8.445016e-04,0.14970,0.3468
2861,2,8.443873e-04,0.21059,0.3151
2862,2,8.442729e-04,0.19459,0.3524
2863,2,8.441585e-04,0.14150,0.3340
2864,2,8.440441e-04,0.19389,0.2600
2865,2,8.439297e-04,0.14234,0.2677
2866,2,8.438152e-04,0.17355,0.2959
2867,2,8.437007e-04,0.16931,0.3510
2868,2,8.435862e-04,0.18549,0.3026
2869,2,8.434716e-04,0.13128,0.2352
2870,2,8.433570e-04,0.08541,0.2389
2871,2,8.432424e-04,0.11624,0.2355
2872,2,8.431277e-04,0.15591,0.3455
2873,2,8.430130e-04,0.16127,0.2876
2874,2,8.428982e-04,0.15260,0.2665
2875,2,8.427835e-04,0.12882,0.2640
2876,2,8.426687e-04,0.15720,0.2567
2877,2,8.425538e-04,0.11227,0.3054
2878,2,8.424389e-04,0.14338,0.3066
2879,2,8.423240e-04,0.14503,0.2939
2880,2,8.422091e-04,0.12855,0.2795
2881,2,8.420941e-04,0.15469,0.3206
2882,2,8.419791e-04,0.19032,0.4258
2883,2,8.418641e-04,0.12326,0.3277
2884,2,8.417490e-04,0.14270,0.2742
2885,2,8.416339e-04,0.14221,0.2686
2886,2,8.415187e-04,0.10443,0.3929
2887,2,8.414036e-04,0.13632,0.4357
2888,2,8.412884e-04,0.11889,0.2496
2889,2,8.411731e-04,0.15594,0.5000
2890,2,8.410578e-04,0.18208,0.3639
2891,2,8.409425e-04,0.14805,0.2387
2892,2,8.408272e-04,0.15577,0.2986
2893,2,8.407118e-04,0.14231,0.5293
2894,2,8.405964e-04,0.19042,0.4907
2895,2,8.404809e-04,0.17724,0.3864
2896,2,8.403655e-04,0.14657,0.3893
2897,2,8.402500e-04,0.13875,0.3021
2898,2,8.401344e-04,0.14092,0.2704
2899,2,8.400188e-04,0.15779,0.2439
2900,2,8.399032e-04,0.16647,0.2901
2901,2,8.397876e-04,0.15444,0.5059
2902,2,8.396719e-04,0.16238,0.4950
2903,2,8.395562e-04,0.16216,0.3329
2904,2,8.394404e-04,0.16031,0.3080
2905,2,8.393247e-04,0.12014,0.2399
2906,2,8.392089e-04,0.11574,0.2752
2907,2,8.390930e-04,0.15624,0.4430
2908,2,8.389771e-04,0.14477,0.2433
2909,2,8.388612e-04,0.18858,0.3084
2910,2,8.387453e-04,0.15287,0.2423
2911,2,8.386293e-04,0.14127,0.2853
2912,2,8.385133e-04,0.15461,0.2939
2913,2,8.383973e-04,0.13769,0.2505
2914,2,8.382812e-04,0.13202,0.2257
2915,2,8.381651e-04,0.15375,0.2637
2916,2,8.380489e-04,0.13271,0.3306
2917,2,8.379328e-04,0.09337,0.2233
2918,2,8.378165e-04,0.18184,0.2983
2919,2,8.377003e-04,0.14056,0.3124
2920,2,8.375840e-04,0.16775,0.3236
2921,2,8.374677e-04,0.16905,0.3375
2922,2,8.373514e-04,0.14708,0.2394
2923,2,8.372350e-04,0.15090,0.2778
2924,2,8.371186e-04,0.15036,0.2740
2925,2,8.370022e-04,0.10689,0.2919
2926,2,8.368857e-04,0.18873,0.2875
2927,2,8.367692e-04,0.14586,0.3014
2928,2,8.366526e-04,0.12204,0.3127
2929,2,8.365361e-04,0.14374,0.2958
2930,2,8.364195e-04,0.13390,0.2756
2931,2,8.363028e-04,0.23059,0.3404
2932,2,8.361862e-04,0.12754,0.2702
2933,2,8.360695e-04,0.17167,0.3546
2934,2,8.359527e-04,0.13915,0.2293
2935,2,8.358360e-04,0.13623,0.2508
2936,2,8.357192e-04,0.19889,0.2879
2937,2,8.356023e-04,0.18319,0.2803
2938,2,8.354855e-04,0.14967,0.3159
2939,2,8.353686e-04,0.10486,0.2428
2940,2,8.352516e-04,0.13382,0.2494
2941,2,8.351347e-04,0.16886,0.2868
2942,2,8.350177e-04,0.13843,0.2467
2943,2,8.349006e-04,0.13027,0.2611
2944,2,8.347836e-04,0.16030,0.2502
2945,2,8.346665e-04,0.12960,0.2601
2946,2,8.345493e-04,0.12458,0.2325
2947,2,8.344322e-04,0.11049,0.2378
2948,2,8.343150e-04,0.16475,0.2881
2949,2,8.341977e-04,0.19186,0.2971
2950,2,8.340805e-04,0.15260,0.3661
2951,2,8.339632e-04,0.16787,0.2757
2952,2,8.338459e-04,0.10569,0.2583
2953,2,8.337285e-04,0.14736,0.2320
2954,2,8.336111e-04,0.15590,0.2617
2955,2,8.334937e-04,0.12810,0.2541
2956,2,8.333762e-04,0.13948,0.2743
2957,2,8.332587e-04,0.09738,0.1967
2958,2,8.331412e-04,0.12939,0.2498
2959,2,8.330237e-04,0.16585,0.3242
2960,2,8.329061e-04,0.16078,0.2910
2961,2,8.327885e-04,0.13239,0.2543
2962,2,8.326708e-04,0.18066,0.3355
2963,2,8.325531e-04,0.10036,0.2929
2964,2,8.324354e-04,0.14273,0.2522
2965,2,8.323177e-04,0.12524,0.2608
2966,2,8.321999e-04,0.12455,0.2296
2967,2,8.320821e-04,0.14045,0.2842
2968,2,8.319642e-04,0.12161,0.2262
2969,2,8.318463e-04,0.12983,0.2648
2970,2,8.317284e-04,0.16568,0.3670
2971,2,8.316105e-04,0.16883,0.2935
2972,2,8.314925e-04,0.12907,0.2615
2973,2,8.313745e-04,0.16848,0.2927
2974,2,8.312565e-04,0.13382,0.2932
2975,2,8.311384e-04,0.11489,0.2414
2976,2,8.310203e-04,0.16446,0.3162
2977,2,8.309021e-04,0.16258,0.3803
2978,2,8.307840e-04,0.12802,0.2382
2979,2,8.306658e-04,0.10240,0.2624
2980,2,8.305475e-04,0.09832,0.2726
2981,2,8.304293e-04,0.17985,0.3212
2982,2,8.303110e-04,0.15199,0.2640
2983,2,8.301926e-04,0.14542,0.2876
2984,2,8.300743e-04,0.10309,0.2291
2985,2,8.299559e-04,0.21455,0.3440
2986,2,8.298374e-04,0.13971,0.2677
2987,2,8.297190e-04,0.14834,0.2529
2988,2,8.296005e-04,0.14690,0.2766
2989,2,8.294820e-04,0.11853,0.2932
2990,2,8.293634e-04,0.12462,0.2511
2991,2,8.292448e-04,0.14186,0.2860
2992,2,8.291262e-04,0.15500,0.2629
2993,2,8.290075e-04,0.12644,0.3137
2994,2,8.288889e-04,0.13133,0.2470
2995,2,8.287701e-04,0.12017,0.2799
2996,2,8.286514e-04,0.14155,0.2583
2997,2,8.285326e-04,0.15163,0.2637
2998,2,8.284138e-04,0.14689,0.2500
2999,2,8.282949e-04,0.20329,0.3513
3000,2,8.281761e-04,0.12965,0.3262
3001,2,8.280572e-04,0.11580,0.2402
3002,2,8.279382e-04,0.10933,0.2362
3003,2,8.278192e-04,0.13090,0.2626
3004,2,8.277002e-04,0.15988,0.2824
3005,2,8.275812e-04,0.15805,0.3189
3006,2,8.274621e-04,0.16306,0.3485
3007,2,8.273430e-04,0.09116,0.2294
3008,2,8.272239e-04,0.12593,0.2533
3009,2,8.271047e-04,0.13776,0.3152
3010,2,8.269855e-04,0.14468,0.3035
3011,2,8.268663e-04,0.14375,0.3252
3012,2,8.267470e-04,0.11877,0.2366
3013,2,8.266277e-04,0.14978,0.2534
3014,2,8.265084e-04,0.11846,0.2369
3015,2,8.263890e-04,0.16983,0.5024
3016,2,8.262696e-04,0.11579,0.2684
3017,2,8.261502e-04,0.15036,0.2733
3018,2,8.260308e-04,0.14811,0.2857
3019,2,8.259113e-04,0.13708,0.2521
3020,2,8.257918e-04,0.14263,0.2879
3021,2,8.256722e-04,0.10448,0.2403
3022,2,8.255526e-04,0.12949,0.3261
3023,2,8.254330e-04,0.19115,0.5431
3024,2,8.253134e-04,0.13157,0.2575
3025,2,8.251937e-04,0.09619,0.1891
3026,2,8.250740e-04,0.17311,0.3392
3027,2,8.249543e-04,0.16340,0.3512
3028,2,8.248345e-04,0.16012,0.2961
3029,2,8.247147e-04,0.16614,0.3017
3030,2,8.245948e-04,0.15646,0.2733
3031,2,8.244750e-04,0.14529,0.2574
3032,2,8.243551e-04,0.12557,0.2070
3033,2,8.242352e-04,0.11961,0.3162
3034,2,8.241152e-04,0.13447,0.3266
3035,2,8.239952e-04,0.14615,0.2908
3036,2,8.238752e-04,0.13212,0.2228
3037,2,8.237551e-04,0.11839,0.1946
3038,2,8.236350e-04,0.21486,0.3196
3039,2,8.235149e-04,0.18981,0.2698
3040,2,8.233948e-04,0.12630,0.3874
3041,2,8.232746e-04,0.13206,0.2640
3042,2,8.231544e-04,0.15947,0.2742
3043,2,8.230341e-04,0.16506,0.3827
3044,2,8.229138e-04,0.09319,0.2071
3045,2,8.227935e-04,0.14503,0.2634
3046,2,8.226732e-04,0.15847,0.2798
3047,2,8.225528e-04,0.12705,0.3130
3048,2,8.224324e-04,0.16671,0.2856
3049,2,8.223120e-04,0.09064,0.1996
3050,2,8.221915e-04,0.15669,0.2754
3051,2,8.220710e-04,0.08968,0.1884
3052,2,8.219505e-04,0.16584,0.2791
3053,2,8.218299e-04,0.09258,0.2006
3054,2,8.217093e-04,0.12237,0.2844
3055,2,8.215887e-04,0.14011,0.2707
3056,2,8.214681e-04,0.08719,0.1997
3057,2,8.213474e-04,0.17782,0.2617
3058,2,8.212267e-04,0.12236,0.2746
3059,2,8.211059e-04,0.13345,0.2568
3060,2,8.209851e-04,0.11643,0.2562
3061,2,8.208643e-04,0.14674,0.2444
3062,2,8.207435e-04,0.15743,0.2680
3063,2,8.206226e-04,0.14231,0.2918
3064,2,8.205017e-04,0.13043,0.3519
3065,2,8.203808e-04,0.14611,0.3082
3066,2,8.202598e-04,0.21691,0.3305
3067,2,8.201388e-04,0.15009,0.2874
3068,2,8.200178e-04,0.09084,0.2390
3069,2,8.198967e-04,0.12092,0.2519
3070,2,8.197756e-04,0.22861,0.3708
3071,2,8.196545e-04,0.17718,0.2912
3072,2,8.195333e-04,0.13175,0.2608
3073,2,8.194121e-04,0.15369,0.2982
3074,2,8.192909e-04,0.15794,0.2734
3075,2,8.191697e-04,0.13823,0.2710
3076,2,8.190484e-04,0.13403,0.2699
3077,2,8.189271e-04,0.17219,0.4122
3078,2,8.188057e-04,0.15832,0.3129
3079,2,8.186844e-04,0.13126,0.2383
3080,2,8.185630e-04,0.12434,0.2379
3081,2,8.184415e-04,0.13730,0.2242
3082,2,8.183201e-04,0.13137,0.2816
3083,2,8.181986e-04,0.18927,0.2774
3084,2,8.180771e-04,0.12297,0.2180
3085,2,8.179555e-04,0.16099,0.2794
3086,2,8.178339e-04,0.11674,0.2406
3087,2,8.177123e-04,0.14761,0.2471
3088,2,8.175906e-04,0.11317,0.2228
3089,2,8.174689e-04,0.14752,0.2457
3090,2,8.173472e-04,0.14774,0.2261
3091,2,8.172255e-04,0.14024,0.2161
3092,2,8.171037e-04,0.17317,0.2643
3093,2,8.169819e-04,0.17184,0.2760
3094,2,8.168601e-04,0.09963,0.2018
3095,2,8.167382e-04,0.17991,0.2701
3096,2,8.166163e-04,0.14319,0.2738
3097,2,8.164944e-04,0.15705,0.3654
3098,2,8.163724e-04,0.18731,0.2742
3099,2,8.162504e-04,0.18280,0.2709
3100,2,8.161284e-04,0.15430,0.2458
3101,2,8.160064e-04,0.17123,0.2517
3102,2,8.158843e-04,0.13169,0.2695
3103,2,8.157622e-04,0.14943,0.2685
3104,2,8.156400e-04,0.14584,0.3660
3105,2,8.155178e-04,0.15408,0.2914
3106,2,8.153956e-04,0.13557,0.2615
3107,2,8.152734e-04,0.10157,0.2266
3108,2,8.151511e-04,0.16761,0.3452
3109,2,8.150288e-04,0.14168,0.2480
3110,2,8.149065e-04,0.22101,0.5888
3111,2,8.147841e-04,0.12962,0.2415
3112,2,8.146618e-04,0.11753,0.3725
3113,2,8.145393e-04,0.13072,0.2845
3114,2,8.144169e-04,0.11165,0.2567
3115,2,8.142944e-04,0.13306,0.2945
3116,2,8.141719e-04,0.17806,0.3016
3117,2,8.140493e-04,0.14053,0.3014
3118,2,8.139268e-04,0.13981,0.2573
3119,2,8.138042e-04,0.16057,0.2611
3120,2,8.136815e-04,0.14160,0.2782
3121,2,8.135589e-04,0.17272,0.2892
3122,2,8.134362e-04,0.17574,0.3499
3123,2,8.133134e-04,0.10878,0.2392
3124,2,8.131907e-04,0.14108,0.2729
3125,2,8.130679e-04,0.13752,0.2697
3126,2,8.129451e-04,0.14312,0.2912
3127,2,8.128222e-04,0.13837,0.3522
3128,2,8.126994e-04,0.13276,0.2637
3129,2,8.125765e-04,0.16760,0.3388
3130,2,8.124535e-04,0.14697,0.2934
3131,2,8.123305e-04,0.16004,0.3873
3132,2,8.122075e-04,0.13307,0.2611
3133,2,8.120845e-04,0.18697,0.3098
3134,2,8.119615e-04,0.13057,0.2500
3135,2,8.118384e-04,0.09411,0.1825
3136,2,8.117152e-04,0.14146,0.2575
3137,2,8.115921e-04,0.16114,0.2868
3138,2,8.114689e-04,0.08314,0.2037
3139,2,8.113457e-04,0.13413,0.2661
3140,2,8.112225e-04,0.17064,0.2505
3141,2,8.110992e-04,0.15260,0.2601
3142,2,8.109759e-04,0.10424,0.2846
3143,2,8.108525e-04,0.13221,0.3339
3144,2,8.107292e-04,0.11724,0.2431
3145,2,8.106058e-04,0.15002,0.3091
3146,2,8.104824e-04,0.11049,0.2265
3147,2,8.103589e-04,0.13150,0.2944
3148,2,8.102354e-04,0.19266,0.3434
3149,2,8.101119e-04,0.15882,0.2910
3150,2,8.099884e-04,0.11406,0.2233
3151,2,8.098648e-04,0.18538,0.2836
3152,2,8.097412e-04,0.14611,0.2696
3153,2,8.096175e-04,0.17770,0.2929
3154,2,8.094939e-04,0.16308,0.2798
3155,2,8.093702e-04,0.15797,0.3563
3156,2,8.092465e-04,0.11623,0.2700
3157,2,8.091227e-04,0.10265,0.2400
3158,2,8.089989e-04,0.13435,0.2127
3159,2,8.088751e-04,0.10626,0.2517
3160,2,8.087513e-04,0.11223,0.2753
3161,2,8.086274e-04,0.17512,0.2867
3162,2,8.085035e-04,0.17720,0.3104
3163,2,8.083795e-04,0.13886,0.2784
3164,2,8.082556e-04,0.13468,0.3651
3165,2,8.081316e-04,0.09849,0.2068
3166,2,8.080076e-04,0.13678,0.2853
3167,2,8.078835e-04,0.17089,0.2667
3168,2,8.077594e-04,0.16508,0.3917
3169,2,8.076353e-04,0.19240,0.3754
3170,2,8.075112e-04,0.17887,0.3968
3171,2,8.073870e-04,0.18924,0.2989
3172,2,8.072628e-04,0.18876,0.3471
3173,2,8.071386e-04,0.11012,0.2186
3174,2,8.070143e-04,0.12685,0.2595
3175,2,8.068900e-04,0.12225,0.2252
3176,2,8.067657e-04,0.10508,0.2999
3177,2,8.066413e-04,0.16552,0.2830
3178,2,8.065169e-04,0.11660,0.2304
3179,2,8.063925e-04,0.13822,0.2544
3180,2,8.062681e-04,0.09303,0.1975
3181,2,8.061436e-04,0.10773,0.3123
3182,2,8.060191e-04,0.17752,0.2644
3183,2,8.058946e-04,0.14976,0.2656
3184,2,8.057700e-04,0.11178,0.2385
3185,2,8.056454e-04,0.09451,0.2052
3186,2,8.055208e-04,0.12795,0.3379
3187,2,8.053961e-04,0.11670,0.2660
3188,2,8.052715e-04,0.09818,0.2269
3189,2,8.051468e-04,0.13059,0.3666
3190,2,8.050220e-04,0.12524,0.2765
3191,2,8.048972e-04,0.12961,0.3406
3192,2,8.047724e-04,0.18089,0.3768
3193,2,8.046476e-04,0.16713,0.3370
3194,2,8.045228e-04,0.15708,0.2985
3195,2,8.043979e-04,0.15252,0.2954
3196,2,8.042730e-04,0.13875,0.3450
3197,2,8.041480e-04,0.18882,0.5317
3198,2,8.040230e-04,0.09337,0.3623
3199,2,8.038980e-04,0.14579,0.2923
3200,2,8.037730e-04,0.14363,0.3048
3201,2,8.036479e-04,0.23208,0.3548
3202,2,8.035228e-04,0.15341,0.3194
3203,2,8.033977e-04,0.13014,0.3678
3204,2,8.032726e-04,0.10456,0.2351
3205,2,8.031474e-04,0.11054,0.2391
3206,2,8.030222e-04,0.12166,0.2696
3207,2,8.028969e-04,0.16095,0.2740
3208,2,8.027717e-04,0.18022,0.3097
3209,2,8.026464e-04,0.12536,0.2471
3210,2,8.025210e-04,0.15727,0.3026
3211,2,8.023957e-04,0.21670,0.5418
3212,2,8.022703e-04,0.13053,0.2920
3213,2,8.021449e-04,0.19255,0.2924
3214,2,8.020194e-04,0.18173,0.3066
3215,2,8.018939e-04,0.15248,0.2578
3216,2,8.017684e-04,0.14711,0.2757
3217,2,8.016429e-04,0.18186,0.3001
3218,2,8.015173e-04,0.13966,0.2954
3219,2,8.013917e-04,0.13238,0.2362
3220,2,8.012661e-04,0.20672,0.2672
3221,2,8.011405e-04,0.09248,0.2154
3222,2,8.010148e-04,0.16203,0.2373
3223,2,8.008891e-04,0.19415,0.3408
3224,2,8.007633e-04,0.17868,0.2657
3225,2,8.006376e-04,0.16498,0.2539
3226,2,8.005118e-04,0.13260,0.2843
3227,2,8.003860e-04,0.17353,0.3180
3228,2,8.002601e-04,0.08876,0.2121
3229,2,8.001342e-04,0.14118,0.2833
3230,2,8.000083e-04,0.08510,0.2041
3231,2,7.998824e-04,0.11614,0.2958
3232,2,7.997564e-04,0.17319,0.3045
3233,2,7.996304e-04,0.18617,0.2878
3234,2,7.995044e-04,0.14938,0.2643
3235,2,7.993783e-04,0.12785,0.2829
3236,2,7.992522e-04,0.13946,0.2360
3237,2,7.991261e-04,0.17387,0.2837
3238,2,7.990000e-04,0.11906,0.2762
3239,2,7.988738e-04,0.12144,0.2187
3240,2,7.987476e-04,0.12427,0.2252
3241,2,7.986213e-04,0.13325,0.2579
3242,2,7.984951e-04,0.14623,0.3359
3243,2,7.983688e-04,0.10189,0.2195
3244,2,7.982425e-04,0.08021,0.1796
3245,2,7.981161e-04,0.12160,0.2578
3246,2,7.979897e-04,0.13393,0.3054
3247,2,7.978633e-04,0.15094,0.3053
3248,2,7.977369e-04,0.11828,0.2486
3249,2,7.976104e-04,0.16335,0.3773
3250,2,7.974839e-04,0.09225,0.2333
3251,2,7.973574e-04,0.12313,0.2539
3252,2,7.972309e-04,0.12001,0.2843
3253,2,7.971043e-04,0.16496,0.2952
3254,2,7.969777e-04,0.14080,0.3205
3255,2,7.968511e-04,0.12402,0.3080
3256,2,7.967244e-04,0.17995,0.2893
3257,2,7.965977e-04,0.17692,0.3019
3258,2,7.964710e-04,0.08246,0.2343
3259,2,7.963442e-04,0.09772,0.2262
3260,2,7.962174e-04,0.15583,0.3318
3261,2,7.960906e-04,0.17909,0.3004
3262,2,7.959638e-04,0.12600,0.2432
3263,2,7.958369e-04,0.13981,0.2857
3264,2,7.957100e-04,0.17140,0.2853
3265,2,7.955831e-04,0.17765,0.3147
3266,2,7.954562e-04,0.20312,0.2915
3267,2,7.953292e-04,0.14893,0.2996
3268,2,7.952022e-04,0.15430,0.2969
3269,2,7.950751e-04,0.19432,0.3299
3270,2,7.949481e-04,0.13299,0.2437
3271,2,7.948210e-04,0.11147,0.2155
3272,2,7.946939e-04,0.13654,0.2450
3273,2,7.945667e-04,0.16736,0.2788
3274,2,7.944395e-04,0.14022,0.2685
3275,2,7.943123e-04,0.13126,0.2183
3276,2,7.941851e-04,0.09884,0.2031
3277,2,7.940578e-04,0.12019,0.2352
3278,2,7.939305e-04,0.16113,0.2506
3279,2,7.938032e-04,0.14819,0.2527
3280,2,7.936758e-04,0.15234,0.2749
3281,2,7.935485e-04,0.11508,0.2266
3282,2,7.934211e-04,0.13807,0.2583
3283,2,7.932936e-04,0.14078,0.2596
3284,2,7.931662e-04,0.14268,0.2218
3285,2,7.930387e-04,0.23410,0.3489
3286,2,7.929111e-04,0.16305,0.2663
3287,2,7.927836e-04,0.14968,0.2696
3288,2,7.926560e-04,0.18358,0.2527
3289,2,7.925284e-04,0.16008,0.3255
3290,2,7.924008e-04,0.12150,0.2445
3291,2,7.922731e-04,0.12869,0.2253
3292,2,7.921454e-04,0.10104,0.2207
3293,2,7.920177e-04,0.17962,0.3075
3294,2,7.918900e-04,0.15013,0.3268
3295,2,7.917622e-04,0.12553,0.2346
3296,2,7.916344e-04,0.13038,0.2639
3297,2,7.915065e-04,0.12848,0.2667
3298,2,7.913787e-04,0.09625,0.2098
3299,2,7.912508e-04,0.11954,0.2564
3300,2,7.911229e-04,0.11705,0.2455
3301,2,7.909949e-04,0.13607,0.2803
3302,2,7.908670e-04,0.20719,0.3416
3303,2,7.907390e-04,0.15306,0.2948
3304,2,7.906109e-04,0.11176,0.2517
3305,2,7.904829e-04,0.12072,0.3062
3306,2,7.903548e-04,0.14847,0.2718
3307,2,7.902267e-04,0.16934,0.3170
3308,2,7.900985e-04,0.12799,0.3739
3309,2,7.899704e-04,0.16317,0.3291
3310,2,7.898422e-04,0.18955,0.3368
3311,2,7.897140e-04,0.11199,0.2575
3312,2,7.895857e-04,0.16410,0.2967
3313,2,7.894574e-04,0.09112,0.2195
3314,2,7.893291e-04,0.14630,0.2813
3315,2,7.892008e-04,0.20057,0.3904
3316,2,7.890724e-04,0.17701,0.3267
3317,2,7.889440e-04,0.16410,0.2829
3318,2,7.888156e-04,0.08226,0.2014
3319,2,7.886871e-04,0.15711,0.2432
3320,2,7.885587e-04,0.15260,0.2704
3321,2,7.884302e-04,0.14579,0.2788
3322,2,7.883016e-04,0.11317,0.2560
3323,2,7.881731e-04,0.15345,0.2377
3324,2,7.880445e-04,0.12182,0.2693
3325,2,7.879159e-04,0.15710,0.2445
3326,2,7.877872e-04,0.11584,0.2796
3327,2,7.876586e-04,0.17828,0.2864
3328,2,7.875299e-04,0.18022,0.2863
3329,2,7.874011e-04,0.14598,0.2783
3330,2,7.872724e-04,0.15397,0.2489
3331,2,7.871436e-04,0.11001,0.2354
3332,2,7.870148e-04,0.13603,0.2610
3333,2,7.868859e-04,0.13574,0.2435
3334,2,7.867571e-04,0.17045,0.3197
3335,2,7.866282e-04,0.17343,0.2628
3336,2,7.864993e-04,0.18171,0.3646
3337,2,7.863703e-04,0.14359,0.2753
3338,2,7.862413e-04,0.13490,0.2606
3339,2,7.861123e-04,0.14866,0.2517
3340,2,7.859833e-04,0.13278,0.3038
3341,2,7.858543e-04,0.16766,0.2611
3342,2,7.857252e-04,0.12986,0.2341
3343,2,7.855961e-04,0.15299,0.2571
3344,2,7.854669e-04,0.14851,0.2409
3345,2,7.853377e-04,0.12924,0.2687
3346,2,7.852085e-04,0.14846,0.2542
3347,2,7.850793e-04,0.16545,0.2817
3348,2,7.849501e-04,0.16521,0.2826
3349,2,7.848208e-04,0.11837,0.2376
3350,2,7.846915e-04,0.12706,0.2371
3351,2,7.845621e-04,0.11748,0.2314
3352,2,7.844328e-04,0.17449,0.3107
3353,2,7.843034e-04,0.12275,0.2447
3354,2,7.841740e-04,0.14036,0.2854
3355,2,7.840445e-04,0.16373,0.3662
3356,2,7.839151e-04,0.15376,0.3245
3357,2,7.837856e-04,0.13468,0.2503
3358,2,7.836560e-04,0.14262,0.2833
3359,2,7.835265e-04,0.15316,0.2432
3360,2,7.833969e-04,0.12113,0.2468
3361,2,7.832673e-04,0.10660,0.2386
3362,2,7.831377e-04,0.17002,0.3066
3363,2,7.830080e-04,0.11275,0.1930
3364,2,7.828783e-04,0.11441,0.2363
3365,2,7.827486e-04,0.11023,0.2198
3366,2,7.826189e-04,0.12333,0.3070
3367,2,7.824891e-04,0.12713,0.2426
3368,2,7.823593e-04,0.11766,0.2239
3369,2,7.822295e-04,0.17343,0.2716
3370,2,7.820996e-04,0.13065,0.2477
3371,2,7.819697e-04,0.10994,0.3032
3372,2,7.818398e-04,0.12009,0.2312
3373,2,7.817099e-04,0.11824,0.2284
3374,2,7.815799e-04,0.10523,0.2647
3375,2,7.814499e-04,0.14607,0.3031
3376,2,7.813199e-04,0.15384,0.3697
3377,2,7.811899e-04,0.14088,0.2891
3378,2,7.810598e-04,0.12051,0.3502
3379,2,7.809297e-04,0.11853,0.4164
3380,2,7.807996e-04,0.14153,0.2904
3381,2,7.806694e-04,0.11456,0.2285
3382,2,7.805393e-04,0.19622,0.3449
3383,2,7.804091e-04,0.16524,0.3028
3384,2,7.802788e-04,0.11676,0.2774
3385,2,7.801486e-04,0.14103,0.2439
3386,2,7.800183e-04,0.11878,0.2607
3387,2,7.798880e-04,0.20742,0.4276
3388,2,7.797576e-04,0.19166,0.3683
3389,2,7.796273e-04,0.22709,0.3259
3390,2,7.794969e-04,0.15416,0.2547
3391,2,7.793664e-04,0.15172,0.2702
3392,2,7.792360e-04,0.13611,0.2626
3393,2,7.791055e-04,0.17297,0.4821
3394,2,7.789750e-04,0.19859,0.2894
3395,2,7.788445e-04,0.18691,0.2735
3396,2,7.787139e-04,0.14505,0.2264
3397,2,7.785834e-04,0.17464,0.2258
3398,2,7.784527e-04,0.12759,0.2473
3399,2,7.783221e-04,0.12862,0.2731
3400,2,7.781914e-04,0.15687,0.2732
3401,2,7.780608e-04,0.14109,0.2378
3402,2,7.779300e-04,0.11807,0.2176
3403,2,7.777993e-04,0.12403,0.2456
3404,2,7.776685e-04,0.10537,0.2094
3405,2,7.775377e-04,0.14039,0.2484
3406,2,7.774069e-04,0.13628,0.2135
3407,2,7.772761e-04,0.20418,0.2771
3408,2,7.771452e-04,0.11048,0.2123
3409,2,7.770143e-04,0.13467,0.2178
3410,2,7.768834e-04,0.13053,0.2226
3411,2,7.767524e-04,0.14324,0.2350
3412,2,7.766214e-04,0.12167,0.2017
3413,2,7.764904e-04,0.16536,0.2614
3414,2,7.763594e-04,0.14470,0.2390
3415,2,7.762283e-04,0.11172,0.2068
3416,2,7.760972e-04,0.12547,0.2305
3417,2,7.759661e-04,0.16920,0.2444
3418,2,7.758350e-04,0.17381,0.2717
3419,2,7.757038e-04,0.20126,0.2947
3420,2,7.755726e-04,0.13474,0.2559
3421,2,7.754414e-04,0.17456,0.3838
3422,2,7.753101e-04,0.15173,0.3040
3423,2,7.751789e-04,0.11439,0.3267
3424,2,7.750476e-04,0.12685,0.2094
3425,2,7.749162e-04,0.16856,0.4163
3426,2,7.747849e-04,0.15323,0.2229
3427,2,7.746535e-04,0.16418,0.2729
3428,2,7.745221e-04,0.17890,0.4152
3429,2,7.743907e-04,0.13364,0.2307
3430,2,7.742592e-04,0.12498,0.2183
3431,2,7.741277e-04,0.15426,0.2156
3432,2,7.739962e-04,0.16595,0.3437
3433,2,7.738647e-04,0.16386,0.2477
3434,2,7.737331e-04,0.13332,0.2842
3435,2,7.736015e-04,0.11844,0.3839
3436,2,7.734699e-04,0.22622,0.4453
3437,2,7.733382e-04,0.13283,0.2258
3438,2,7.732066e-04,0.14866,0.2958
3439,2,7.730749e-04,0.15140,0.2650
3440,2,7.729432e-04,0.14916,0.2404
3441,2,7.728114e-04,0.12145,0.2686
3442,2,7.726796e-04,0.15251,0.3097
3443,2,7.725478e-04,0.13715,0.2254
3444,2,7.724160e-04,0.14222,0.2548
3445,2,7.722841e-04,0.11678,0.2440
3446,2,7.721523e-04,0.14710,0.1994
3447,2,7.720204e-04,0.17899,0.2828
3448,2,7.718884e-04,0.13609,0.2609
3449,2,7.717565e-04,0.13263,0.2296
3450,2,7.716245e-04,0.17552,0.3775
3451,2,7.714925e-04,0.16441,0.2595
3452,2,7.713604e-04,0.19190,0.3742
3453,2,7.712284e-04,0.21298,0.3286
3454,2,7.710963e-04,0.23591,0.3925
3455,2,7.709642e-04,0.10860,0.2532
3456,2,7.708320e-04,0.13523,0.2402
3457,2,7.706999e-04,0.10326,0.2360
3458,2,7.705677e-04,0.15812,0.2818
3459,2,7.704355e-04,0.14604,0.2906
3460,2,7.703032e-04,0.11508,0.1937
3461,2,7.701710e-04,0.09899,0.2253
3462,2,7.700387e-04,0.10028,0.2051
3463,2,7.699063e-04,0.14056,0.2625
3464,2,7.697740e-04,0.14499,0.3142
3465,2,7.696416e-04,0.10576,0.2705
3466,2,7.695092e-04,0.12654,0.2567
3467,2,7.693768e-04,0.12009,0.2488
3468,2,7.692443e-04,0.11701,0.2961
3469,2,7.691119e-04,0.17858,0.2832
3470,2,7.689794e-04,0.17882,0.2830
3471,2,7.688468e-04,0.17114,0.4586
3472,2,7.687143e-04,0.11443,0.1933
3473,2,7.685817e-04,0.14868,0.2641
3474,2,7.684491e-04,0.11241,0.2393
3475,2,7.683165e-04,0.09951,0.2170
3476,2,7.681838e-04,0.11236,0.2082
3477,2,7.680511e-04,0.15997,0.2957
3478,2,7.679184e-04,0.16998,0.3211
3479,2,7.677857e-04,0.16722,0.3135
3480,2,7.676529e-04,0.18272,0.4716
3481,2,7.675201e-04,0.14629,0.2701
3482,2,7.673873e-04,0.16902,0.2770
3483,2,7.672545e-04,0.19252,0.4141
3484,2,7.671216e-04,0.20222,0.3922
3485,2,7.669887e-04,0.15824,0.3267
3486,2,7.668558e-04,0.10724,0.2111
3487,2,7.667229e-04,0.17320,0.2844
3488,2,7.665899e-04,0.13430,0.2218
3489,2,7.664569e-04,0.17618,0.2446
3490,2,7.663239e-04,0.11579,0.2355
3491,2,7.661909e-04,0.10722,0.2057
3492,2,7.660578e-04,0.12546,0.1956
3493,2,7.659247e-04,0.17937,0.3822
3494,2,7.657916e-04,0.14142,0.3702
3495,2,7.656585e-04,0.12043,0.2178
3496,2,7.655253e-04,0.14248,0.2273
3497,2,7.653921e-04,0.11482,0.2044
3498,2,7.652589e-04,0.10968,0.2218
3499,2,7.651256e-04,0.14022,0.2207
3500,2,7.649924e-04,0.15178,0.2933
3501,2,7.648591e-04,0.14599,0.2581
3502,2,7.647257e-04,0.15385,0.2716
3503,2,7.645924e-04,0.15443,0.2297
3504,2,7.644590e-04,0.11454,0.2148
3505,2,7.643256e-04,0.23521,0.3672
3506,2,7.641922e-04,0.09798,0.1934
3507,2,7.640588e-04,0.10601,0.2247
3508,2,7.639253e-04,0.13777,0.2579
3509,2,7.637918e-04,0.06569,0.2171
3510,2,7.636583e-04,0.13002,0.2305
3511,2,7.635247e-04,0.23105,0.3762
3512,2,7.633911e-04,0.13043,0.2334
3513,2,7.632575e-04,0.10167,0.2135
3514,2,7.631239e-04,0.18166,0.3128
3515,2,7.629903e-04,0.14228,0.2539
3516,2,7.628566e-04,0.13321,0.2177
3517,2,7.627229e-04,0.12617,0.2543
3518,2,7.625892e-04,0.14562,0.2294
3519,2,7.624554e-04,0.11542,0.2047
3520,2,7.623216e-04,0.11658,0.2169
3521,2,7.621878e-04,0.17294,0.2936
3522,2,7.620540e-04,0.09834,0.2109
3523,2,7.619202e-04,0.15050,0.2420
3524,2,7.617863e-04,0.10227,0.2129
3525,2,7.616524e-04,0.16119,0.4538
3526,2,7.615185e-04,0.18512,0.2885
3527,2,7.613845e-04,0.09941,0.2433
3528,2,7.612505e-04,0.08564,0.2488
3529,2,7.611165e-04,0.10334,0.2361
3530,2,7.609825e-04,0.14460,0.2478
3531,2,7.608485e-04,0.13026,0.2984
3532,2,7.607144e-04,0.21491,0.3555
3533,2,7.605803e-04,0.17469,0.3242
3534,2,7.604462e-04,0.12979,0.2381
3535,2,7.603120e-04,0.11330,0.2730
3536,2,7.601778e-04,0.13755,0.3539
3537,2,7.600436e-04,0.12340,0.2648
3538,2,7.599094e-04,0.16278,0.2756
3539,2,7.597752e-04,0.24128,0.5428
3540,2,7.596409e-04,0.17953,0.2814
3541,2,7.595066e-04,0.13552,0.2645
3542,2,7.593723e-04,0.09432,0.1958
3543,2,7.592379e-04,0.15347,0.2659
3544,2,7.591035e-04,0.12931,0.3072
3545,2,7.589691e-04,0.07902,0.2108
3546,2,7.588347e-04,0.13738,0.2453
3547,2,7.587003e-04,0.12920,0.2806
3548,2,7.585658e-04,0.16056,0.2701
3549,2,7.584313e-04,0.12139,0.4013
3550,2,7.582968e-04,0.11582,0.2835
3551,2,7.581622e-04,0.12891,0.3090
3552,2,7.580277e-04,0.15985,0.4013
3553,2,7.578931e-04,0.18673,0.5330
3554,2,7.577585e-04,0.15691,0.3277
3555,2,7.576238e-04,0.19246,0.3083
3556,2,7.574891e-04,0.15879,0.2898
3557,2,7.573544e-04,0.15156,0.3130
3558,2,7.572197e-04,0.13234,0.3419
3559,2,7.570850e-04,0.16815,0.3754
3560,2,7.569502e-04,0.15680,0.3631
3561,2,7.568154e-04,0.17173,0.2992
3562,2,7.566806e-04,0.15360,0.2636
3563,2,7.565458e-04,0.14711,0.3167
3564,2,7.564109e-04,0.15009,0.2673
3565,2,7.562760e-04,0.15936,0.4134
3566,2,7.561411e-04,0.14413,0.3510
3567,2,7.560062e-04,0.10467,0.2047
3568,2,7.558712e-04,0.16585,0.2917
3569,2,7.557362e-04,0.11536,0.2179
3570,2,7.556012e-04,0.21140,0.3181
3571,2,7.554662e-04,0.12055,0.2130
3572,2,7.553311e-04,0.14553,0.4114
3573,2,7.551960e-04,0.15054,0.3840
3574,2,7.550609e-04,0.16274,0.4073
3575,2,7.549258e-04,0.12717,0.3210
3576,2,7.547906e-04,0.14709,0.2338
3577,2,7.546554e-04,0.08433,0.2252
3578,2,7.545202e-04,0.15822,0.2544
3579,2,7.543850e-04,0.17927,0.3842
3580,2,7.542497e-04,0.15009,0.4357
3581,2,7.541145e-04,0.13821,0.2511
3582,2,7.539792e-04,0.20356,0.4777
3583,2,7.538438e-04,0.14534,0.2492
3584,2,7.537085e-04,0.14142,0.2459
3585,2,7.535731e-04,0.15266,0.2427
3586,2,7.534377e-04,0.12838,0.3160
3587,2,7.533023e-04,0.14748,0.3027
3588,2,7.531668e-04,0.14180,0.2651
3589,2,7.530313e-04,0.15412,0.2366
3590,2,7.528959e-04,0.11851,0.2293
3591,2,7.527603e-04,0.14145,0.2923
3592,2,7.526248e-04,0.15645,0.3263
3593,2,7.524892e-04,0.14002,0.2369
3594,2,7.523536e-04,0.13996,0.2870
3595,2,7.522180e-04,0.12193,0.2982
3596,2,7.520824e-04,0.08830,0.2186
3597,2,7.519467e-04,0.13827,0.2517
3598,2,7.518110e-04,0.11513,0.2229
3599,2,7.516753e-04,0.14531,0.2562
3600,2,7.515396e-04,0.15103,0.3179
3601,2,7.514038e-04,0.15727,0.2684
3602,2,7.512680e-04,0.15160,0.4354
3603,2,7.511322e-04,0.15193,0.3026
3604,2,7.509964e-04,0.11258,0.2736
3605,2,7.508605e-04,0.10964,0.2148
3606,2,7.507246e-04,0.15436,0.2758
3607,2,7.505887e-04,0.13288,0.3063
3608,2,7.504528e-04,0.12525,0.3181
3609,2,7.503168e-04,0.09656,0.2352
3610,2,7.501809e-04,0.13643,0.2595
3611,2,7.500449e-04,0.17062,0.3014
3612,2,7.499088e-04,0.15398,0.2982
3613,2,7.497728e-04,0.08458,0.1807
3614,2,7.496367e-04,0.16009,0.3019
3615,2,7.495006e-04,0.14621,0.2935
3616,2,7.493645e-04,0.11126,0.2284
3617,2,7.492284e-04,0.13879,0.2483
3618,2,7.490922e-04,0.10828,0.3555
3619,2,7.489560e-04,0.17079,0.3145
3620,2,7.488198e-04,0.15793,0.2885
3621,2,7.486836e-04,0.12129,0.3369
3622,2,7.485473e-04,0.12829,0.2386
3623,2,7.484110e-04,0.15914,0.2558
3624,2,7.482747e-04,0.14901,0.3114
3625,2,7.481384e-04,0.15852,0.3644
3626,2,7.480020e-04,0.14314,0.2716
3627,2,7.478656e-04,0.12233,0.2807
3628,2,7.477292e-04,0.11922,0.2194
3629,2,7.475928e-04,0.12366,0.2545
3630,2,7.474564e-04,0.11620,0.2376
3631,2,7.473199e-04,0.11616,0.2386
3632,2,7.471834e-04,0.16550,0.2474
3633,2,7.470469e-04,0.11873,0.2990
3634,2,7.469103e-04,0.13168,0.2516
3635,2,7.467738e-04,0.15096,0.2408
3636,2,7.466372e-04,0.15478,0.2572
3637,2,7.465006e-04,0.12702,0.3288
3638,2,7.463639e-04,0.13272,0.2444
3639,2,7.462273e-04,0.18749,0.3169
3640,2,7.460906e-04,0.18280,0.2926
3641,2,7.459539e-04,0.13110,0.2563
3642,2,7.458171e-04,0.14690,0.2449
3643,2,7.456804e-04,0.12577,0.2755
3644,2,7.455436e-04,0.12796,0.2634
3645,2,7.454068e-04,0.15431,0.2619
3646,2,7.452700e-04,0.17663,0.2633
3647,2,7.451331e-04,0.12681,0.2500
3648,2,7.449963e-04,0.17510,0.2766
3649,2,7.448594e-04,0.15887,0.3050
3650,2,7.447225e-04,0.11153,0.2277
3651,2,7.445855e-04,0.17594,0.2757
3652,2,7.444486e-04,0.13040,0.2313
3653,2,7.443116e-04,0.14404,0.2493
3654,2,7.441746e-04,0.12137,0.2158
3655,2,7.440375e-04,0.22874,0.3588
3656,2,7.439005e-04,0.10939,0.2232
3657,2,7.437634e-04,0.12623,0.2730
3658,2,7.436263e-04,0.15112,0.2790
3659,2,7.434892e-04,0.15737,0.2374
3660,2,7.433520e-04,0.16813,0.2630
3661,2,7.432148e-04,0.17836,0.2800
3662,2,7.430776e-04,0.11954,0.2301
3663,2,7.429404e-04,0.13294,0.2377
3664,2,7.428032e-04,0.09106,0.2184
3665,2,7.426659e-04,0.10758,0.2207
3666,2,7.425286e-04,0.10657,0.2211
3667,2,7.423913e-04,0.16263,0.2700
3668,2,7.422540e-04,0.13134,0.2804
3669,2,7.421166e-04,0.15824,0.3059
3670,2,7.419793e-04,0.10186,0.2049
3671,2,7.418419e-04,0.16898,0.2725
3672,2,7.417044e-04,0.15582,0.2711
3673,2,7.415670e-04,0.12949,0.2830
3674,2,7.414295e-04,0.13105,0.2672
3675,2,7.412920e-04,0.07721,0.2358
3676,2,7.411545e-04,0.13481,0.2705
3677,2,7.410170e-04,0.16298,0.2818
3678,2,7.408794e-04,0.14968,0.2443
3679,2,7.407418e-04,0.10740,0.2867
3680,2,7.406042e-04,0.08748,0.2319
3681,2,7.404666e-04,0.11466,0.2331
3682,2,7.403289e-04,0.14423,0.2764
3683,2,7.401912e-04,0.13826,0.2191
3684,2,7.400535e-04,0.11474,0.2244
3685,2,7.399158e-04,0.08321,0.2451
3686,2,7.397781e-04,0.17477,0.2945
3687,2,7.396403e-04,0.18446,0.3201
3688,2,7.395025e-04,0.16816,0.2990
3689,2,7.393647e-04,0.18676,0.4492
3690,2,7.392269e-04,0.11020,0.2113
3691,2,7.390890e-04,0.22065,0.3515
3692,2,7.389511e-04,0.15074,0.2652
3693,2,7.388132e-04,0.13973,0.2438
3694,2,7.386753e-04,0.18324,0.3033
3695,2,7.385374e-04,0.09813,0.2122
3696,2,7.383994e-04,0.13216,0.2479
3697,2,7.382614e-04,0.08698,0.1943
3698,2,7.381234e-04,0.13976,0.2639
3699,2,7.379853e-04,0.11973,0.2371
3700,2,7.378473e-04,0.17704,0.2907
3701,2,7.377092e-04,0.13661,0.2182
3702,2,7.375711e-04,0.17304,0.2943
3703,2,7.374330e-04,0.13696,0.2435
3704,2,7.372948e-04,0.10964,0.2509
3705,2,7.371566e-04,0.21124,0.3187
3706,2,7.370184e-04,0.17136,0.2564
3707,2,7.368802e-04,0.15368,0.2702
3708,2,7.367420e-04,0.13881,0.2999
3709,2,7.366037e-04,0.16081,0.2537
3710,2,7.364654e-04,0.16957,0.2783
3711,2,7.363271e-04,0.18276,0.2922
3712,2,7.361888e-04,0.16102,0.2898
3713,2,7.360504e-04,0.13496,0.2125
3714,2,7.359121e-04,0.18590,0.3043
3715,2,7.357737e-04,0.15478,0.2645
3716,2,7.356353e-04,0.16035,0.2825
3717,2,7.354968e-04,0.11826,0.2147
3718,2,7.353584e-04,0.13978,0.2503
3719,2,7.352199e-04,0.13458,0.2638
3720,2,7.350814e-04,0.18463,0.3043
3721,2,7.349428e-04,0.14382,0.2848
3722,2,7.348043e-04,0.13194,0.2141
3723,2,7.346657e-04,0.13580,0.2076
3724,2,7.345271e-04,0.19234,0.2819
3725,2,7.343885e-04,0.12393,0.2664
3726,2,7.342498e-04,0.13900,0.2910
3727,2,7.341112e-04,0.11651,0.3092
3728,2,7.339725e-04,0.17726,0.2536
3729,2,7.338338e-04,0.13407,0.2394
3730,2,7.336951e-04,0.13851,0.2595
3731,2,7.335563e-04,0.16476,0.2571
3732,2,7.334175e-04,0.18619,0.3739
3733,2,7.332787e-04,0.13667,0.2212
3734,2,7.331399e-04,0.16762,0.3008
3735,2,7.330011e-04,0.15415,0.2618
3736,2,7.328622e-04,0.13678,0.2107
3737,2,7.327233e-04,0.08503,0.1995
3738,2,7.325844e-04,0.11199,0.2284
3739,2,7.324455e-04,0.12457,0.2652
3740,2,7.323065e-04,0.14538,0.2547
3741,2,7.321676e-04,0.19380,0.3325
3742,2,7.320286e-04,0.13018,0.2303
3743,2,7.318896e-04,0.16504,0.2625
3744,2,7.317505e-04,0.11326,0.2214
3745,2,7.316115e-04,0.13163,0.2411
3746,2,7.314724e-04,0.17362,0.3220
3747,2,7.313333e-04,0.18236,0.3449
3748,2,7.311942e-04,0.17310,0.3012
3749,2,7.310550e-04,0.16305,0.3185
3750,2,7.309158e-04,0.14076,0.2452
3751,2,7.307767e-04,0.21664,0.3068
3752,2,7.306374e-04,0.16399,0.2476
3753,2,7.304982e-04,0.14381,0.2339
3754,2,7.303590e-04,0.13531,0.2667
3755,2,7.302197e-04,0.13178,0.2223
3756,2,7.300804e-04,0.13669,0.2579
3757,2,7.299411e-04,0.17957,0.2393
3758,2,7.298017e-04,0.15254,0.2794
3759,2,7.296624e-04,0.21070,0.2737
3760,2,7.295230e-04,0.14744,0.2251
3761,2,7.293836e-04,0.18964,0.2354
3762,2,7.292441e-04,0.14325,0.3177
3763,2,7.291047e-04,0.12565,0.2273
3764,2,7.289652e-04,0.15083,0.2231
3765,2,7.288257e-04,0.10837,0.2076
3766,2,7.286862e-04,0.11020,0.2627
3767,2,7.285467e-04,0.14948,0.2165
3768,2,7.284071e-04,0.23537,0.3310
3769,2,7.282675e-04,0.17144,0.2853
3770,2,7.281279e-04,0.12375,0.2643
3771,2,7.279883e-04,0.13183,0.2108
3772,2,7.278487e-04,0.15184,0.2675
3773,2,7.277090e-04,0.13581,0.2822
3774,2,7.275693e-04,0.09862,0.2052
3775,2,7.274296e-04,0.11858,0.2073
3776,2,7.272899e-04,0.16638,0.2434
3777,2,7.271501e-04,0.18753,0.3204
3778,2,7.270104e-04,0.13050,0.2268
3779,2,7.268706e-04,0.14643,0.2701
3780,2,7.267308e-04,0.11172,0.1968
3781,2,7.265909e-04,0.15269,0.2817
3782,2,7.264511e-04,0.14896,0.2453
3783,2,7.263112e-04,0.14267,0.2366
3784,2,7.261713e-04,0.10916,0.2273
3785,2,7.260314e-04,0.16199,0.2398
3786,2,7.258914e-04,0.19531,0.3189
3787,2,7.257515e-04,0.15990,0.2791
3788,2,7.256115e-04,0.13057,0.2487
3789,2,7.254715e-04,0.10741,0.2019
3790,2,7.253314e-04,0.16801,0.3125
3791,2,7.251914e-04,0.08105,0.1941
3792,2,7.250513e-04,0.12163,0.2767
3793,2,7.249112e-04,0.14689,0.2710
3794,2,7.247711e-04,0.12521,0.1944
3795,2,7.246310e-04,0.12534,0.2637
3796,2,7.244908e-04,0.12996,0.2437
3797,2,7.243506e-04,0.12100,0.2146
3798,2,7.242105e-04,0.14583,0.3636
3799,2,7.240702e-04,0.18377,0.3577
3800,2,7.239300e-04,0.13191,0.2618
3801,2,7.237897e-04,0.13320,0.2330
3802,2,7.236495e-04,0.17839,0.2873
3803,2,7.235092e-04,0.14484,0.3037
3804,2,7.233688e-04,0.11418,0.2244
3805,2,7.232285e-04,0.13981,0.2601
3806,2,7.230881e-04,0.14877,0.2729
3807,2,7.229477e-04,0.09942,0.2182
3808,2,7.228073e-04,0.18766,0.3303
3809,2,7.226669e-04,0.15550,0.2774
3810,2,7.225265e-04,0.16632,0.2837
3811,2,7.223860e-04,0.12096,0.2380
3812,2,7.222455e-04,0.09859,0.2107
3813,2,7.221050e-04,0.12032,0.2410
3814,2,7.219645e-04,0.09160,0.2170
3815,2,7.218239e-04,0.09828,0.2024
3816,2,7.216833e-04,0.12154,0.3039
3817,2,7.215427e-04,0.12834,0.2564
3818,2,7.214021e-04,0.16805,0.2570
3819,2,7.212615e-04,0.11015,0.2401
3820,2,7.211208e-04,0.16697,0.3696
3821,2,7.209802e-04,0.12234,0.2400
3822,2,7.208395e-04,0.15140,0.2578
3823,2,7.206987e-04,0.21252,0.3906
3824,2,7.205580e-04,0.15166,0.2703
3825,2,7.204172e-04,0.09623,0.2420
3826,2,7.202765e-04,0.12772,0.2399
3827,2,7.201357e-04,0.16845,0.2636
3828,2,7.199948e-04,0.13041,0.2307
3829,2,7.198540e-04,0.14519,0.2523
3830,2,7.197131e-04,0.10680,0.3178
3831,2,7.195722e-04,0.14914,0.2760
3832,2,7.194313e-04,0.12244,0.2209
3833,2,7.192904e-04,0.16060,0.2845
3834,2,7.191495e-04,0.13130,0.2606
3835,2,7.190085e-04,0.14323,0.3044
3836,2,7.188675e-04,0.12782,0.2271
3837,2,7.187265e-04,0.15018,0.2672
3838,2,7.185855e-04,0.15615,0.3321
3839,2,7.184444e-04,0.15068,0.4176
3840,2,7.183034e-04,0.14461,0.2631
3841,2,7.181623e-04,0.12097,0.2445
3842,2,7.180212e-04,0.16154,0.2660
3843,2,7.178800e-04,0.11873,0.2474
3844,2,7.177389e-04,0.17232,0.3344
3845,2,7.175977e-04,0.19297,0.3317
3846,2,7.174565e-04,0.11975,0.2482
3847,2,7.173153e-04,0.14908,0.2919
3848,2,7.171741e-04,0.15947,0.3839
3849,2,7.170328e-04,0.14419,0.4112
3850,2,7.168916e-04,0.11900,0.2037
3851,2,7.167503e-04,0.14277,0.2560
3852,2,7.166090e-04,0.14736,0.2612
3853,2,7.164676e-04,0.17532,0.4309
3854,2,7.163263e-04,0.13232,0.3168
3855,2,7.161849e-04,0.10854,0.3114
3856,2,7.160435e-04,0.19791,0.3232
3857,2,7.159021e-04,0.16303,0.4225
3858,2,7.157607e-04,0.11470,0.2193
3859,2,7.156192e-04,0.15471,0.3567
3860,2,7.154777e-04,0.14068,0.2809
3861,2,7.153362e-04,0.23396,0.3231
3862,2,7.151947e-04,0.11199,0.2878
3863,2,7.150532e-04,0.15758,0.3283
3864,2,7.149116e-04,0.10565,0.2230
3865,2,7.147701e-04,0.12319,0.2177
3866,2,7.146285e-04,0.17258,0.2964
3867,2,7.144869e-04,0.15206,0.3005
3868,2,7.143452e-04,0.16705,0.2828
3869,2,7.142036e-04,0.17146,0.3144
3870,2,7.140619e-04,0.14754,0.2574
3871,2,7.139202e-04,0.16629,0.2445
3872,2,7.137785e-04,0.10139,0.2478
3873,2,7.136367e-04,0.18660,0.2683
3874,2,7.134950e-04,0.17378,0.2829
3875,2,7.133532e-04,0.13496,0.2333
3876,2,7.132114e-04,0.10300,0.2152
3877,2,7.130696e-04,0.20200,0.3887
3878,2,7.129278e-04,0.14404,0.2767
3879,2,7.127859e-04,0.10144,0.2210
3880,2,7.126440e-04,0.12133,0.2141
3881,2,7.125021e-04,0.15800,0.2347
3882,2,7.123602e-04,0.13359,0.2608
3883,2,7.122183e-04,0.13877,0.2469
3884,2,7.120763e-04,0.15714,0.3018
3885,2,7.119344e-04,0.11815,0.2937
3886,2,7.117924e-04,0.19216,0.2993
3887,2,7.116504e-04,0.18206,0.2849
3888,2,7.115083e-04,0.14128,0.2667
3889,2,7.113663e-04,0.18490,0.2561
3890,2,7.112242e-04,0.11533,0.2036
3891,2,7.110821e-04,0.12107,0.2217
3892,2,7.109400e-04,0.13264,0.2804
3893,2,7.107979e-04,0.11081,0.2042
3894,2,7.106557e-04,0.12823,0.2527
3895,2,7.105136e-04,0.13573,0.2841
3896,2,7.103714e-04,0.13195,0.3290
3897,2,7.102292e-04,0.15676,0.2777
3898,2,7.100869e-04,0.13238,0.2472
3899,2,7.099447e-04,0.18416,0.2872
3900,2,7.098024e-04,0.14392,0.2442
3901,2,7.096601e-04,0.12706,0.3341
3902,2,7.095178e-04,0.14000,0.2372
3903,2,7.093755e-04,0.12761,0.2682
3904,2,7.092332e-04,0.13447,0.2572
3905,2,7.090908e-04,0.15261,0.3125
3906,2,7.089484e-04,0.13808,0.2863
3907,2,7.088060e-04,0.18071,0.2959
3908,2,7.086636e-04,0.21465,0.2767
3909,2,7.085211e-04,0.16593,0.2691
3910,2,7.083787e-04,0.13619,0.2740
3911,2,7.082362e-04,0.12311,0.2135
3912,2,7.080937e-04,0.12101,0.2800
3913,2,7.079512e-04,0.13552,0.2319
3914,2,7.078086e-04,0.12490,0.2225
3915,2,7.076661e-04,0.14680,0.2560
3916,2,7.075235e-04,0.18767,0.3219
3917,2,7.073809e-04,0.10585,0.2216
3918,2,7.072383e-04,0.12084,0.2084
3919,2,7.070956e-04,0.12460,0.2429
3920,2,7.069530e-04,0.12748,0.2232
3921,2,7.068103e-04,0.15377,0.2882
3922,2,7.066676e-04,0.19058,0.2695
3923,2,7.065249e-04,0.15735,0.2464
3924,2,7.063822e-04,0.11038,0.2536
3925,2,7.062394e-04,0.17503,0.2661
3926,2,7.060966e-04,0.16114,0.2667
3927,2,7.059538e-04,0.14306,0.2355
3928,2,7.058110e-04,0.12394,0.3003
3929,2,7.056682e-04,0.09417,0.2403
3930,2,7.055254e-04,0.14622,0.2513
3931,2,7.053825e-04,0.17555,0.2714
3932,2,7.052396e-04,0.15992,0.2620
3933,2,7.050967e-04,0.08532,0.2190
3934,2,7.049538e-04,0.15634,0.2754
3935,2,7.048108e-04,0.14236,0.2154
3936,2,7.046679e-04,0.12888,0.2347
3937,2,7.045249e-04,0.19883,0.4761
3938,2,7.043819e-04,0.10705,0.2461
3939,2,7.042389e-04,0.15136,0.3297
3940,2,7.040958e-04,0.19081,0.3956
3941,2,7.039528e-04,0.17996,0.3272
3942,2,7.038097e-04,0.14331,0.2620
3943,2,7.036666e-04,0.13707,0.2323
3944,2,7.035235e-04,0.11948,0.1977
3945,2,7.033804e-04,0.16843,0.2409
3946,2,7.032372e-04,0.13946,0.3016
3947,2,7.030940e-04,0.15303,0.2203
3948,2,7.029509e-04,0.13831,0.2416
3949,2,7.028077e-04,0.07448,0.1949
3950,2,7.026644e-04,0.16408,0.2596
3951,2,7.025212e-04,0.19465,0.3377
3952,2,7.023779e-04,0.12473,0.2378
3953,2,7.022346e-04,0.11425,0.2108
3954,2,7.020913e-04,0.13082,0.2185
3955,2,7.019480e-04,0.10687,0.2476
3956,2,7.018047e-04,0.14062,0.2288
3957,2,7.016613e-04,0.09917,0.2141
3958,2,7.015179e-04,0.16456,0.2781
3959,2,7.013745e-04,0.16909,0.3017
3960,2,7.012311e-04,0.10828,0.2279
3961,2,7.010877e-04,0.13030,0.2659
3962,2,7.009443e-04,0.18269,0.4017
3963,2,7.008008e-04,0.17852,0.5611
3964,2,7.006573e-04,0.11406,0.2487
3965,2,7.005138e-04,0.12520,0.2244
3966,2,7.003703e-04,0.08781,0.2176
3967,2,7.002267e-04,0.15817,0.3145
3968,2,7.000832e-04,0.15226,0.2505
3969,2,6.999396e-04,0.17833,0.3095
3970,2,6.997960e-04,0.14463,0.3121
3971,2,6.996524e-04,0.13509,0.2378
3972,2,6.995087e-04,0.15127,0.2979
3973,2,6.993651e-04,0.16869,0.3045
3974,2,6.992214e-04,0.16280,0.2726
3975,2,6.990777e-04,0.13972,0.2448
3976,2,6.989340e-04,0.11746,0.2866
3977,2,6.987903e-04,0.15107,0.3269
3978,2,6.986465e-04,0.12125,0.2515
3979,2,6.985028e-04,0.13233,0.3204
3980,2,6.983590e-04,0.17274,0.2558
3981,2,6.982152e-04,0.17733,0.2763
3982,2,6.980714e-04,0.08358,0.2341
3983,2,6.979275e-04,0.11555,0.2486
3984,3,6.977837e-04,0.12314,0.2283
3985,3,6.976398e-04,0.19787,0.2777
3986,3,6.974959e-04,0.10934,0.1994
3987,3,6.973520e-04,0.09013,0.3092
3988,3,6.972080e-04,0.13560,0.2666
3989,3,6.970641e-04,0.13907,0.2254
3990,3,6.969201e-04,0.13124,0.2155
3991,3,6.967762e-04,0.13697,0.2521
3992,3,6.966321e-04,0.12966,0.2138
3993,3,6.964881e-04,0.12049,0.3367
3994,3,6.963441e-04,0.13986,0.2455
3995,3,6.962000e-04,0.13834,0.2609
3996,3,6.960560e-04,0.12988,0.2238
3997,3,6.959119e-04,0.11360,0.2967
3998,3,6.957678e-04,0.19774,0.2938
3999,3,6.956236e-04,0.15935,0.2740
4000,3,6.954795e-04,0.11447,0.2204
4001,3,6.953353e-04,0.13641,0.2918
4002,3,6.951911e-04,0.13646,0.2299
4003,3,6.950469e-04,0.12603,0.2389
4004,3,6.949027e-04,0.13000,0.2297
4005,3,6.947585e-04,0.08296,0.1890
4006,3,6.946142e-04,0.12962,0.3988
4007,3,6.944699e-04,0.12252,0.2772
4008,3,6.943257e-04,0.17714,0.2891
4009,3,6.941813e-04,0.11336,0.2335
4010,3,6.940370e-04,0.16236,0.2989
4011,3,6.938927e-04,0.15607,0.2697
4012,3,6.937483e-04,0.12319,0.2592
4013,3,6.936039e-04,0.13119,0.3021
4014,3,6.934595e-04,0.08117,0.2036
4015,3,6.933151e-04,0.14511,0.2885
4016,3,6.931707e-04,0.13016,0.2484
4017,3,6.930262e-04,0.13429,0.2518
4018,3,6.928818e-04,0.12034,0.2401
4019,3,6.927373e-04,0.11618,0.2323
4020,3,6.925928e-04,0.14700,0.2757
4021,3,6.924483e-04,0.16384,0.3003
4022,3,6.923037e-04,0.14326,0.2807
4023,3,6.921592e-04,0.17259,0.2834
4024,3,6.920146e-04,0.12247,0.2469
4025,3,6.918700e-04,0.10645,0.3103
4026,3,6.917254e-04,0.15153,0.2907
4027,3,6.915808e-04,0.09747,0.2349
4028,3,6.914361e-04,0.16696,0.2991
4029,3,6.912914e-04,0.11840,0.2391
4030,3,6.911468e-04,0.10141,0.2177
4031,3,6.910021e-04,0.13511,0.3918
4032,3,6.908573e-04,0.15994,0.2974
4033,3,6.907126e-04,0.10676,0.2259
4034,3,6.905679e-04,0.06569,0.1737
4035,3,6.904231e-04,0.13852,0.2784
4036,3,6.902783e-04,0.14344,0.2423
4037,3,6.901335e-04,0.08495,0.2002
4038,3,6.899887e-04,0.14603,0.2783
4039,3,6.898438e-04,0.13897,0.2439
4040,3,6.896990e-04,0.13975,0.2419
4041,3,6.895541e-04,0.14560,0.2545
4042,3,6.894092e-04,0.16343,0.3088
4043,3,6.892643e-04,0.10117,0.2489
4044,3,6.891194e-04,0.12849,0.2796
4045,3,6.889744e-04,0.15266,0.2550
4046,3,6.888295e-04,0.17916,0.2645
4047,3,6.886845e-04,0.11303,0.2493
4048,3,6.885395e-04,0.11881,0.2874
4049,3,6.883945e-04,0.07136,0.2039
4050,3,6.882495e-04,0.15200,0.2705
4051,3,6.881044e-04,0.11626,0.2893
4052,3,6.879594e-04,0.10402,0.2478
4053,3,6.878143e-04,0.18190,0.3374
4054,3,6.876692e-04,0.17692,0.3245
4055,3,6.875241e-04,0.10741,0.2504
4056,3,6.873789e-04,0.13606,0.2427
4057,3,6.872338e-04,0.16439,0.2891
4058,3,6.870886e-04,0.12232,0.2214
4059,3,6.869434e-04,0.12890,0.2611
4060,3,6.867982e-04,0.20744,0.3334
4061,3,6.866530e-04,0.17479,0.2696
4062,3,6.865078e-04,0.14527,0.2941
4063,3,6.863625e-04,0.12019,0.2438
4064,3,6.862173e-04,0.13704,0.2996
4065,3,6.860720e-04,0.16640,0.3029
4066,3,6.859267e-04,0.14409,0.2428
4067,3,6.857813e-04,0.12199,0.2591
4068,3,6.856360e-04,0.15469,0.2789
4069,3,6.854907e-04,0.10970,0.2462
4070,3,6.853453e-04,0.14755,0.2478
4071,3,6.851999e-04,0.14231,0.2859
4072,3,6.850545e-04,0.11540,0.2416
4073,3,6.849091e-04,0.11612,0.2622
4074,3,6.847636e-04,0.16410,0.2641
4075,3,6.846182e-04,0.14939,0.2778
4076,3,6.844727e-04,0.10961,0.2689
4077,3,6.843272e-04,0.17115,0.2487
4078,3,6.841817e-04,0.10560,0.3188
4079,3,6.840362e-04,0.13620,0.2799
4080,3,6.838906e-04,0.08858,0.2252
4081,3,6.837451e-04,0.14495,0.2384
4082,3,6.835995e-04,0.10127,0.2481
4083,3,6.834539e-04,0.11033,0.2701
4084,3,6.833083e-04,0.10404,0.2081
4085,3,6.831627e-04,0.10728,0.2464
4086,3,6.830170e-04,0.11719,0.2206
4087,3,6.828714e-04,0.06899,0.2015
4088,3,6.827257e-04,0.14925,0.2403
4089,3,6.825800e-04,0.13323,0.2743
4090,3,6.824343e-04,0.09469,0.2213
4091,3,6.822886e-04,0.08626,0.2183
4092,3,6.821428e-04,0.10043,0.2363
4093,3,6.819971e-04,0.13703,0.2515
4094,3,6.818513e-04,0.11127,0.2440
4095,3,6.817055e-04,0.12298,0.2654
4096,3,6.815597e-04,0.11809,0.2510
4097,3,6.814139e-04,0.15955,0.2886
4098,3,6.812681e-04,0.06554,0.1824
4099,3,6.811222e-04,0.15505,0.3233
4100,3,6.809763e-04,0.19746,0.3813
4101,3,6.808304e-04,0.18003,0.3421
4102,3,6.806845e-04,0.18844,0.3391
4103,3,6.805386e-04,0.11333,0.2535
4104,3,6.803927e-04,0.13639,0.2648
4105,3,6.802467e-04,0.11352,0.2345
4106,3,6.801007e-04,0.18598,0.3072
4107,3,6.799547e-04,0.10732,0.2221
4108,3,6.798087e-04,0.09436,0.2302
4109,3,6.796627e-04,0.11913,0.2179
4110,3,6.795167e-04,0.13161,0.2903
4111,3,6.793706e-04,0.12462,0.2078
4112,3,6.792246e-04,0.10045,0.2224
4113,3,6.790785e-04,0.15047,0.2619
4114,3,6.789324e-04,0.15517,0.2606
4115,3,6.787863e-04,0.08654,0.1909
4116,3,6.786401e-04,0.15015,0.2468
4117,3,6.784940e-04,0.09327,0.1931
4118,3,6.783478e-04,0.11747,0.2388
4119,3,6.782016e-04,0.13606,0.1891
4120,3,6.780554e-04,0.14054,0.3023
4121,3,6.779092e-04,0.11668,0.2332
4122,3,6.777630e-04,0.11599,0.2390
4123,3,6.776167e-04,0.11261,0.2395
4124,3,6.774704e-04,0.09304,0.2315
4125,3,6.773242e-04,0.10937,0.3260
4126,3,6.771779e-04,0.11795,0.2146
4127,3,6.770316e-04,0.13371,0.3555
4128,3,6.768852e-04,0.11739,0.2421
4129,3,6.767389e-04,0.12430,0.2688
4130,3,6.765925e-04,0.08578,0.2528
4131,3,6.764461e-04,0.12847,0.2462
4132,3,6.762997e-04,0.08127,0.1929
4133,3,6.761533e-04,0.14508,0.2598
4134,3,6.760069e-04,0.09861,0.2347
4135,3,6.758605e-04,0.11716,0.2200
4136,3,6.757140e-04,0.09874,0.2538
4137,3,6.755675e-04,0.16719,0.3457
4138,3,6.754211e-04,0.11638,0.2634
4139,3,6.752745e-04,0.13530,0.2539
4140,3,6.751280e-04,0.14275,0.2824
4141,3,6.749815e-04,0.10175,0.2304
4142,3,6.748349e-04,0.13857,0.3154
4143,3,6.746884e-04,0.10804,0.2359
4144,3,6.745418e-04,0.12812,0.2795
4145,3,6.743952e-04,0.14245,0.2709
4146,3,6.742486e-04,0.09395,0.2289
4147,3,6.741019e-04,0.15083,0.3187
4148,3,6.739553e-04,0.12543,0.2594
4149,3,6.738086e-04,0.12659,0.2659
4150,3,6.736619e-04,0.15488,0.3419
4151,3,6.735153e-04,0.11702,0.2325
4152,3,6.733685e-04,0.15755,0.4115
4153,3,6.732218e-04,0.09551,0.2327
4154,3,6.730751e-04,0.13927,0.2929
4155,3,6.729283e-04,0.14392,0.4065
4156,3,6.727815e-04,0.13087,0.2786
4157,3,6.726348e-04,0.17566,0.2793
4158,3,6.724879e-04,0.16119,0.2570
4159,3,6.723411e-04,0.09242,0.2218
4160,3,6.721943e-04,0.12974,0.3135
4161,3,6.720474e-04,0.12925,0.2699
4162,3,6.719006e-04,0.14909,0.3285
4163,3,6.717537e-04,0.08509,0.2001
4164,3,6.716068e-04,0.13405,0.2855
4165,3,6.714599e-04,0.10211,0.3320
4166,3,6.713130e-04,0.12793,0.3350
4167,3,6.711660e-04,0.16272,0.3118
4168,3,6.710191e-04,0.13873,0.2780
4169,3,6.708721e-04,0.09949,0.2273
4170,3,6.707251e-04,0.12484,0.2402
4171,3,6.705781e-04,0.12434,0.2486
4172,3,6.704311e-04,0.14621,0.4319
4173,3,6.702840e-04,0.13795,0.2702
4174,3,6.701370e-04,0.19138,0.3324
4175,3,6.699899e-04,0.14131,0.2728
4176,3,6.698428e-04,0.07004,0.2016
4177,3,6.696957e-04,0.14817,0.3329
4178,3,6.695486e-04,0.11961,0.3097
4179,3,6.694015e-04,0.11107,0.2044
4180,3,6.692543e-04,0.13747,0.3108
4181,3,6.691072e-04,0.09800,0.2473
4182,3,6.689600e-04,0.11963,0.2429
4183,3,6.688128e-04,0.13925,0.2743
4184,3,6.686656e-04,0.06871,0.2179
4185,3,6.685184e-04,0.12958,0.2445
4186,3,6.683712e-04,0.16133,0.3186
4187,3,6.682239e-04,0.12262,0.3393
4188,3,6.680766e-04,0.11338,0.2218
4189,3,6.679294e-04,0.11633,0.2363
4190,3,6.677821e-04,0.19563,0.3440
4191,3,6.676348e-04,0.10150,0.2430
4192,3,6.674874e-04,0.08814,0.2327
4193,3,6.673401e-04,0.13896,0.4037
4194,3,6.671927e-04,0.11954,0.2470
4195,3,6.670454e-04,0.18369,0.2793
4196,3,6.668980e-04,0.10367,0.2870
4197,3,6.667506e-04,0.19652,0.3570
4198,3,6.666032e-04,0.16939,0.3519
4199,3,6.664557e-04,0.11825,0.2502
4200,3,6.663083e-04,0.09648,0.2299
4201,3,6.661608e-04,0.06707,0.2172
4202,3,6.660133e-04,0.17557,0.3356
4203,3,6.658659e-04,0.09242,0.1939
4204,3,6.657183e-04,0.11686,0.2790
4205,3,6.655708e-04,0.14020,0.3438
4206,3,6.654233e-04,0.11766,0.2603
4207,3,6.652757e-04,0.16967,0.2651
4208,3,6.651282e-04,0.15516,0.2910
4209,3,6.649806e-04,0.13975,0.2678
4210,3,6.648330e-04,0.09938,0.2762
4211,3,6.646854e-04,0.12587,0.2661
4212,3,6.645378e-04,0.13631,0.3360
4213,3,6.643901e-04,0.13150,0.2961
4214,3,6.642425e-04,0.16525,0.3175
4215,3,6.640948e-04,0.13702,0.2825
4216,3,6.639471e-04,0.13128,0.2587
4217,3,6.637994e-04,0.17273,0.3140
4218,3,6.636517e-04,0.14220,0.2490
4219,3,6.635040e-04,0.10119,0.2263
4220,3,6.633562e-04,0.08498,0.2080
4221,3,6.632085e-04,0.17667,0.3259
4222,3,6.630607e-04,0.15304,0.3603
4223,3,6.629129e-04,0.10230,0.2671
4224,3,6.627651e-04,0.14503,0.3868
4225,3,6.626173e-04,0.16882,0.2978
4226,3,6.624695e-04,0.13140,0.2217
4227,3,6.623216e-04,0.16311,0.2693
4228,3,6.621738e-04,0.11370,0.2550
4229,3,6.620259e-04,0.10951,0.2239
4230,3,6.618780e-04,0.17550,0.3779
4231,3,6.617301e-04,0.17077,0.2382
4232,3,6.615822e-04,0.11974,0.4044
4233,3,6.614343e-04,0.19001,0.3691
4234,3,6.612863e-04,0.12231,0.2206
4235,3,6.611384e-04,0.09344,0.2156
4236,3,6.609904e-04,0.15454,0.2728
4237,3,6.608424e-04,0.19487,0.2759
4238,3,6.606944e-04,0.15843,0.2455
4239,3,6.605464e-04,0.12349,0.2464
4240,3,6.603984e-04,0.11275,0.2029
4241,3,6.602503e-04,0.13083,0.2431
4242,3,6.601023e-04,0.16362,0.3128
4243,3,6.599542e-04,0.14070,0.3062
4244,3,6.598061e-04,0.15098,0.2181
4245,3,6.596580e-04,0.18763,0.2515
4246,3,6.595099e-04,0.09798,0.2099
4247,3,6.593617e-04,0.11080,0.2204
4248,3,6.592136e-04,0.12266,0.2049
4249,3,6.590654e-04,0.15312,0.3405
4250,3,6.589173e-04,0.09790,0.2144
4251,3,6.587691e-04,0.09851,0.2413
4252,3,6.586209e-04,0.22040,0.4408
4253,3,6.584727e-04,0.11632,0.2474
4254,3,6.583244e-04,0.11422,0.2538
4255,3,6.581762e-04,0.11210,0.2248
4256,3,6.580279e-04,0.15523,0.4020
4257,3,6.578797e-04,0.12167,0.2119
4258,3,6.577314e-04,0.17869,0.3314
4259,3,6.575831e-04,0.08945,0.2075
4260,3,6.574348e-04,0.14091,0.2748
4261,3,6.572864e-04,0.08579,0.2082
4262,3,6.571381e-04,0.09103,0.2528
4263,3,6.569897e-04,0.11202,0.2240
4264,3,6.568414e-04,0.11991,0.2428
4265,3,6.566930e-04,0.09372,0.2009
4266,3,6.565446e-04,0.09121,0.2570
4267,3,6.563962e-04,0.12017,0.2681
4268,3,6.562477e-04,0.09202,0.2132
4269,3,6.560993e-04,0.09257,0.2078
4270,3,6.559508e-04,0.13937,0.2699
4271,3,6.558024e-04,0.12218,0.2561
4272,3,6.556539e-04,0.14347,0.2742
4273,3,6.555054e-04,0.13800,0.2789
4274,3,6.553569e-04,0.10947,0.3562
4275,3,6.552084e-04,0.11617,0.2865
4276,3,6.550598e-04,0.07655,0.2270
4277,3,6.549113e-04,0.12258,0.2837
4278,3,6.547627e-04,0.14865,0.2904
4279,3,6.546141e-04,0.12885,0.2419
4280,3,6.544655e-04,0.11972,0.2928
4281,3,6.543169e-04,0.10997,0.3231
4282,3,6.541683e-04,0.13673,0.3771
4283,3,6.540197e-04,0.10898,0.2725
4284,3,6.538710e-04,0.08500,0.2372
4285,3,6.537224e-04,0.16565,0.4525
4286,3,6.535737e-04,0.12551,0.2624
4287,3,6.534250e-04,0.18587,0.2896
4288,3,6.532763e-04,0.09291,0.2668
4289,3,6.531276e-04,0.11894,0.2704
4290,3,6.529789e-04,0.14405,0.2737
4291,3,6.528301e-04,0.11040,0.2289
4292,3,6.526814e-04,0.12933,0.3074
4293,3,6.525326e-04,0.10194,0.2433
4294,3,6.523838e-04,0.13992,0.3568
4295,3,6.522350e-04,0.13001,0.3727
4296,3,6.520862e-04,0.08861,0.2868
4297,3,6.519374e-04,0.15217,0.2584
4298,3,6.517886e-04,0.11835,0.2450
4299,3,6.516397e-04,0.14555,0.3275
4300,3,6.514909e-04,0.10705,0.2889
4301,3,6.513420e-04,0.12405,0.2764
4302,3,6.511931e-04,0.13920,0.3141
4303,3,6.510442e-04,0.18921,0.4087
4304,3,6.508953e-04,0.09985,0.2559
4305,3,6.507463e-04,0.17566,0.3565
4306,3,6.505974e-04,0.11061,0.2776
4307,3,6.504484e-04,0.13892,0.2733
4308,3,6.502995e-04,0.09804,0.2394
4309,3,6.501505e-04,0.13633,0.3462
4310,3,6.500015e-04,0.17335,0.3125
4311,3,6.498525e-04,0.12524,0.3490
4312,3,6.497035e-04,0.11263,0.2602
4313,3,6.495544e-04,0.13866,0.2336
4314,3,6.494054e-04,0.16387,0.3521
4315,3,6.492563e-04,0.09726,0.2005
4316,3,6.491072e-04,0.13698,0.2941
4317,3,6.489582e-04,0.12488,0.2521
4318,3,6.488091e-04,0.09959,0.2273
4319,3,6.486599e-04,0.14886,0.2564
4320,3,6.485108e-04,0.14017,0.2316
4321,3,6.483617e-04,0.09856,0.1978
4322,3,6.482125e-04,0.14444,0.2533
4323,3,6.480634e-04,0.15286,0.2985
4324,3,6.479142e-04,0.11798,0.2378
4325,3,6.477650e-04,0.15374,0.2846
4326,3,6.476158e-04,0.11516,0.2443
4327,3,6.474666e-04,0.13038,0.2430
4328,3,6.473173e-04,0.13679,0.3172
4329,3,6.471681e-04,0.10475,0.2252
4330,3,6.470188e-04,0.12122,0.2060
4331,3,6.468696e-04,0.14617,0.2570
4332,3,6.467203e-04,0.09963,0.1972
4333,3,6.465710e-04,0.08404,0.2097
4334,3,6.464217e-04,0.15172,0.2993
4335,3,6.462724e-04,0.19048,0.3204
4336,3,6.461230e-04,0.13192,0.2919
4337,3,6.459737e-04,0.13449,0.2802
4338,3,6.458243e-04,0.18523,0.2863
4339,3,6.456749e-04,0.17028,0.2947
4340,3,6.455256e-04,0.12532,0.2991
4341,3,6.453762e-04,0.15411,0.2686
4342,3,6.452268e-04,0.11132,0.2137
4343,3,6.450773e-04,0.12337,0.3046
4344,3,6.449279e-04,0.15439,0.4280
4345,3,6.447784e-04,0.10994,0.2375
4346,3,6.446290e-04,0.18975,0.3523
4347,3,6.444795e-04,0.19324,0.3153
4348,3,6.443300e-04,0.14641,0.3061
4349,3,6.441805e-04,0.09800,0.2433
4350,3,6.440310e-04,0.08372,0.1917
4351,3,6.438815e-04,0.11078,0.2283
4352,3,6.437320e-04,0.11303,0.2163
4353,3,6.435824e-04,0.14494,0.3095
4354,3,6.434328e-04,0.09275,0.1982
4355,3,6.432833e-04,0.11735,0.2290
4356,3,6.431337e-04,0.14901,0.2716
4357,3,6.429841e-04,0.11999,0.2446
4358,3,6.428345e-04,0.11060,0.2549
4359,3,6.426848e-04,0.18932,0.3946
4360,3,6.425352e-04,0.10268,0.2316
4361,3,6.423856e-04,0.13008,0.2336
4362,3,6.422359e-04,0.11227,0.2253
4363,3,6.420862e-04,0.12091,0.2811
4364,3,6.419365e-04,0.20582,0.3898
4365,3,6.417868e-04,0.09442,0.2293
4366,3,6.416371e-04,0.12076,0.3031
4367,3,6.414874e-04,0.11068,0.2338
4368,3,6.413377e-04,0.13176,0.2703
4369,3,6.411879e-04,0.17849,0.2963
4370,3,6.410382e-04,0.10392,0.2073
4371,3,6.408884e-04,0.12486,0.2139
4372,3,6.407386e-04,0.12441,0.2224
4373,3,6.405888e-04,0.11682,0.3241
4374,3,6.404390e-04,0.12481,0.3248
4375,3,6.402892e-04,0.14281,0.2677
4376,3,6.401393e-04,0.09082,0.2092
4377,3,6.399895e-04,0.12844,0.2530
4378,3,6.398396e-04,0.09122,0.2352
4379,3,6.396898e-04,0.12471,0.2169
4380,3,6.395399e-04,0.08050,0.1828
4381,3,6.393900e-04,0.12990,0.3091
4382,3,6.392401e-04,0.13637,0.2601
4383,3,6.390902e-04,0.07834,0.1914
4384,3,6.389402e-04,0.08338,0.2667
4385,3,6.387903e-04,0.09158,0.2219
4386,3,6.386403e-04,0.09025,0.2149
4387,3,6.384904e-04,0.13355,0.2680
4388,3,6.383404e-04,0.15824,0.3084
4389,3,6.381904e-04,0.14082,0.2788
4390,3,6.380404e-04,0.12343,0.2756
4391,3,6.378904e-04,0.14326,0.2517
4392,3,6.377404e-04,0.15241,0.4200
4393,3,6.375903e-04,0.10789,0.2447
4394,3,6.374403e-04,0.12596,0.2476
4395,3,6.372902e-04,0.12379,0.2533
4396,3,6.371401e-04,0.15917,0.2901
4397,3,6.369900e-04,0.13448,0.2779
4398,3,6.368399e-04,0.14374,0.3172
4399,3,6.366898e-04,0.10748,0.2824
4400,3,6.365397e-04,0.12888,0.2468
4401,3,6.363896e-04,0.11203,0.2423
4402,3,6.362394e-04,0.11279,0.2947
4403,3,6.360893e-04,0.09805,0.2208
4404,3,6.359391e-04,0.15941,0.3143
4405,3,6.357889e-04,0.09587,0.2838
4406,3,6.356387e-04,0.13150,0.2727
4407,3,6.354885e-04,0.11085,0.2383
4408,3,6.353383e-04,0.08427,0.2236
4409,3,6.351881e-04,0.14640,0.3533
4410,3,6.350379e-04,0.16187,0.2987
4411,3,6.348876e-04,0.13007,0.2480
4412,3,6.347373e-04,0.19868,0.3897
4413,3,6.345871e-04,0.13945,0.2816
4414,3,6.344368e-04,0.14799,0.4076
4415,3,6.342865e-04,0.14085,0.2481
4416,3,6.341362e-04,0.16606,0.4074
4417,3,6.339859e-04,0.12741,0.2746
4418,3,6.338355e-04,0.12670,0.2587
4419,3,6.336852e-04,0.12585,0.3350
4420,3,6.335348e-04,0.18505,0.3160
4421,3,6.333845e-04,0.14342,0.2329
4422,3,6.332341e-04,0.19180,0.3140
4423,3,6.330837e-04,0.12998,0.2952
4424,3,6.329333e-04,0.08370,0.2052
4425,3,6.327829e-04,0.15836,0.2181
4426,3,6.326325e-04,0.13916,0.2917
4427,3,6.324820e-04,0.14314,0.2228
4428,3,6.323316e-04,0.12557,0.2298
4429,3,6.321811e-04,0.09851,0.2258
4430,3,6.320307e-04,0.10643,0.2331
4431,3,6.318802e-04,0.11385,0.2302
4432,3,6.317297e-04,0.13458,0.2718
4433,3,6.315792e-04,0.11541,0.2387
4434,3,6.314287e-04,0.10842,0.2440
4435,3,6.312781e-04,0.08801,0.2557
4436,3,6.311276e-04,0.13500,0.2344
4437,3,6.309771e-04,0.14768,0.3176
4438,3,6.308265e-04,0.20652,0.3872
4439,3,6.306759e-04,0.11233,0.2718
4440,3,6.305254e-04,0.20480,0.3128
4441,3,6.303748e-04,0.14275,0.3260
4442,3,6.302242e-04,0.13613,0.2850
4443,3,6.300735e-04,0.14098,0.2386
4444,3,6.299229e-04,0.12580,0.1947
4445,3,6.297723e-04,0.15007,0.2802
4446,3,6.296216e-04,0.15493,0.3082
4447,3,6.294710e-04,0.15059,0.2590
4448,3,6.293203e-04,0.17006,0.2614
4449,3,6.291696e-04,0.10210,0.2280
4450,3,6.290189e-04,0.17013,0.2981
4451,3,6.288682e-04,0.15123,0.2681
4452,3,6.287175e-04,0.10451,0.2644
4453,3,6.285668e-04,0.13185,0.3988
4454,3,6.284161e-04,0.13435,0.2264
4455,3,6.282653e-04,0.13442,0.2395
4456,3,6.281146e-04,0.13140,0.2370
4457,3,6.279638e-04,0.12287,0.2240
4458,3,6.278130e-04,0.12676,0.2443
4459,3,6.276622e-04,0.12312,0.2380
4460,3,6.275114e-04,0.13798,0.2674
4461,3,6.273606e-04,0.11771,0.2016
4462,3,6.272098e-04,0.13374,0.3239
4463,3,6.270589e-04,0.15631,0.2737
4464,3,6.269081e-04,0.21546,0.3391
4465,3,6.267572e-04,0.12916,0.2518
4466,3,6.266064e-04,0.12745,0.2306
4467,3,6.264555e-04,0.10065,0.2500
4468,3,6.263046e-04,0.13859,0.3042
4469,3,6.261537e-04,0.10994,0.2503
4470,3,6.260028e-04,0.18797,0.3436
4471,3,6.258519e-04,0.14354,0.2635
4472,3,6.257010e-04,0.12815,0.2451
4473,3,6.255500e-04,0.10047,0.2240
4474,3,6.253991e-04,0.10763,0.2233
4475,3,6.252481e-04,0.10524,0.2408
4476,3,6.250971e-04,0.14400,0.3138
4477,3,6.249462e-04,0.15286,0.3744
4478,3,6.247952e-04,0.13647,0.2782
4479,3,6.246442e-04,0.11843,0.2771
4480,3,6.244931e-04,0.13616,0.2711
4481,3,6.243421e-04,0.08580,0.1983
4482,3,6.241911e-04,0.10404,0.2372
4483,3,6.240400e-04,0.14420,0.2903
4484,3,6.238890e-04,0.11626,0.2792
4485,3,6.237379e-04,0.11662,0.2672
4486,3,6.235868e-04,0.11365,0.2625
4487,3,6.234357e-04,0.15230,0.3915
4488,3,6.232846e-04,0.18465,0.3019
4489,3,6.231335e-04,0.17370,0.3477
4490,3,6.229824e-04,0.13034,0.2810
4491,3,6.228313e-04,0.12637,0.3650
4492,3,6.226801e-04,0.14499,0.2694
4493,3,6.225290e-04,0.14752,0.3163
4494,3,6.223778e-04,0.13628,0.3606
4495,3,6.222267e-04,0.08763,0.2149
4496,3,6.220755e-04,0.15519,0.2651
4497,3,6.219243e-04,0.12918,0.2460
4498,3,6.217731e-04,0.19323,0.2911
4499,3,6.216219e-04,0.12223,0.2193
4500,3,6.214707e-04,0.13194,0.2659
4501,3,6.213194e-04,0.08216,0.2032
4502,3,6.211682e-04,0.12051,0.2694
4503,3,6.210169e-04,0.14865,0.2344
4504,3,6.208657e-04,0.13851,0.3303
4505,3,6.207144e-04,0.18306,0.3606
4506,3,6.205631e-04,0.13583,0.2485
4507,3,6.204118e-04,0.13318,0.2528
4508,3,6.202605e-04,0.14331,0.2526
4509,3,6.201092e-04,0.12322,0.2037
4510,3,6.199579e-04,0.13203,0.2879
4511,3,6.198065e-04,0.15406,0.2526
4512,3,6.196552e-04,0.08514,0.2003
4513,3,6.195039e-04,0.12482,0.2079
4514,3,6.193525e-04,0.15467,0.2631
4515,3,6.192011e-04,0.09302,0.2194
4516,3,6.190497e-04,0.13225,0.3607
4517,3,6.188983e-04,0.11365,0.2088
4518,3,6.187469e-04,0.12162,0.2506
4519,3,6.185955e-04,0.14298,0.2397
4520,3,6.184441e-04,0.09539,0.2208
4521,3,6.182927e-04,0.13166,0.2475
4522,3,6.181412e-04,0.09626,0.2545
4523,3,6.179898e-04,0.12629,0.2842
4524,3,6.178383e-04,0.11585,0.2579
4525,3,6.176868e-04,0.08152,0.2037
4526,3,6.175354e-04,0.07123,0.1766
4527,3,6.173839e-04,0.17504,0.2668
4528,3,6.172324e-04,0.15003,0.3242
4529,3,6.170809e-04,0.15988,0.3110
4530,3,6.169293e-04,0.14194,0.2680
4531,3,6.167778e-04,0.13153,0.2627
4532,3,6.166263e-04,0.13026,0.3810
4533,3,6.164747e-04,0.17688,0.2965
4534,3,6.163231e-04,0.18260,0.3057
4535,3,6.161716e-04,0.19925,0.4155
4536,3,6.160200e-04,0.14297,0.2711
4537,3,6.158684e-04,0.13344,0.2425
4538,3,6.157168e-04,0.07107,0.2277
4539,3,6.155652e-04,0.14150,0.2561
4540,3,6.154136e-04,0.12324,0.2480
4541,3,6.152620e-04,0.15960,0.2691
4542,3,6.151103e-04,0.09361,0.2171
4543,3,6.149587e-04,0.11710,0.2467
4544,3,6.148070e-04,0.07546,0.1956
4545,3,6.146554e-04,0.11541,0.2274
4546,3,6.145037e-04,0.14361,0.2944
4547,3,6.143520e-04,0.11916,0.2751
4548,3,6.142003e-04,0.14853,0.2529
4549,3,6.140486e-04,0.11658,0.2373
4550,3,6.138969e-04,0.18561,0.2966
4551,3,6.137452e-04,0.17164,0.3080
4552,3,6.135934e-04,0.18800,0.4654
4553,3,6.134417e-04,0.15888,0.3554
4554,3,6.132899e-04,0.10223,0.2307
4555,3,6.131382e-04,0.13791,0.3964
4556,3,6.129864e-04,0.09762,0.2245
4557,3,6.128346e-04,0.08912,0.2151
4558,3,6.126829e-04,0.15926,0.2614
4559,3,6.125311e-04,0.11600,0.3037
4560,3,6.123793e-04,0.11409,0.2176
4561,3,6.122274e-04,0.14775,0.2571
4562,3,6.120756e-04,0.12185,0.2530
4563,3,6.119238e-04,0.09065,0.2319
4564,3,6.117719e-04,0.10295,0.2543
4565,3,6.116201e-04,0.13072,0.2669
4566,3,6.114682e-04,0.13386,0.2499
4567,3,6.113164e-04,0.19382,0.3141
4568,3,6.111645e-04,0.15343,0.2764
4569,3,6.110126e-04,0.11164,0.2538
4570,3,6.108607e-04,0.14164,0.2639
4571,3,6.107088e-04,0.12519,0.2523
4572,3,6.105569e-04,0.10589,0.2193
4573,3,6.104049e-04,0.15927,0.3176
4574,3,6.102530e-04,0.12695,0.2613
4575,3,6.101011e-04,0.07959,0.2197
4576,3,6.099491e-04,0.09660,0.2304
4577,3,6.097972e-04,0.14550,0.2935
4578,3,6.096452e-04,0.07709,0.2077
4579,3,6.094932e-04,0.13002,0.3397
4580,3,6.093412e-04,0.09137,0.2162
4581,3,6.091892e-04,0.09938,0.2088
4582,3,6.090372e-04,0.11840,0.3673
4583,3,6.088852e-04,0.14030,0.2375
4584,3,6.087332e-04,0.10796,0.2463
4585,3,6.085812e-04,0.13417,0.2703
4586,3,6.084291e-04,0.14046,0.3095
4587,3,6.082771e-04,0.20996,0.3011
4588,3,6.081250e-04,0.12959,0.2681
4589,3,6.079729e-04,0.15868,0.2788
4590,3,6.078209e-04,0.12575,0.2370
4591,3,6.076688e-04,0.15040,0.3702
4592,3,6.075167e-04,0.16004,0.2854
4593,3,6.073646e-04,0.14562,0.2520
4594,3,6.072125e-04,0.16562,0.2870
4595,3,6.070604e-04,0.10751,0.2283
4596,3,6.069082e-04,0.13244,0.3252
4597,3,6.067561e-04,0.15381,0.2993
4598,3,6.066039e-04,0.11183,0.2190
4599,3,6.064518e-04,0.10681,0.1956
4600,3,6.062996e-04,0.19205,0.3199
4601,3,6.061475e-04,0.16086,0.2680
4602,3,6.059953e-04,0.13524,0.2723
4603,3,6.058431e-04,0.15024,0.3114
4604,3,6.056909e-04,0.14712,0.2417
4605,3,6.055387e-04,0.12630,0.2388
4606,3,6.053865e-04,0.11807,0.2287
4607,3,6.052342e-04,0.17692,0.3469
4608,3,6.050820e-04,0.12575,0.2559
4609,3,6.049298e-04,0.16697,0.2816
4610,3,6.047775e-04,0.13178,0.2617
4611,3,6.046253e-04,0.10674,0.2051
4612,3,6.044730e-04,0.10021,0.1721
4613,3,6.043207e-04,0.11146,0.2415
4614,3,6.041685e-04,0.14956,0.3158
4615,3,6.040162e-04,0.08704,0.2079
4616,3,6.038639e-04,0.11488,0.2821
4617,3,6.037116e-04,0.15165,0.2318
4618,3,6.035592e-04,0.08878,0.2263
4619,3,6.034069e-04,0.12774,0.2703
4620,3,6.032546e-04,0.11663,0.2504
4621,3,6.031023e-04,0.09752,0.2168
4622,3,6.029499e-04,0.13528,0.2646
4623,3,6.027975e-04,0.11594,0.3091
4624,3,6.026452e-04,0.11357,0.2632
4625,3,6.024928e-04,0.08863,0.2566
4626,3,6.023404e-04,0.14933,0.3327
4627,3,6.021880e-04,0.13169,0.2555
4628,3,6.020356e-04,0.19228,0.3067
4629,3,6.018832e-04,0.09535,0.3202
4630,3,6.017308e-04,0.10398,0.2350
4631,3,6.015784e-04,0.14890,0.2604
4632,3,6.014260e-04,0.12242,0.3891
4633,3,6.012735e-04,0.13829,0.2726
4634,3,6.011211e-04,0.17618,0.2915
4635,3,6.009686e-04,0.16760,0.3077
4636,3,6.008162e-04,0.14003,0.2422
4637,3,6.006637e-04,0.13478,0.3650
4638,3,6.005112e-04,0.11352,0.2362
4639,3,6.003587e-04,0.16509,0.2668
4640,3,6.002062e-04,0.13548,0.3034
4641,3,6.000537e-04,0.14173,0.3475
4642,3,5.999012e-04,0.09118,0.2074
4643,3,5.997487e-04,0.11055,0.1941
4644,3,5.995962e-04,0.15554,0.3505
4645,3,5.994437e-04,0.14480,0.2651
4646,3,5.992911e-04,0.09456,0.1951
4647,3,5.991386e-04,0.12645,0.2285
4648,3,5.989860e-04,0.09464,0.2368
4649,3,5.988334e-04,0.14269,0.3301
4650,3,5.986809e-04,0.17636,0.5301
4651,3,5.985283e-04,0.11175,0.2213
4652,3,5.983757e-04,0.18530,0.3209
4653,3,5.982231e-04,0.12244,0.2325
4654,3,5.980705e-04,0.12531,0.2245
4655,3,5.979179e-04,0.16348,0.2626
4656,3,5.977653e-04,0.08615,0.2366
4657,3,5.976126e-04,0.14641,0.2544
4658,3,5.974600e-04,0.08646,0.2110
4659,3,5.973074e-04,0.12922,0.2737
4660,3,5.971547e-04,0.10592,0.2139
4661,3,5.970021e-04,0.20415,0.3236
4662,3,5.968494e-04,0.20939,0.3049
4663,3,5.966967e-04,0.15495,0.2459
4664,3,5.965440e-04,0.14060,0.2414
4665,3,5.963914e-04,0.15445,0.3209
4666,3,5.962387e-04,0.14491,0.2428
4667,3,5.960860e-04,0.13646,0.2408
4668,3,5.959332e-04,0.19318,0.4212
4669,3,5.957805e-04,0.12646,0.2157
4670,3,5.956278e-04,0.09227,0.2125
4671,3,5.954751e-04,0.11800,0.1932
4672,3,5.953223e-04,0.14648,0.2381
4673,3,5.951696e-04,0.11663,0.2542
4674,3,5.950168e-04,0.11199,0.2388
4675,3,5.948641e-04,0.10540,0.2215
4676,3,5.947113e-04,0.16577,0.3362
4677,3,5.945585e-04,0.13183,0.3445
4678,3,5.944057e-04,0.08369,0.2291
4679,3,5.942529e-04,0.08550,0.2178
4680,3,5.941001e-04,0.08346,0.1806
4681,3,5.939473e-04,0.19104,0.2776
4682,3,5.937945e-04,0.07425,0.1835
4683,3,5.936417e-04,0.15456,0.2497
4684,3,5.934889e-04,0.12882,0.2840
4685,3,5.933360e-04,0.12674,0.2398
4686,3,5.931832e-04,0.14052,0.2415
4687,3,5.930303e-04,0.08146,0.2203
4688,3,5.928775e-04,0.11364,0.2375
4689,3,5.927246e-04,0.18445,0.3173
4690,3,5.925718e-04,0.11268,0.2809
4691,3,5.924189e-04,0.13851,0.3167
4692,3,5.922660e-04,0.14208,0.2950
4693,3,5.921131e-04,0.11369,0.1954
4694,3,5.919602e-04,0.16205,0.2784
4695,3,5.918073e-04,0.07070,0.2881
4696,3,5.916544e-04,0.10782,0.2292
4697,3,5.915015e-04,0.12319,0.2123
4698,3,5.913485e-04,0.11773,0.2951
4699,3,5.911956e-04,0.12044,0.2774
4700,3,5.910426e-04,0.17863,0.2850
4701,3,5.908897e-04,0.09296,0.2468
4702,3,5.907367e-04,0.14303,0.2659
4703,3,5.905838e-04,0.11811,0.3120
4704,3,5.904308e-04,0.13837,0.2499
4705,3,5.902778e-04,0.14120,0.3192
4706,3,5.901248e-04,0.15456,0.2803
4707,3,5.899719e-04,0.13691,0.2690
4708,3,5.898189e-04,0.13139,0.2824
4709,3,5.896659e-04,0.10500,0.2016
4710,3,5.895128e-04,0.11219,0.2618
4711,3,5.893598e-04,0.16835,0.2987
4712,3,5.892068e-04,0.11115,0.2441
4713,3,5.890538e-04,0.14705,0.3081
4714,3,5.889007e-04,0.16655,0.3068
4715,3,5.887477e-04,0.11568,0.2046
4716,3,5.885946e-04,0.06889,0.1696
4717,3,5.884416e-04,0.14080,0.2531
4718,3,5.882885e-04,0.12911,0.3258
4719,3,5.881354e-04,0.09976,0.2732
4720,3,5.879824e-04,0.10812,0.2816
4721,3,5.878293e-04,0.19712,0.4196
4722,3,5.876762e-04,0.09812,0.2339
4723,3,5.875231e-04,0.14394,0.3033
4724,3,5.873700e-04,0.17859,0.3167
4725,3,5.872169e-04,0.10806,0.2228
4726,3,5.870637e-04,0.14101,0.2832
4727,3,5.869106e-04,0.12337,0.2269
4728,3,5.867575e-04,0.08861,0.2152
4729,3,5.866043e-04,0.14302,0.2702
4730,3,5.864512e-04,0.10844,0.2315
4731,3,5.862981e-04,0.11919,0.2286
4732,3,5.861449e-04,0.11276,0.2460
4733,3,5.859917e-04,0.12684,0.2621
4734,3,5.858386e-04,0.10713,0.2308
4735,3,5.856854e-04,0.07759,0.1719
4736,3,5.855322e-04,0.09282,0.2207
4737,3,5.853790e-04,0.13313,0.2906
4738,3,5.852258e-04,0.10595,0.2558
4739,3,5.850726e-04,0.10091,0.2595
4740,3,5.849194e-04,0.15853,0.3304
4741,3,5.847662e-04,0.18218,0.3438
4742,3,5.846130e-04,0.17640,0.3387
4743,3,5.844597e-04,0.07575,0.1828
4744,3,5.843065e-04,0.10504,0.3258
4745,3,5.841533e-04,0.12132,0.2357
4746,3,5.840000e-04,0.11079,0.3495
4747,3,5.838468e-04,0.11848,0.2757
4748,3,5.836935e-04,0.14336,0.3548
4749,3,5.835402e-04,0.11413,0.2678
4750,3,5.833870e-04,0.15693,0.2876
4751,3,5.832337e-04,0.13616,0.3325
4752,3,5.830804e-04,0.11900,0.2536
4753,3,5.829271e-04,0.13192,0.2457
4754,3,5.827738e-04,0.11725,0.2805
4755,3,5.826205e-04,0.13390,0.2801
4756,3,5.824672e-04,0.14904,0.2677
4757,3,5.823139e-04,0.09976,0.3175
4758,3,5.821606e-04,0.11016,0.2375
4759,3,5.820072e-04,0.11520,0.2596
4760,3,5.818539e-04,0.11923,0.2392
4761,3,5.817006e-04,0.15163,0.2737
4762,3,5.815472e-04,0.14778,0.2680
4763,3,5.813939e-04,0.09613,0.2352
4764,3,5.812405e-04,0.18876,0.3408
4765,3,5.810872e-04,0.08677,0.1808
4766,3,5.809338e-04,0.12526,0.2467
4767,3,5.807804e-04,0.16899,0.2795
4768,3,5.806270e-04,0.08084,0.1986
4769,3,5.804737e-04,0.15755,0.2849
4770,3,5.803203e-04,0.13970,0.2402
4771,3,5.801669e-04,0.14870,0.2557
4772,3,5.800135e-04,0.20386,0.2892
4773,3,5.798600e-04,0.11834,0.2488
4774,3,5.797066e-04,0.11778,0.2191
4775,3,5.795532e-04,0.13537,0.2455
4776,3,5.793998e-04,0.10092,0.2148
4777,3,5.792464e-04,0.16584,0.3175
4778,3,5.790929e-04,0.09809,0.2157
4779,3,5.789395e-04,0.14458,0.2377
4780,3,5.787860e-04,0.12595,0.2559
4781,3,5.786326e-04,0.18470,0.2908
4782,3,5.784791e-04,0.10650,0.2135
4783,3,5.783256e-04,0.15376,0.2819
4784,3,5.781722e-04,0.10950,0.2259
4785,3,5.780187e-04,0.15195,0.2732
4786,3,5.778652e-04,0.09670,0.1849
4787,3,5.777117e-04,0.10312,0.2173
4788,3,5.775582e-04,0.15097,0.2697
4789,3,5.774047e-04,0.10472,0.2050
4790,3,5.772512e-04,0.08995,0.2307
4791,3,5.770977e-04,0.14295,0.2770
4792,3,5.769442e-04,0.12544,0.2368
4793,3,5.767907e-04,0.14229,0.2579
4794,3,5.766371e-04,0.08773,0.1937
4795,3,5.764836e-04,0.16389,0.2775
4796,3,5.763301e-04,0.08797,0.2123
4797,3,5.761765e-04,0.14916,0.3003
4798,3,5.760230e-04,0.10229,0.2447
4799,3,5.758694e-04,0.11037,0.2591
4800,3,5.757159e-04,0.06245,0.1658
4801,3,5.755623e-04,0.08204,0.2093
4802,3,5.754087e-04,0.08845,0.2073
4803,3,5.752551e-04,0.10451,0.2370
4804,3,5.751016e-04,0.09848,0.2425
4805,3,5.749480e-04,0.14471,0.2845
4806,3,5.747944e-04,0.11376,0.2304
4807,3,5.746408e-04,0.14141,0.2546
4808,3,5.744872e-04,0.17913,0.3135
4809,3,5.743336e-04,0.12319,0.2635
4810,3,5.741800e-04,0.09605,0.2355
4811,3,5.740263e-04,0.15163,0.2636
4812,3,5.738727e-04,0.14173,0.2810
4813,3,5.737191e-04,0.09943,0.2663
4814,3,5.735655e-04,0.12435,0.2349
4815,3,5.734118e-04,0.11751,0.2725
4816,3,5.732582e-04,0.08275,0.2498
4817,3,5.731045e-04,0.10415,0.2831
4818,3,5.729509e-04,0.13763,0.2721
4819,3,5.727972e-04,0.14902,0.3060
4820,3,5.726435e-04,0.09536,0.2327
4821,3,5.724899e-04,0.10462,0.2337
4822,3,5.723362e-04,0.07354,0.1941
4823,3,5.721825e-04,0.10455,0.2369
4824,3,5.720288e-04,0.15321,0.2781
4825,3,5.718751e-04,0.10497,0.2574
4826,3,5.717214e-04,0.13190,0.2497
4827,3,5.715677e-04,0.18792,0.3167
4828,3,5.714140e-04,0.11951,0.3086
4829,3,5.712603e-04,0.12278,0.2380
4830,3,5.711066e-04,0.09296,0.2816
4831,3,5.709529e-04,0.14274,0.2847
4832,3,5.707992e-04,0.12372,0.2617
4833,3,5.706454e-04,0.12773,0.3345
4834,3,5.704917e-04,0.18599,0.3929
4835,3,5.703380e-04,0.17095,0.3784
4836,3,5.701842e-04,0.15032,0.2664
4837,3,5.700305e-04,0.09447,0.2192
4838,3,5.698767e-04,0.11143,0.2350
4839,3,5.697230e-04,0.09842,0.2355
4840,3,5.695692e-04,0.12608,0.2543
4841,3,5.694154e-04,0.14482,0.2687
4842,3,5.692617e-04,0.09429,0.2385
4843,3,5.691079e-04,0.10451,0.4048
4844,3,5.689541e-04,0.07740,0.2030
4845,3,5.688003e-04,0.12834,0.2798
4846,3,5.686465e-04,0.14040,0.2365
4847,3,5.684927e-04,0.13509,0.3651
4848,3,5.683389e-04,0.20597,0.3455
4849,3,5.681851e-04,0.15512,0.3451
4850,3,5.680313e-04,0.13225,0.2799
4851,3,5.678775e-04,0.07674,0.2058
4852,3,5.677237e-04,0.13628,0.2234
4853,3,5.675699e-04,0.14511,0.2737
4854,3,5.674161e-04,0.13562,0.2060
4855,3,5.672622e-04,0.12984,0.2823
4856,3,5.671084e-04,0.13945,0.4194
4857,3,5.669545e-04,0.14581,0.3062
4858,3,5.668007e-04,0.13196,0.2816
4859,3,5.666469e-04,0.10315,0.2219
4860,3,5.664930e-04,0.14245,0.2539
4861,3,5.663391e-04,0.15054,0.2851
4862,3,5.661853e-04,0.19077,0.2981
4863,3,5.660314e-04,0.17543,0.2650
4864,3,5.658775e-04,0.09605,0.2597
4865,3,5.657237e-04,0.11456,0.2434
4866,3,5.655698e-04,0.20783,0.3430
4867,3,5.654159e-04,0.12360,0.3553
4868,3,5.652620e-04,0.14373,0.2613
4869,3,5.651081e-04,0.13499,0.3123
4870,3,5.649542e-04,0.12857,0.2423
4871,3,5.648003e-04,0.15053,0.2845
4872,3,5.646464e-04,0.11002,0.2320
4873,3,5.644925e-04,0.09063,0.2110
4874,3,5.643386e-04,0.08933,0.2027
4875,3,5.641847e-04,0.14193,0.2650
4876,3,5.640308e-04,0.15003,0.3531
4877,3,5.638768e-04,0.12201,0.2967
4878,3,5.637229e-04,0.12190,0.2414
4879,3,5.635690e-04,0.13743,0.2391
4880,3,5.634150e-04,0.11244,0.2554
4881,3,5.632611e-04,0.09250,0.1879
4882,3,5.631071e-04,0.09061,0.1914
4883,3,5.629532e-04,0.12795,0.2911
4884,3,5.627992e-04,0.14505,0.3180
4885,3,5.626453e-04,0.13331,0.4084
4886,3,5.624913e-04,0.14154,0.2595
4887,3,5.623374e-04,0.11459,0.2161
4888,3,5.621834e-04,0.15458,0.2577
4889,3,5.620294e-04,0.12468,0.2217
4890,3,5.618754e-04,0.10474,0.2329
4891,3,5.617215e-04,0.12521,0.2631
4892,3,5.615675e-04,0.11762,0.3005
4893,3,5.614135e-04,0.13305,0.3109
4894,3,5.612595e-04,0.11325,0.2885
4895,3,5.611055e-04,0.13138,0.2581
4896,3,5.609515e-04,0.14611,0.2981
4897,3,5.607975e-04,0.15621,0.3182
4898,3,5.606435e-04,0.10377,0.2713
4899,3,5.604895e-04,0.11546,0.2444
4900,3,5.603354e-04,0.11915,0.2416
4901,3,5.601814e-04,0.13364,0.2595
4902,3,5.600274e-04,0.15312,0.2579
4903,3,5.598734e-04,0.14098,0.2696
4904,3,5.597193e-04,0.13078,0.2894
4905,3,5.595653e-04,0.07713,0.1966
4906,3,5.594113e-04,0.13513,0.2480
4907,3,5.592572e-04,0.13605,0.3624
4908,3,5.591032e-04,0.14967,0.2807
4909,3,5.589491e-04,0.09277,0.2211
4910,3,5.587951e-04,0.12476,0.3296
4911,3,5.586410e-04,0.10435,0.2568
4912,3,5.584870e-04,0.11052,0.2454
4913,3,5.583329e-04,0.08023,0.1979
4914,3,5.581788e-04,0.12277,0.2839
4915,3,5.580248e-04,0.08317,0.2460
4916,3,5.578707e-04,0.08264,0.2558
4917,3,5.577166e-04,0.15152,0.4548
4918,3,5.575625e-04,0.12501,0.4148
4919,3,5.574084e-04,0.15833,0.3748
4920,3,5.572544e-04,0.10392,0.2604
4921,3,5.571003e-04,0.08230,0.2011
4922,3,5.569462e-04,0.11008,0.2134
4923,3,5.567921e-04,0.15241,0.4734
4924,3,5.566380e-04,0.08248,0.2131
4925,3,5.564839e-04,0.12595,0.2998
4926,3,5.563298e-04,0.12525,0.2903
4927,3,5.561757e-04,0.13811,0.4087
4928,3,5.560215e-04,0.20219,0.3877
4929,3,5.558674e-04,0.10748,0.2611
4930,3,5.557133e-04,0.19362,0.3814
4931,3,5.555592e-04,0.12505,0.2604
4932,3,5.554050e-04,0.11962,0.2338
4933,3,5.552509e-04,0.10455,0.2233
4934,3,5.550968e-04,0.10277,0.2118
4935,3,5.549426e-04,0.07898,0.2119
4936,3,5.547885e-04,0.12666,0.2665
4937,3,5.546344e-04,0.06748,0.2358
4938,3,5.544802e-04,0.12484,0.2855
4939,3,5.543261e-04,0.11880,0.2454
4940,3,5.541719e-04,0.11953,0.2423
4941,3,5.540178e-04,0.13220,0.2555
4942,3,5.538636e-04,0.12643,0.2443
4943,3,5.537094e-04,0.07215,0.2298
4944,3,5.535553e-04,0.10643,0.2817
4945,3,5.534011e-04,0.09193,0.2081
4946,3,5.532469e-04,0.11270,0.2580
4947,3,5.530928e-04,0.08423,0.2230
4948,3,5.529386e-04,0.13434,0.3722
4949,3,5.527844e-04,0.07300,0.2129
4950,3,5.526302e-04,0.12244,0.2908
4951,3,5.524760e-04,0.12634,0.2638
4952,3,5.523218e-04,0.10938,0.2586
4953,3,5.521676e-04,0.12321,0.2778
4954,3,5.520135e-04,0.15496,0.3544
4955,3,5.518593e-04,0.17417,0.3538
4956,3,5.517051e-04,0.19278,0.3186
4957,3,5.515509e-04,0.10168,0.2696
4958,3,5.513966e-04,0.15642,0.3699
4959,3,5.512424e-04,0.11855,0.2517
4960,3,5.510882e-04,0.12105,0.2740
4961,3,5.509340e-04,0.14270,0.3739
4962,3,5.507798e-04,0.13621,0.3251
4963,3,5.506256e-04,0.16183,0.3569
4964,3,5.504714e-04,0.12683,0.3199
4965,3,5.503171e-04,0.15170,0.2944
4966,3,5.501629e-04,0.13569,0.2695
4967,3,5.500087e-04,0.08688,0.2512
4968,3,5.498544e-04,0.10226,0.1589
4969,3,5.497002e-04,0.08452,0.2198
4970,3,5.495460e-04,0.16616,0.2362
4971,3,5.493917e-04,0.12573,0.2476
4972,3,5.492375e-04,0.10275,0.2345
4973,3,5.490832e-04,0.13591,0.2812
4974,3,5.489290e-04,0.08039,0.2201
4975,3,5.487747e-04,0.14254,0.3056
4976,3,5.486205e-04,0.15262,0.2295
4977,3,5.484662e-04,0.16489,0.2881
4978,3,5.483120e-04,0.11888,0.2306
4979,3,5.481577e-04,0.14729,0.2998
4980,3,5.480034e-04,0.17045,0.3238
4981,3,5.478492e-04,0.14376,0.2803
4982,3,5.476949e-04,0.10948,0.2372
4983,3,5.475406e-04,0.16700,0.2883
4984,3,5.473864e-04,0.13479,0.2774
4985,3,5.472321e-04,0.15288,0.2714
4986,3,5.470778e-04,0.11205,0.2709
4987,3,5.469235e-04,0.19644,0.3681
4988,3,5.467692e-04,0.15899,0.2869
4989,3,5.466150e-04,0.13241,0.3594
4990,3,5.464607e-04,0.12621,0.2429
4991,3,5.463064e-04,0.17868,0.2871
4992,3,5.461521e-04,0.10018,0.2291
4993,3,5.459978e-04,0.12132,0.2435
4994,3,5.458435e-04,0.13016,0.2684
4995,3,5.456892e-04,0.13144,0.2209
4996,3,5.455349e-04,0.11184,0.2620
4997,3,5.453806e-04,0.13444,0.2363
4998,3,5.452263e-04,0.15404,0.2392
4999,3,5.450720e-04,0.08423,0.2036
5000,3,5.449177e-04,0.11589,0.2229
5001,3,5.447634e-04,0.13684,0.2092
5002,3,5.446091e-04,0.12237,0.3698
5003,3,5.444547e-04,0.07113,0.2090
5004,3,5.443004e-04,0.16821,0.2734
5005,3,5.441461e-04,0.11619,0.2932
5006,3,5.439918e-04,0.12906,0.2519
5007,3,5.438375e-04,0.12126,0.2675
5008,3,5.436831e-04,0.13200,0.3088
5009,3,5.435288e-04,0.19970,0.3170
5010,3,5.433745e-04,0.10763,0.1977
5011,3,5.432201e-04,0.17916,0.2650
5012,3,5.430658e-04,0.16571,0.2955
5013,3,5.429115e-04,0.11657,0.2334
5014,3,5.427571e-04,0.09919,0.2393
5015,3,5.426028e-04,0.15006,0.2820
5016,3,5.424485e-04,0.13433,0.2801
5017,3,5.422941e-04,0.09713,0.2315
5018,3,5.421398e-04,0.17177,0.3185
5019,3,5.419854e-04,0.14318,0.2693
5020,3,5.418311e-04,0.15089,0.2629
5021,3,5.416767e-04,0.11184,0.2677
5022,3,5.415224e-04,0.14802,0.3773
5023,3,5.413680e-04,0.13550,0.2487
5024,3,5.412137e-04,0.11320,0.2217
5025,3,5.410593e-04,0.09764,0.2586
5026,3,5.409050e-04,0.08159,0.1778
5027,3,5.407506e-04,0.16809,0.2791
5028,3,5.405962e-04,0.12485,0.2392
5029,3,5.404419e-04,0.15614,0.2962
5030,3,5.402875e-04,0.10120,0.2366
5031,3,5.401331e-04,0.11074,0.3407
5032,3,5.399788e-04,0.08040,0.2050
5033,3,5.398244e-04,0.14206,0.2525
5034,3,5.396700e-04,0.10772,0.2092
5035,3,5.395157e-04,0.09659,0.2186
5036,3,5.393613e-04,0.15287,0.2781
5037,3,5.392069e-04,0.16757,0.3102
5038,3,5.390525e-04,0.12211,0.2478
5039,3,5.388981e-04,0.08801,0.2538
5040,3,5.387438e-04,0.11195,0.2450
5041,3,5.385894e-04,0.12668,0.2597
5042,3,5.384350e-04,0.14014,0.2502
5043,3,5.382806e-04,0.10860,0.2207
5044,3,5.381262e-04,0.16246,0.3072
5045,3,5.379718e-04,0.14479,0.2565
5046,3,5.378175e-04,0.18749,0.3043
5047,3,5.376631e-04,0.10910,0.2508
5048,3,5.375087e-04,0.14001,0.2432
5049,3,5.373543e-04,0.19994,0.3287
5050,3,5.371999e-04,0.17693,0.2674
5051,3,5.370455e-04,0.13815,0.2486
5052,3,5.368911e-04,0.13804,0.2558
5053,3,5.367367e-04,0.12391,0.2440
5054,3,5.365823e-04,0.17018,0.2682
5055,3,5.364279e-04,0.11470,0.2378
5056,3,5.362735e-04,0.09149,0.2043
5057,3,5.361191e-04,0.19215,0.3425
5058,3,5.359647e-04,0.16145,0.3378
5059,3,5.358103e-04,0.13282,0.2266
5060,3,5.356559e-04,0.16421,0.2516
5061,3,5.355015e-04,0.17469,0.3610
5062,3,5.353471e-04,0.16111,0.2722
5063,3,5.351926e-04,0.08784,0.2361
5064,3,5.350382e-04,0.18626,0.3627
5065,3,5.348838e-04,0.15750,0.2544
5066,3,5.347294e-04,0.13146,0.2687
5067,3,5.345750e-04,0.14405,0.2526
5068,3,5.344206e-04,0.13326,0.2282
5069,3,5.342662e-04,0.15098,0.2729
5070,3,5.341118e-04,0.14978,0.4208
5071,3,5.339573e-04,0.13668,0.2380
5072,3,5.338029e-04,0.14721,0.2331
5073,3,5.336485e-04,0.20027,0.2899
5074,3,5.334941e-04,0.12598,0.2376
5075,3,5.333397e-04,0.14915,0.2642
5076,3,5.331852e-04,0.16427,0.2756
5077,3,5.330308e-04,0.14527,0.2756
5078,3,5.328764e-04,0.11976,0.2497
5079,3,5.327220e-04,0.15673,0.2813
5080,3,5.325675e-04,0.16153,0.3019
5081,3,5.324131e-04,0.07953,0.1906
5082,3,5.322587e-04,0.12372,0.2277
5083,3,5.321042e-04,0.13968,0.2239
5084,3,5.319498e-04,0.20908,0.2856
5085,3,5.317954e-04,0.12709,0.2236
5086,3,5.316410e-04,0.10087,0.2162
5087,3,5.314865e-04,0.10722,0.2647
5088,3,5.313321e-04,0.11622,0.2592
5089,3,5.311777e-04,0.15002,0.2376
5090,3,5.310232e-04,0.11496,0.2644
5091,3,5.308688e-04,0.11710,0.2672
5092,3,5.307144e-04,0.09935,0.2249
5093,3,5.305599e-04,0.10577,0.2201
5094,3,5.304055e-04,0.09211,0.1929
5095,3,5.302511e-04,0.12038,0.2246
5096,3,5.300966e-04,0.10131,0.2337
5097,3,5.299422e-04,0.09819,0.2672
5098,3,5.297877e-04,0.16174,0.2594
5099,3,5.296333e-04,0.09387,0.2013
5100,3,5.294789e-04,0.11643,0.2805
5101,3,5.293244e-04,0.12663,0.3222
5102,3,5.291700e-04,0.14369,0.2707
5103,3,5.290155e-04,0.19442,0.3373
5104,3,5.288611e-04,0.11678,0.2436
5105,3,5.287067e-04,0.08110,0.2200
5106,3,5.285522e-04,0.10579,0.2639
5107,3,5.283978e-04,0.16581,0.3128
5108,3,5.282433e-04,0.09339,0.2226
5109,3,5.280889e-04,0.09272,0.2209
5110,3,5.279345e-04,0.17586,0.2845
5111,3,5.277800e-04,0.13544,0.2482
5112,3,5.276256e-04,0.16540,0.2962
5113,3,5.274711e-04,0.11703,0.2797
5114,3,5.273167e-04,0.15740,0.3908
5115,3,5.271622e-04,0.10161,0.2982
5116,3,5.270078e-04,0.15683,0.2815
5117,3,5.268533e-04,0.11667,0.2545
5118,3,5.266989e-04,0.17915,0.2760
5119,3,5.265445e-04,0.11826,0.3489
5120,3,5.263900e-04,0.15595,0.2880
5121,3,5.262356e-04,0.16329,0.3003
5122,3,5.260811e-04,0.10925,0.2576
5123,3,5.259267e-04,0.12260,0.2553
5124,3,5.257722e-04,0.10210,0.2175
5125,3,5.256178e-04,0.13760,0.2766
5126,3,5.254633e-04,0.14260,0.2603
5127,3,5.253089e-04,0.12116,0.2450
5128,3,5.251544e-04,0.15195,0.3057
5129,3,5.250000e-04,0.14759,0.3129
5130,3,5.248456e-04,0.11430,0.2230
5131,3,5.246911e-04,0.12978,0.2377
5132,3,5.245367e-04,0.08501,0.2166
5133,3,5.243822e-04,0.12253,0.2677
5134,3,5.242278e-04,0.15961,0.2641
5135,3,5.240733e-04,0.14679,0.3560
5136,3,5.239189e-04,0.12442,0.2615
5137,3,5.237644e-04,0.13988,0.3834
5138,3,5.236100e-04,0.13884,0.2720
5139,3,5.234555e-04,0.13579,0.2634
5140,3,5.233011e-04,0.15986,0.2933
5141,3,5.231467e-04,0.14349,0.2645
5142,3,5.229922e-04,0.14261,0.3572
5143,3,5.228378e-04,0.11395,0.2302
5144,3,5.226833e-04,0.10901,0.2036
5145,3,5.225289e-04,0.10416,0.2238
5146,3,5.223744e-04,0.16113,0.3502
5147,3,5.222200e-04,0.10628,0.2159
5148,3,5.220655e-04,0.13292,0.3350
5149,3,5.219111e-04,0.20443,0.3270
5150,3,5.217567e-04,0.13946,0.2327
5151,3,5.216022e-04,0.15509,0.2884
5152,3,5.214478e-04,0.12508,0.2626
5153,3,5.212933e-04,0.12122,0.2401
5154,3,5.211389e-04,0.09204,0.2509
5155,3,5.209845e-04,0.16007,0.3248
5156,3,5.208300e-04,0.10139,0.3034
5157,3,5.206756e-04,0.10770,0.3266
5158,3,5.205211e-04,0.09357,0.2139
5159,3,5.203667e-04,0.13489,0.2729
5160,3,5.202123e-04,0.16817,0.2953
5161,3,5.200578e-04,0.18099,0.2789
5162,3,5.199034e-04,0.16890,0.2662
5163,3,5.197489e-04,0.09661,0.2425
5164,3,5.195945e-04,0.15077,0.3869
5165,3,5.194401e-04,0.13639,0.2740
5166,3,5.192856e-04,0.13432,0.2325
5167,3,5.191312e-04,0.10302,0.2163
5168,3,5.189768e-04,0.09396,0.2133
5169,3,5.188223e-04,0.16223,0.3053
5170,3,5.186679e-04,0.09429,0.2267
5171,3,5.185135e-04,0.15449,0.2968
5172,3,5.183590e-04,0.14543,0.3034
5173,3,5.182046e-04,0.16388,0.3241
5174,3,5.180502e-04,0.18021,0.3025
5175,3,5.178958e-04,0.14069,0.2750
5176,3,5.177413e-04,0.10335,0.2302
5177,3,5.175869e-04,0.09946,0.2472
5178,3,5.174325e-04,0.10331,0.2279
5179,3,5.172780e-04,0.12508,0.2685
5180,3,5.171236e-04,0.12161,0.2512
5181,3,5.169692e-04,0.10112,0.2129
5182,3,5.168148e-04,0.15339,0.4098
5183,3,5.166603e-04,0.13028,0.2685
5184,3,5.165059e-04,0.10476,0.2806
5185,3,5.163515e-04,0.13590,0.2526
5186,3,5.161971e-04,0.08258,0.2049
5187,3,5.160427e-04,0.09734,0.2450
5188,3,5.158882e-04,0.13206,0.2338
5189,3,5.157338e-04,0.08532,0.2123
5190,3,5.155794e-04,0.14324,0.2467
5191,3,5.154250e-04,0.13979,0.2840
5192,3,5.152706e-04,0.10431,0.2137
5193,3,5.151162e-04,0.19109,0.3081
5194,3,5.149618e-04,0.11309,0.2484
5195,3,5.148074e-04,0.15529,0.3180
5196,3,5.146529e-04,0.12285,0.2750
5197,3,5.144985e-04,0.14010,0.2667
5198,3,5.143441e-04,0.10567,0.2215
5199,3,5.141897e-04,0.12668,0.2153
5200,3,5.140353e-04,0.12297,0.2261
5201,3,5.138809e-04,0.14595,0.2263
5202,3,5.137265e-04,0.14596,0.2716
5203,3,5.135721e-04,0.09915,0.2355
5204,3,5.134177e-04,0.10629,0.2086
5205,3,5.132633e-04,0.16448,0.2931
5206,3,5.131089e-04,0.10620,0.2474
5207,3,5.129545e-04,0.07188,0.2134
5208,3,5.128001e-04,0.16820,0.2592
5209,3,5.126457e-04,0.11588,0.2612
5210,3,5.124913e-04,0.12632,0.2618
5211,3,5.123369e-04,0.15214,0.2576
5212,3,5.121825e-04,0.13346,0.3005
5213,3,5.120282e-04,0.15222,0.2987
5214,3,5.118738e-04,0.13071,0.2894
5215,3,5.117194e-04,0.09545,0.2183
5216,3,5.115650e-04,0.10619,0.2360
5217,3,5.114106e-04,0.14928,0.2426
5218,3,5.112562e-04,0.09762,0.2328
5219,3,5.111019e-04,0.15824,0.2575
5220,3,5.109475e-04,0.10736,0.2418
5221,3,5.107931e-04,0.14311,0.2468
5222,3,5.106387e-04,0.13594,0.2629
5223,3,5.104843e-04,0.14748,0.3217
5224,3,5.103300e-04,0.09133,0.2133
5225,3,5.101756e-04,0.13841,0.2546
5226,3,5.100212e-04,0.16248,0.2890
5227,3,5.098669e-04,0.13716,0.2769
5228,3,5.097125e-04,0.09594,0.2886
5229,3,5.095581e-04,0.12999,0.3337
5230,3,5.094038e-04,0.16631,0.2886
5231,3,5.092494e-04,0.14899,0.2974
5232,3,5.090950e-04,0.10733,0.2385
5233,3,5.089407e-04,0.15345,0.3120
5234,3,5.087863e-04,0.13811,0.2927
5235,3,5.086320e-04,0.07443,0.2217
5236,3,5.084776e-04,0.11237,0.2424
5237,3,5.083233e-04,0.11978,0.2337
5238,3,5.081689e-04,0.18167,0.2753
5239,3,5.080146e-04,0.14076,0.2357
5240,3,5.078602e-04,0.12593,0.2340
5241,3,5.077059e-04,0.14904,0.2382
5242,3,5.075515e-04,0.15029,0.2597
5243,3,5.073972e-04,0.08878,0.2584
5244,3,5.072429e-04,0.12901,0.2166
5245,3,5.070885e-04,0.11234,0.2460
5246,3,5.069342e-04,0.13150,0.3761
5247,3,5.067799e-04,0.14102,0.2528
5248,3,5.066255e-04,0.14702,0.2595
5249,3,5.064712e-04,0.07933,0.2016
5250,3,5.063169e-04,0.15561,0.2542
5251,3,5.061625e-04,0.08649,0.2145
5252,3,5.060082e-04,0.11721,0.2163
5253,3,5.058539e-04,0.12485,0.2634
5254,3,5.056996e-04,0.13081,0.3029
5255,3,5.055453e-04,0.09166,0.2081
5256,3,5.053909e-04,0.13875,0.2364
5257,3,5.052366e-04,0.14101,0.2803
5258,3,5.050823e-04,0.14041,0.2751
5259,3,5.049280e-04,0.10835,0.2258
5260,3,5.047737e-04,0.11714,0.2122
5261,3,5.046194e-04,0.11457,0.2148
5262,3,5.044651e-04,0.10154,0.2168
5263,3,5.043108e-04,0.12313,0.2262
5264,3,5.041565e-04,0.11878,0.2553
5265,3,5.040022e-04,0.11733,0.2470
5266,3,5.038479e-04,0.10373,0.2192
5267,3,5.036936e-04,0.12674,0.2584
5268,3,5.035393e-04,0.14596,0.2741
5269,3,5.033850e-04,0.10718,0.2481
5270,3,5.032308e-04,0.12160,0.2709
5271,3,5.030765e-04,0.07848,0.1990
5272,3,5.029222e-04,0.17124,0.3096
5273,3,5.027679e-04,0.14649,0.3718
5274,3,5.026136e-04,0.12786,0.2203
5275,3,5.024594e-04,0.09939,0.2503
5276,3,5.023051e-04,0.14137,0.2649
5277,3,5.021508e-04,0.12467,0.3669
5278,3,5.019966e-04,0.16404,0.3378
5279,3,5.018423e-04,0.15949,0.2787
5280,3,5.016880e-04,0.12021,0.2368
5281,3,5.015338e-04,0.12963,0.2495
5282,3,5.013795e-04,0.12627,0.2828
5283,3,5.012253e-04,0.09686,0.3117
5284,3,5.010710e-04,0.16759,0.3581
5285,3,5.009168e-04,0.14577,0.2749
5286,3,5.007625e-04,0.14434,0.2789
5287,3,5.006083e-04,0.13852,0.2770
5288,3,5.004540e-04,0.11919,0.2485
5289,3,5.002998e-04,0.16104,0.2580
5290,3,5.001456e-04,0.14159,0.2698
5291,3,4.999913e-04,0.13415,0.2844
5292,3,4.998371e-04,0.17319,0.3256
5293,3,4.996829e-04,0.10194,0.2186
5294,3,4.995286e-04,0.13185,0.2729
5295,3,4.993744e-04,0.11019,0.2282
5296,3,4.992202e-04,0.11847,0.2213
5297,3,4.990660e-04,0.19445,0.2802
5298,3,4.989118e-04,0.11988,0.2320
5299,3,4.987576e-04,0.15202,0.2556
5300,3,4.986034e-04,0.10387,0.2399
5301,3,4.984491e-04,0.13903,0.2596
5302,3,4.982949e-04,0.14509,0.2963
5303,3,4.981407e-04,0.11486,0.2100
5304,3,4.979865e-04,0.16365,0.3031
5305,3,4.978324e-04,0.12152,0.2643
5306,3,4.976782e-04,0.15642,0.2945
5307,3,4.975240e-04,0.17118,0.3002
5308,3,4.973698e-04,0.10162,0.2186
5309,3,4.972156e-04,0.13289,0.2303
5310,3,4.970614e-04,0.11626,0.2267
5311,3,4.969072e-04,0.10774,0.2095
5312,3,4.967531e-04,0.19194,0.2832
5313,3,4.965989e-04,0.14256,0.2235
5314,3,4.964447e-04,0.14257,0.2510
5315,3,4.962906e-04,0.13299,0.2267
5316,3,4.961364e-04,0.10779,0.2337
5317,3,4.959822e-04,0.12319,0.2865
5318,3,4.958281e-04,0.11423,0.2187
5319,3,4.956739e-04,0.20077,0.3767
5320,3,4.955198e-04,0.11605,0.2233
5321,3,4.953656e-04,0.07546,0.2087
5322,3,4.952115e-04,0.10068,0.2165
5323,3,4.950574e-04,0.10880,0.3371
5324,3,4.949032e-04,0.15843,0.3280
5325,3,4.947491e-04,0.10065,0.2405
5326,3,4.945950e-04,0.08711,0.2133
5327,3,4.944408e-04,0.15844,0.2556
5328,3,4.942867e-04,0.15848,0.2658
5329,3,4.941326e-04,0.13510,0.2813
5330,3,4.939785e-04,0.09832,0.2046
5331,3,4.938243e-04,0.12407,0.2800
5332,3,4.936702e-04,0.14153,0.2875
5333,3,4.935161e-04,0.10143,0.2081
5334,3,4.933620e-04,0.13112,0.3084
5335,3,4.932079e-04,0.07980,0.2126
5336,3,4.930538e-04,0.12335,0.2583
5337,3,4.928997e-04,0.12091,0.2407
5338,3,4.927456e-04,0.14803,0.2697
5339,3,4.925916e-04,0.12972,0.2580
5340,3,4.924375e-04,0.15707,0.4526
5341,3,4.922834e-04,0.13874,0.2717
5342,3,4.921293e-04,0.08860,0.2218
5343,3,4.919752e-04,0.14729,0.2359
5344,3,4.918212e-04,0.13348,0.2880
5345,3,4.916671e-04,0.08315,0.2421
5346,3,4.915130e-04,0.11585,0.2390
5347,3,4.913590e-04,0.11155,0.2206
5348,3,4.912049e-04,0.13596,0.2613
5349,3,4.910509e-04,0.11976,0.2668
5350,3,4.908968e-04,0.12476,0.2685
5351,3,4.907428e-04,0.12535,0.2527
5352,3,4.905887e-04,0.10034,0.2061
5353,3,4.904347e-04,0.16209,0.3320
5354,3,4.902807e-04,0.11678,0.3333
5355,3,4.901266e-04,0.14733,0.2709
5356,3,4.899726e-04,0.16246,0.2798
5357,3,4.898186e-04,0.12205,0.2462
5358,3,4.896646e-04,0.18256,0.3169
5359,3,4.895105e-04,0.10746,0.2697
5360,3,4.893565e-04,0.10442,0.2756
5361,3,4.892025e-04,0.12961,0.3531
5362,3,4.890485e-04,0.13384,0.2818
5363,3,4.888945e-04,0.13320,0.2743
5364,3,4.887405e-04,0.15304,0.3013
5365,3,4.885865e-04,0.08764,0.2117
5366,3,4.884325e-04,0.12930,0.2789
5367,3,4.882785e-04,0.16043,0.3779
5368,3,4.881246e-04,0.15156,0.2881
5369,3,4.879706e-04,0.14017,0.2474
5370,3,4.878166e-04,0.08281,0.1945
5371,3,4.876626e-04,0.15685,0.4283
5372,3,4.875087e-04,0.10765,0.2394
5373,3,4.873547e-04,0.14929,0.2632
5374,3,4.872008e-04,0.09210,0.1955
5375,3,4.870468e-04,0.13288,0.2716
5376,3,4.868929e-04,0.13713,0.2656
5377,3,4.867389e-04,0.08996,0.1732
5378,3,4.865850e-04,0.10071,0.2382
5379,3,4.864310e-04,0.13638,0.2572
5380,3,4.862771e-04,0.11214,0.2537
5381,3,4.861232e-04,0.17091,0.3188
5382,3,4.859692e-04,0.10483,0.2616
5383,3,4.858153e-04,0.16534,0.2860
5384,3,4.856614e-04,0.10187,0.2282
5385,3,4.855075e-04,0.16456,0.2864
5386,3,4.853536e-04,0.13032,0.2818
5387,3,4.851997e-04,0.16079,0.2528
5388,3,4.850458e-04,0.10860,0.2451
5389,3,4.848919e-04,0.13662,0.2715
5390,3,4.847380e-04,0.13403,0.2392
5391,3,4.845841e-04,0.14403,0.2496
5392,3,4.844302e-04,0.11827,0.2268
5393,3,4.842763e-04,0.11495,0.2338
5394,3,4.841225e-04,0.14720,0.3068
5395,3,4.839686e-04,0.15126,0.2881
5396,3,4.838147e-04,0.15839,0.2704
5397,3,4.836609e-04,0.10936,0.2289
5398,3,4.835070e-04,0.13999,0.3052
5399,3,4.833531e-04,0.11905,0.2350
5400,3,4.831993e-04,0.13206,0.2589
5401,3,4.830455e-04,0.08438,0.1938
5402,3,4.828916e-04,0.18349,0.2676
5403,3,4.827378e-04,0.10397,0.1871
5404,3,4.825839e-04,0.10707,0.2390
5405,3,4.824301e-04,0.10791,0.2113
5406,3,4.822763e-04,0.09729,0.2338
5407,3,4.821225e-04,0.09876,0.2322
5408,3,4.819687e-04,0.13888,0.2635
5409,3,4.818149e-04,0.17976,0.4818
5410,3,4.816611e-04,0.08658,0.2314
5411,3,4.815073e-04,0.08823,0.2385
5412,3,4.813535e-04,0.11740,0.2297
5413,3,4.811997e-04,0.15250,0.2655
5414,3,4.810459e-04,0.09947,0.2419
5415,3,4.808921e-04,0.15175,0.3072
5416,3,4.807383e-04,0.13832,0.2637
5417,3,4.805846e-04,0.11977,0.2291
5418,3,4.804308e-04,0.13643,0.2472
5419,3,4.802770e-04,0.14405,0.3095
5420,3,4.801233e-04,0.17846,0.3290
5421,3,4.799695e-04,0.13123,0.2769
5422,3,4.798158e-04,0.14432,0.2945
5423,3,4.796620e-04,0.12637,0.2337
5424,3,4.795083e-04,0.15422,0.2578
5425,3,4.793546e-04,0.14516,0.2649
5426,3,4.792008e-04,0.08623,0.2271
5427,3,4.790471e-04,0.16752,0.3302
5428,3,4.788934e-04,0.08339,0.2052
5429,3,4.787397e-04,0.13950,0.2946
5430,3,4.785860e-04,0.20309,0.2917
5431,3,4.784323e-04,0.13479,0.2724
5432,3,4.782786e-04,0.10962,0.2330
5433,3,4.781249e-04,0.11055,0.2342
5434,3,4.779712e-04,0.09131,0.2077
5435,3,4.778175e-04,0.12977,0.2941
5436,3,4.776638e-04,0.09697,0.2265
5437,3,4.775101e-04,0.11260,0.2020
5438,3,4.773565e-04,0.17267,0.2841
5439,3,4.772028e-04,0.14818,0.2954
5440,3,4.770491e-04,0.20799,0.2878
5441,3,4.768955e-04,0.14018,0.2457
5442,3,4.767418e-04,0.15154,0.2518
5443,3,4.765882e-04,0.17147,0.2821
5444,3,4.764345e-04,0.09088,0.2152
5445,3,4.762809e-04,0.10689,0.2214
5446,3,4.761273e-04,0.15715,0.2736
5447,3,4.759737e-04,0.15032,0.2751
5448,3,4.758200e-04,0.11822,0.2250
5449,3,4.756664e-04,0.13615,0.2565
5450,3,4.755128e-04,0.10394,0.2221
5451,3,4.753592e-04,0.11213,0.2048
5452,3,4.752056e-04,0.08954,0.2302
5453,3,4.750520e-04,0.17565,0.3117
5454,3,4.748984e-04,0.18291,0.2960
5455,3,4.747449e-04,0.11789,0.2994
5456,3,4.745913e-04,0.14206,0.2494
5457,3,4.744377e-04,0.15728,0.2662
5458,3,4.742841e-04,0.07258,0.2156
5459,3,4.741306e-04,0.15908,0.2664
5460,3,4.739770e-04,0.13741,0.2379
5461,3,4.738235e-04,0.16163,0.2669
5462,3,4.736699e-04,0.12818,0.2219
5463,3,4.735164e-04,0.12466,0.2307
5464,3,4.733629e-04,0.11191,0.2082
5465,3,4.732093e-04,0.11607,0.2383
5466,3,4.730558e-04,0.15924,0.3043
5467,3,4.729023e-04,0.08557,0.2251
5468,3,4.727488e-04,0.13609,0.2860
5469,3,4.725953e-04,0.14184,0.3040
5470,3,4.724418e-04,0.10846,0.2151
5471,3,4.722883e-04,0.12698,0.2362
5472,3,4.721348e-04,0.10950,0.2177
5473,3,4.719813e-04,0.08034,0.1937
5474,3,4.718278e-04,0.15056,0.2515
5475,3,4.716744e-04,0.12841,0.2920
5476,3,4.715209e-04,0.14912,0.2600
5477,3,4.713674e-04,0.10662,0.2688
5478,3,4.712140e-04,0.07954,0.2066
5479,3,4.710605e-04,0.14955,0.2557
5480,3,4.709071e-04,0.11574,0.3265
5481,3,4.707536e-04,0.12220,0.2403
5482,3,4.706002e-04,0.11497,0.2441
5483,3,4.704468e-04,0.13464,0.2574
5484,3,4.702934e-04,0.10659,0.2771
5485,3,4.701400e-04,0.09222,0.1957
5486,3,4.699865e-04,0.15501,0.3511
5487,3,4.698331e-04,0.15563,0.2926
5488,3,4.696797e-04,0.10654,0.3281
5489,3,4.695263e-04,0.10056,0.2136
5490,3,4.693730e-04,0.11478,0.2700
5491,3,4.692196e-04,0.13926,0.2755
5492,3,4.690662e-04,0.08906,0.2070
5493,3,4.689128e-04,0.08662,0.2196
5494,3,4.687595e-04,0.11142,0.2603
5495,3,4.686061e-04,0.13739,0.2789
5496,3,4.684528e-04,0.13462,0.2943
5497,3,4.682994e-04,0.08535,0.2474
5498,3,4.681461e-04,0.12856,0.2933
5499,3,4.679928e-04,0.09471,0.2996
5500,3,4.678394e-04,0.11565,0.2318
5501,3,4.676861e-04,0.09545,0.2658
5502,3,4.675328e-04,0.06645,0.2202
5503,3,4.673795e-04,0.13548,0.3531
5504,3,4.672262e-04,0.12707,0.3112
5505,3,4.670729e-04,0.11989,0.2918
5506,3,4.669196e-04,0.14978,0.2979
5507,3,4.667663e-04,0.12050,0.2452
5508,3,4.666130e-04,0.13350,0.2488
5509,3,4.664598e-04,0.11415,0.2560
5510,3,4.663065e-04,0.11432,0.2527
5511,3,4.661532e-04,0.12229,0.2803
5512,3,4.660000e-04,0.11105,0.2333
5513,3,4.658467e-04,0.09832,0.2152
5514,3,4.656935e-04,0.14090,0.2804
5515,3,4.655403e-04,0.09765,0.2320
5516,3,4.653870e-04,0.17807,0.3147
5517,3,4.652338e-04,0.16225,0.3562
5518,3,4.650806e-04,0.11720,0.3419
5519,3,4.649274e-04,0.16622,0.5092
5520,3,4.647742e-04,0.14164,0.2735
5521,3,4.646210e-04,0.10762,0.2215
5522,3,4.644678e-04,0.08033,0.2217
5523,3,4.643146e-04,0.13350,0.2390
5524,3,4.641614e-04,0.11634,0.2509
5525,3,4.640083e-04,0.13890,0.2497
5526,3,4.638551e-04,0.13053,0.2619
5527,3,4.637019e-04,0.11983,0.2728
5528,3,4.635488e-04,0.14347,0.2698
5529,3,4.633957e-04,0.18672,0.2680
5530,3,4.632425e-04,0.17064,0.3159
5531,3,4.630894e-04,0.15499,0.3430
5532,3,4.629363e-04,0.17253,0.2519
5533,3,4.627831e-04,0.08812,0.1882
5534,3,4.626300e-04,0.16402,0.2673
5535,3,4.624769e-04,0.11738,0.1950
5536,3,4.623238e-04,0.11075,0.2006
5537,3,4.621707e-04,0.13787,0.2861
5538,3,4.620176e-04,0.13558,0.2566
5539,3,4.618646e-04,0.11611,0.2172
5540,3,4.617115e-04,0.20495,0.3896
5541,3,4.615584e-04,0.10358,0.1978
5542,3,4.614054e-04,0.15895,0.2519
5543,3,4.612523e-04,0.11414,0.1946
5544,3,4.610993e-04,0.14855,0.2502
5545,3,4.609462e-04,0.11641,0.2058
5546,3,4.607932e-04,0.10555,0.2181
5547,3,4.606402e-04,0.10711,0.2071
5548,3,4.604872e-04,0.10826,0.1974
5549,3,4.603341e-04,0.12586,0.2499
5550,3,4.601811e-04,0.13861,0.2185
5551,3,4.600281e-04,0.15911,0.2960
5552,3,4.598752e-04,0.07776,0.1806
5553,3,4.597222e-04,0.09768,0.1946
5554,3,4.595692e-04,0.10281,0.2247
5555,3,4.594162e-04,0.08486,0.2038
5556,3,4.592633e-04,0.10067,0.2029
5557,3,4.591103e-04,0.18176,0.2887
5558,3,4.589574e-04,0.09178,0.2032
5559,3,4.588044e-04,0.17623,0.3394
5560,3,4.586515e-04,0.13102,0.2536
5561,3,4.584985e-04,0.10811,0.2426
5562,3,4.583456e-04,0.14637,0.3334
5563,3,4.581927e-04,0.07741,0.1940
5564,3,4.580398e-04,0.19900,0.3126
5565,3,4.578869e-04,0.12349,0.2662
5566,3,4.577340e-04,0.16286,0.3221
5567,3,4.575811e-04,0.10613,0.2831
5568,3,4.574282e-04,0.12193,0.2343
5569,3,4.572754e-04,0.10719,0.2671
5570,3,4.571225e-04,0.17410,0.2804
5571,3,4.569697e-04,0.13609,0.2738
5572,3,4.568168e-04,0.18775,0.3225
5573,3,4.566640e-04,0.09782,0.2255
5574,3,4.565111e-04,0.10708,0.2514
5575,3,4.563583e-04,0.15298,0.2930
5576,3,4.562055e-04,0.14671,0.2805
5577,3,4.560527e-04,0.19270,0.3416
5578,3,4.558999e-04,0.13918,0.2655
5579,3,4.557471e-04,0.10633,0.2185
5580,3,4.555943e-04,0.11777,0.2537
5581,3,4.554415e-04,0.09149,0.2701
5582,3,4.552887e-04,0.11590,0.2281
5583,3,4.551359e-04,0.07227,0.1847
5584,3,4.549832e-04,0.16207,0.2898
5585,3,4.548304e-04,0.18468,0.3306
5586,3,4.546777e-04,0.12799,0.2355
5587,3,4.545249e-04,0.10646,0.2595
5588,3,4.543722e-04,0.13731,0.2587
5589,3,4.542195e-04,0.14211,0.2433
5590,3,4.540668e-04,0.11420,0.2321
5591,3,4.539140e-04,0.12341,0.3294
5592,3,4.537613e-04,0.18823,0.3785
5593,3,4.536086e-04,0.10863,0.2225
5594,3,4.534560e-04,0.21000,0.3124
5595,3,4.533033e-04,0.16833,0.2758
5596,3,4.531506e-04,0.13844,0.2582
5597,3,4.529979e-04,0.07373,0.1856
5598,3,4.528453e-04,0.09867,0.2174
5599,3,4.526926e-04,0.08606,0.2031
5600,3,4.525400e-04,0.10685,0.2198
5601,3,4.523874e-04,0.16192,0.2241
5602,3,4.522347e-04,0.14220,0.2876
5603,3,4.520821e-04,0.16799,0.2830
5604,3,4.519295e-04,0.10716,0.3300
5605,3,4.517769e-04,0.15959,0.2632
5606,3,4.516243e-04,0.11740,0.3010
5607,3,4.514717e-04,0.15883,0.2829
5608,3,4.513191e-04,0.11501,0.2365
5609,3,4.511666e-04,0.13287,0.2851
5610,3,4.510140e-04,0.11188,0.2751
5611,3,4.508614e-04,0.14916,0.2766
5612,3,4.507089e-04,0.14208,0.2516
5613,3,4.505563e-04,0.15953,0.2612
5614,3,4.504038e-04,0.11390,0.2383
5615,3,4.502513e-04,0.11815,0.2282
5616,3,4.500988e-04,0.14705,0.3230
5617,3,4.499463e-04,0.10869,0.2679
5618,3,4.497938e-04,0.13165,0.2570
5619,3,4.496413e-04,0.11727,0.2198
5620,3,4.494888e-04,0.08319,0.2033
5621,3,4.493363e-04,0.13420,0.2268
5622,3,4.491838e-04,0.13224,0.2892
5623,3,4.490314e-04,0.12845,0.2906
5624,3,4.488789e-04,0.12773,0.2488
5625,3,4.487265e-04,0.08948,0.2240
5626,3,4.485740e-04,0.07694,0.2043
5627,3,4.484216e-04,0.13940,0.3119
5628,3,4.482692e-04,0.09227,0.2053
5629,3,4.481168e-04,0.13570,0.3395
5630,3,4.479644e-04,0.16801,0.2698
5631,3,4.478120e-04,0.12389,0.2126
5632,3,4.476596e-04,0.09912,0.2656
5633,3,4.475072e-04,0.16165,0.2364
5634,3,4.473548e-04,0.10864,0.2081
5635,3,4.472025e-04,0.16137,0.2821
5636,3,4.470501e-04,0.10879,0.2654
5637,3,4.468977e-04,0.13105,0.2815
5638,3,4.467454e-04,0.10668,0.2195
5639,3,4.465931e-04,0.12704,0.2447
5640,3,4.464408e-04,0.09438,0.2221
5641,3,4.462884e-04,0.11391,0.2050
5642,3,4.461361e-04,0.19112,0.3175
5643,3,4.459838e-04,0.10975,0.2082
5644,3,4.458315e-04,0.08966,0.1892
5645,3,4.456793e-04,0.14271,0.3695
5646,3,4.455270e-04,0.11069,0.2493
5647,3,4.453747e-04,0.13892,0.3082
5648,3,4.452225e-04,0.10988,0.2227
5649,3,4.450702e-04,0.07599,0.1874
5650,3,4.449180e-04,0.10986,0.2445
5651,3,4.447658e-04,0.11463,0.2184
5652,3,4.446135e-04,0.12755,0.2493
5653,3,4.444613e-04,0.07413,0.1974
5654,3,4.443091e-04,0.15500,0.3081
5655,3,4.441569e-04,0.12028,0.2624
5656,3,4.440047e-04,0.14648,0.2679
5657,3,4.438525e-04,0.08254,0.1952
5658,3,4.437004e-04,0.12119,0.2540
5659,3,4.435482e-04,0.09845,0.2052
5660,3,4.433961e-04,0.10546,0.2276
5661,3,4.432439e-04,0.10045,0.2078
5662,3,4.430918e-04,0.12850,0.2823
5663,3,4.429396e-04,0.15728,0.3529
5664,3,4.427875e-04,0.14083,0.2790
5665,3,4.426354e-04,0.13063,0.2702
5666,3,4.424833e-04,0.09807,0.2270
5667,3,4.423312e-04,0.11842,0.2398
5668,3,4.421791e-04,0.11052,0.2339
5669,3,4.420271e-04,0.13419,0.2861
5670,3,4.418750e-04,0.08953,0.2240
5671,3,4.417229e-04,0.14919,0.2575
5672,3,4.415709e-04,0.14998,0.2649
5673,3,4.414188e-04,0.13719,0.2740
5674,3,4.412668e-04,0.12987,0.2639
5675,3,4.411148e-04,0.14799,0.2841
5676,3,4.409628e-04,0.09870,0.2101
5677,3,4.408108e-04,0.12214,0.2711
5678,3,4.406588e-04,0.16411,0.3235
5679,3,4.405068e-04,0.16760,0.2789
5680,3,4.403548e-04,0.12624,0.2659
5681,3,4.402028e-04,0.10586,0.2303
5682,3,4.400509e-04,0.09577,0.2289
5683,3,4.398989e-04,0.10239,0.2476
5684,3,4.397470e-04,0.13939,0.2907
5685,3,4.395951e-04,0.13963,0.2685
5686,3,4.394431e-04,0.13791,0.3177
5687,3,4.392912e-04,0.17772,0.2879
5688,3,4.391393e-04,0.10362,0.2463
5689,3,4.389874e-04,0.11033,0.2503
5690,3,4.388355e-04,0.11974,0.2217
5691,3,4.386836e-04,0.15515,0.3534
5692,3,4.385318e-04,0.15398,0.2909
5693,3,4.383799e-04,0.15006,0.3357
5694,3,4.382281e-04,0.09894,0.2196
5695,3,4.380762e-04,0.11822,0.2207
5696,3,4.379244e-04,0.10411,0.2404
5697,3,4.377726e-04,0.17859,0.2926
5698,3,4.376207e-04,0.10390,0.2196
5699,3,4.374689e-04,0.10514,0.2228
5700,3,4.373171e-04,0.08599,0.2366
5701,3,4.371654e-04,0.07762,0.1916
5702,3,4.370136e-04,0.13756,0.2468
5703,3,4.368618e-04,0.13467,0.2471
5704,3,4.367101e-04,0.13213,0.2534
5705,3,4.365583e-04,0.14721,0.2515
5706,3,4.364066e-04,0.16705,0.2505
5707,3,4.362548e-04,0.12071,0.2471
5708,3,4.361031e-04,0.16199,0.2899
5709,3,4.359514e-04,0.17741,0.3135
5710,3,4.357997e-04,0.15290,0.2584
5711,3,4.356480e-04,0.18645,0.3157
5712,3,4.354963e-04,0.09978,0.2117
5713,3,4.353446e-04,0.11893,0.2560
5714,3,4.351930e-04,0.11592,0.2308
5715,3,4.350413e-04,0.15660,0.2561
5716,3,4.348897e-04,0.14928,0.2649
5717,3,4.347380e-04,0.16382,0.2609
5718,3,4.345864e-04,0.10553,0.2185
5719,3,4.344348e-04,0.09656,0.2022
5720,3,4.342832e-04,0.12735,0.2438
5721,3,4.341316e-04,0.14800,0.2689
5722,3,4.339800e-04,0.09362,0.2055
5723,3,4.338284e-04,0.11264,0.2352
5724,3,4.336769e-04,0.15361,0.2700
5725,3,4.335253e-04,0.10012,0.2632
5726,3,4.333737e-04,0.08833,0.1775
5727,3,4.332222e-04,0.09712,0.1987
5728,3,4.330707e-04,0.08986,0.2294
5729,3,4.329191e-04,0.09293,0.1788
5730,3,4.327676e-04,0.11024,0.2130
5731,3,4.326161e-04,0.13209,0.2495
5732,3,4.324646e-04,0.11200,0.2268
5733,3,4.323132e-04,0.17707,0.3001
5734,3,4.321617e-04,0.10934,0.2305
5735,3,4.320102e-04,0.15977,0.2478
5736,3,4.318588e-04,0.12881,0.2360
5737,3,4.317073e-04,0.22010,0.3764
5738,3,4.315559e-04,0.15432,0.2712
5739,3,4.314045e-04,0.10575,0.2111
5740,3,4.312531e-04,0.14409,0.2549
5741,3,4.311017e-04,0.10705,0.2732
5742,3,4.309503e-04,0.13755,0.2251
5743,3,4.307989e-04,0.12633,0.2027
5744,3,4.306475e-04,0.08160,0.3013
5745,3,4.304961e-04,0.16960,0.2694
5746,3,4.303448e-04,0.08660,0.2450
5747,3,4.301935e-04,0.14389,0.2521
5748,3,4.300421e-04,0.10958,0.2055
5749,3,4.298908e-04,0.13334,0.2569
5750,3,4.297395e-04,0.14697,0.2666
5751,3,4.295882e-04,0.11572,0.2404
5752,3,4.294369e-04,0.09721,0.2121
5753,3,4.292856e-04,0.14165,0.2754
5754,3,4.291343e-04,0.12936,0.2587
5755,3,4.289831e-04,0.12333,0.2230
5756,3,4.288318e-04,0.12155,0.2127
5757,3,4.286806e-04,0.12047,0.2449
5758,3,4.285293e-04,0.10352,0.2542
5759,3,4.283781e-04,0.15016,0.2711
5760,3,4.282269e-04,0.11373,0.2641
5761,3,4.280757e-04,0.08521,0.2171
5762,3,4.279245e-04,0.13855,0.3023
5763,3,4.277733e-04,0.10491,0.2115
5764,3,4.276222e-04,0.16278,0.2506
5765,3,4.274710e-04,0.19208,0.2820
5766,3,4.273199e-04,0.08997,0.2408
5767,3,4.271687e-04,0.09243,0.2021
5768,3,4.270176e-04,0.11054,0.3204
5769,3,4.268665e-04,0.14063,0.3063
5770,3,4.267154e-04,0.08822,0.1941
5771,3,4.265643e-04,0.12988,0.2663
5772,3,4.264132e-04,0.16308,0.3946
5773,3,4.262621e-04,0.19283,0.3323
5774,3,4.261110e-04,0.18141,0.2725
5775,3,4.259600e-04,0.11562,0.2864
5776,3,4.258089e-04,0.13095,0.2967
5777,3,4.256579e-04,0.11766,0.2441
5778,3,4.255069e-04,0.09351,0.1895
5779,3,4.253558e-04,0.17853,0.3213
5780,3,4.252048e-04,0.15168,0.2971
5781,3,4.250538e-04,0.15913,0.2823
5782,3,4.249029e-04,0.10206,0.2224
5783,3,4.247519e-04,0.12330,0.2857
5784,3,4.246009e-04,0.09464,0.2353
5785,3,4.244500e-04,0.11935,0.2337
5786,3,4.242990e-04,0.12552,0.2264
5787,3,4.241481e-04,0.13902,0.2617
5788,3,4.239972e-04,0.12476,0.2598
5789,3,4.238463e-04,0.11592,0.2674
5790,3,4.236954e-04,0.09711,0.2710
5791,3,4.235445e-04,0.09748,0.2343
5792,3,4.233936e-04,0.17493,0.2977
5793,3,4.232428e-04,0.14594,0.2168
5794,3,4.230919e-04,0.10631,0.2029
5795,3,4.229411e-04,0.19000,0.2568
5796,3,4.227902e-04,0.10231,0.2167
5797,3,4.226394e-04,0.15914,0.2627
5798,3,4.224886e-04,0.14737,0.3771
5799,3,4.223378e-04,0.11461,0.2429
5800,3,4.221870e-04,0.10514,0.3182
5801,3,4.220362e-04,0.11804,0.2286
5802,3,4.218854e-04,0.14488,0.2921
5803,3,4.217347e-04,0.14524,0.2596
5804,3,4.215839e-04,0.12825,0.2263
5805,3,4.214332e-04,0.11741,0.3452
5806,3,4.212825e-04,0.13598,0.2227
5807,3,4.211318e-04,0.09744,0.1979
5808,3,4.209811e-04,0.12181,0.2585
5809,3,4.208304e-04,0.15525,0.2940
5810,3,4.206797e-04,0.08855,0.1885
5811,3,4.205290e-04,0.09569,0.2210
5812,3,4.203784e-04,0.18117,0.2892
5813,3,4.202277e-04,0.14090,0.2963
5814,3,4.200771e-04,0.12702,0.2458
5815,3,4.199265e-04,0.08905,0.1979
5816,3,4.197758e-04,0.09852,0.2289
5817,3,4.196252e-04,0.12484,0.2475
5818,3,4.194746e-04,0.11702,0.2851
5819,3,4.193241e-04,0.09208,0.3033
5820,3,4.191735e-04,0.16439,0.2683
5821,3,4.190229e-04,0.11928,0.2239
5822,3,4.188724e-04,0.12335,0.2623
5823,3,4.187219e-04,0.12538,0.2554
5824,3,4.185713e-04,0.11838,0.2283
5825,3,4.184208e-04,0.15638,0.2631
5826,3,4.182703e-04,0.11227,0.2885
5827,3,4.181198e-04,0.10147,0.2086
5828,3,4.179693e-04,0.11476,0.2268
5829,3,4.178189e-04,0.09856,0.2016
5830,3,4.176684e-04,0.15803,0.2774
5831,3,4.175180e-04,0.13378,0.2631
5832,3,4.173675e-04,0.12839,0.2611
5833,3,4.172171e-04,0.13816,0.3275
5834,3,4.170667e-04,0.18504,0.2825
5835,3,4.169163e-04,0.15891,0.2714
5836,3,4.167659e-04,0.12133,0.2936
5837,3,4.166155e-04,0.14308,0.2557
5838,3,4.164652e-04,0.16799,0.2711
5839,3,4.163148e-04,0.12386,0.2316
5840,3,4.161645e-04,0.19451,0.3183
5841,3,4.160141e-04,0.10396,0.2144
5842,3,4.158638e-04,0.10622,0.2942
5843,3,4.157135e-04,0.10161,0.2063
5844,3,4.155632e-04,0.14479,0.2744
5845,3,4.154129e-04,0.15579,0.3808
5846,3,4.152627e-04,0.08536,0.2486
5847,3,4.151124e-04,0.14882,0.4067
5848,3,4.149621e-04,0.11835,0.2581
5849,3,4.148119e-04,0.09494,0.2018
5850,3,4.146617e-04,0.11122,0.3645
5851,3,4.145115e-04,0.11909,0.2127
5852,3,4.143613e-04,0.14277,0.2256
5853,3,4.142111e-04,0.11273,0.2336
5854,3,4.140609e-04,0.10907,0.2051
5855,3,4.139107e-04,0.12935,0.2456
5856,3,4.137606e-04,0.12385,0.2965
5857,3,4.136104e-04,0.09130,0.2135
5858,3,4.134603e-04,0.14598,0.2296
5859,3,4.133102e-04,0.11042,0.2328
5860,3,4.131601e-04,0.20912,0.3214
5861,3,4.130100e-04,0.14140,0.2894
5862,3,4.128599e-04,0.10923,0.2576
5863,3,4.127098e-04,0.14511,0.2482
5864,3,4.125597e-04,0.15552,0.2388
5865,3,4.124097e-04,0.09803,0.2340
5866,3,4.122596e-04,0.11516,0.2127
5867,3,4.121096e-04,0.12345,0.2259
5868,3,4.119596e-04,0.13693,0.2852
5869,3,4.118096e-04,0.13531,0.2410
5870,3,4.116596e-04,0.18172,0.2754
5871,3,4.115096e-04,0.15952,0.3473
5872,3,4.113597e-04,0.09757,0.2661
5873,3,4.112097e-04,0.10659,0.2593
5874,3,4.110598e-04,0.14325,0.2534
5875,3,4.109098e-04,0.09321,0.2288
5876,3,4.107599e-04,0.18193,0.2760
5877,3,4.106100e-04,0.10330,0.2408
5878,3,4.104601e-04,0.12527,0.2513
5879,3,4.103102e-04,0.14669,0.3111
5880,3,4.101604e-04,0.19204,0.3400
5881,3,4.100105e-04,0.08719,0.2076
5882,3,4.098607e-04,0.09297,0.2062
5883,3,4.097108e-04,0.14359,0.2414
5884,3,4.095610e-04,0.07704,0.2079
5885,3,4.094112e-04,0.11038,0.2182
5886,3,4.092614e-04,0.14246,0.2646
5887,3,4.091116e-04,0.16701,0.2611
5888,3,4.089618e-04,0.10138,0.2139
5889,3,4.088121e-04,0.12833,0.2522
5890,3,4.086623e-04,0.15566,0.2809
5891,3,4.085126e-04,0.12527,0.2598
5892,3,4.083629e-04,0.14968,0.2490
5893,3,4.082132e-04,0.15055,0.3109
5894,3,4.080635e-04,0.16520,0.3324
5895,3,4.079138e-04,0.11027,0.2398
5896,3,4.077641e-04,0.17029,0.3218
5897,3,4.076144e-04,0.15164,0.3431
5898,3,4.074648e-04,0.13673,0.2292
5899,3,4.073152e-04,0.18464,0.3010
5900,3,4.071655e-04,0.10418,0.2241
5901,3,4.070159e-04,0.12838,0.2230
5902,3,4.068663e-04,0.10152,0.2408
5903,3,4.067167e-04,0.14140,0.2471
5904,3,4.065672e-04,0.12500,0.2795
5905,3,4.064176e-04,0.10054,0.2056
5906,3,4.062680e-04,0.13285,0.2559
5907,3,4.061185e-04,0.14060,0.2408
5908,3,4.059690e-04,0.09720,0.2063
5909,3,4.058195e-04,0.12544,0.2888
5910,3,4.056700e-04,0.12474,0.2722
5911,3,4.055205e-04,0.09995,0.2156
5912,3,4.053710e-04,0.12612,0.2197
5913,3,4.052216e-04,0.15654,0.2785
5914,3,4.050721e-04,0.19686,0.3124
5915,3,4.049227e-04,0.15124,0.2730
5916,3,4.047732e-04,0.12780,0.2473
5917,3,4.046238e-04,0.05718,0.1759
5918,3,4.044744e-04,0.08656,0.1997
5919,3,4.043251e-04,0.08267,0.1988
5920,3,4.041757e-04,0.14815,0.2814
5921,3,4.040263e-04,0.16393,0.3017
5922,3,4.038770e-04,0.12249,0.2396
5923,3,4.037276e-04,0.14598,0.2155
5924,3,4.035783e-04,0.13169,0.2511
5925,3,4.034290e-04,0.11472,0.2506
5926,3,4.032797e-04,0.20896,0.3040
5927,3,4.031304e-04,0.12566,0.2451
5928,3,4.029812e-04,0.15518,0.2701
5929,3,4.028319e-04,0.13639,0.2439
5930,3,4.026827e-04,0.13375,0.2346
5931,3,4.025334e-04,0.13778,0.2507
5932,3,4.023842e-04,0.16389,0.2871
5933,3,4.022350e-04,0.11601,0.2365
5934,3,4.020858e-04,0.07923,0.1789
5935,3,4.019366e-04,0.12957,0.3228
5936,3,4.017875e-04,0.09720,0.2326
5937,3,4.016383e-04,0.11377,0.2220
5938,3,4.014892e-04,0.13307,0.3507
5939,3,4.013401e-04,0.11601,0.2643
5940,3,4.011909e-04,0.14595,0.2777
5941,3,4.010418e-04,0.13821,0.2444
5942,3,4.008928e-04,0.12067,0.2192
5943,3,4.007437e-04,0.09302,0.2032
5944,3,4.005946e-04,0.11523,0.2249
5945,3,4.004456e-04,0.15926,0.2725
5946,3,4.002965e-04,0.16981,0.2998
5947,3,4.001475e-04,0.12484,0.2466
5948,3,3.999985e-04,0.10727,0.2307
5949,3,3.998495e-04,0.10234,0.2185
5950,3,3.997005e-04,0.12529,0.2398
5951,3,3.995516e-04,0.16559,0.2963
5952,3,3.994026e-04,0.19316,0.3132
5953,3,3.992537e-04,0.16067,0.3874
5954,3,3.991047e-04,0.11990,0.2378
5955,3,3.989558e-04,0.10174,0.1840
5956,3,3.988069e-04,0.13103,0.2809
5957,3,3.986580e-04,0.09333,0.2250
5958,3,3.985091e-04,0.13102,0.2242
5959,3,3.983603e-04,0.10851,0.2336
5960,3,3.982114e-04,0.11327,0.2053
5961,3,3.980626e-04,0.11310,0.2166
5962,3,3.979138e-04,0.18277,0.2971
5963,3,3.977650e-04,0.13632,0.2765
5964,3,3.976162e-04,0.14301,0.2644
5965,3,3.974674e-04,0.14852,0.2826
5966,3,3.973186e-04,0.10476,0.2185
5967,3,3.971699e-04,0.13143,0.2664
5968,3,3.970211e-04,0.15147,0.2994
5969,3,3.968724e-04,0.10322,0.2473
5970,3,3.967237e-04,0.11738,0.2907
5971,3,3.965750e-04,0.15238,0.3582
5972,3,3.964263e-04,0.10361,0.2256
5973,3,3.962776e-04,0.13521,0.2461
5974,3,3.961290e-04,0.17292,0.3701
5975,3,3.959803e-04,0.15473,0.3447
5976,4,3.958317e-04,0.10950,0.2268
5977,4,3.956831e-04,0.14368,0.2541
5978,4,3.955345e-04,0.11295,0.2164
5979,4,3.953859e-04,0.09725,0.2105
5980,4,3.952373e-04,0.13178,0.2433
5981,4,3.950887e-04,0.09617,0.2054
5982,4,3.949402e-04,0.09786,0.2431
5983,4,3.947916e-04,0.13709,0.2327
5984,4,3.946431e-04,0.08593,0.2110
5985,4,3.944946e-04,0.10831,0.2300
5986,4,3.943461e-04,0.09985,0.2730
5987,4,3.941976e-04,0.11678,0.2291
5988,4,3.940492e-04,0.10414,0.2307
5989,4,3.939007e-04,0.07376,0.2192
5990,4,3.937523e-04,0.11475,0.2308
5991,4,3.936038e-04,0.17307,0.3090
5992,4,3.934554e-04,0.09398,0.1942
5993,4,3.933070e-04,0.12769,0.2840
5994,4,3.931586e-04,0.08693,0.1929
5995,4,3.930103e-04,0.11484,0.2584
5996,4,3.928619e-04,0.12725,0.2956
5997,4,3.927136e-04,0.09013,0.2691
5998,4,3.925652e-04,0.09949,0.2697
5999,4,3.924169e-04,0.07545,0.1760
6000,4,3.922686e-04,0.13088,0.3133
6001,4,3.921203e-04,0.15808,0.4440
6002,4,3.919721e-04,0.11072,0.2654
6003,4,3.918238e-04,0.17975,0.3439
6004,4,3.916756e-04,0.14315,0.2528
6005,4,3.915273e-04,0.11123,0.2342
6006,4,3.913791e-04,0.16382,0.3213
6007,4,3.912309e-04,0.11254,0.2685
6008,4,3.910827e-04,0.16819,0.2831
6009,4,3.909346e-04,0.13145,0.2926
6010,4,3.907864e-04,0.09679,0.2530
6011,4,3.906383e-04,0.14491,0.2948
6012,4,3.904901e-04,0.09649,0.3071
6013,4,3.903420e-04,0.09871,0.2184
6014,4,3.901939e-04,0.08557,0.2384
6015,4,3.900458e-04,0.11732,0.2047
6016,4,3.898977e-04,0.08536,0.2016
6017,4,3.897497e-04,0.10720,0.2322
6018,4,3.896016e-04,0.12744,0.2860
6019,4,3.894536e-04,0.11534,0.2264
6020,4,3.893056e-04,0.11124,0.2742
6021,4,3.891576e-04,0.06885,0.2310
6022,4,3.890096e-04,0.14522,0.2854
6023,4,3.888616e-04,0.09001,0.2413
6024,4,3.887137e-04,0.12189,0.2935
6025,4,3.885657e-04,0.05711,0.1821
6026,4,3.884178e-04,0.07583,0.2333
6027,4,3.882699e-04,0.15295,0.3197
6028,4,3.881220e-04,0.15583,0.2963
6029,4,3.879741e-04,0.15939,0.2921
6030,4,3.878262e-04,0.08771,0.2455
6031,4,3.876784e-04,0.13840,0.2996
6032,4,3.875305e-04,0.09378,0.2018
6033,4,3.873827e-04,0.06457,0.2133
6034,4,3.872349e-04,0.16600,0.2840
6035,4,3.870871e-04,0.12824,0.2707
6036,4,3.869393e-04,0.12105,0.2165
6037,4,3.867915e-04,0.11667,0.3240
6038,4,3.866438e-04,0.07298,0.1911
6039,4,3.864960e-04,0.11812,0.2118
6040,4,3.863483e-04,0.12891,0.3145
6041,4,3.862006e-04,0.10725,0.2314
6042,4,3.860529e-04,0.12292,0.3085
6043,4,3.859052e-04,0.09278,0.2120
6044,4,3.857575e-04,0.09053,0.2802
6045,4,3.856099e-04,0.11840,0.2405
6046,4,3.854622e-04,0.09046,0.2277
6047,4,3.853146e-04,0.17143,0.2727
6048,4,3.851670e-04,0.11777,0.2826
6049,4,3.850194e-04,0.10866,0.2283
6050,4,3.848718e-04,0.06339,0.2062
6051,4,3.847243e-04,0.13559,0.2568
6052,4,3.845767e-04,0.14302,0.3043
6053,4,3.844292e-04,0.10223,0.2665
6054,4,3.842817e-04,0.12212,0.2634
6055,4,3.841341e-04,0.15220,0.2370
6056,4,3.839867e-04,0.17046,0.3257
6057,4,3.838392e-04,0.07694,0.2000
6058,4,3.836917e-04,0.07627,0.2333
6059,4,3.835443e-04,0.15433,0.2893
6060,4,3.833968e-04,0.06417,0.1846
6061,4,3.832494e-04,0.15336,0.3089
6062,4,3.831020e-04,0.08761,0.2270
6063,4,3.829546e-04,0.07514,0.2035
6064,4,3.828073e-04,0.09444,0.2306
6065,4,3.826599e-04,0.10567,0.2767
6066,4,3.825126e-04,0.10559,0.2958
6067,4,3.823652e-04,0.17289,0.3118
6068,4,3.822179e-04,0.09124,0.2445
6069,4,3.820706e-04,0.15370,0.3443
6070,4,3.819234e-04,0.09020,0.2133
6071,4,3.817761e-04,0.10031,0.2443
6072,4,3.816288e-04,0.14068,0.3042
6073,4,3.814816e-04,0.09619,0.2582
6074,4,3.813344e-04,0.09156,0.2604
6075,4,3.811872e-04,0.16893,0.3513
6076,4,3.810400e-04,0.14075,0.2523
6077,4,3.808928e-04,0.15791,0.3004
6078,4,3.807457e-04,0.15344,0.3922
6079,4,3.805985e-04,0.12208,0.3183
6080,4,3.804514e-04,0.10034,0.2577
6081,4,3.803043e-04,0.16101,0.3216
6082,4,3.801572e-04,0.12442,0.2769
6083,4,3.800101e-04,0.14178,0.2674
6084,4,3.798630e-04,0.09626,0.2468
6085,4,3.797160e-04,0.10240,0.2651
6086,4,3.795689e-04,0.13956,0.2699
6087,4,3.794219e-04,0.16344,0.2645
6088,4,3.792749e-04,0.14327,0.2795
6089,4,3.791279e-04,0.18770,0.3009
6090,4,3.789809e-04,0.08541,0.2033
6091,4,3.788340e-04,0.13246,0.3139
6092,4,3.786870e-04,0.12802,0.2308
6093,4,3.785401e-04,0.13952,0.2347
6094,4,3.783932e-04,0.10846,0.2235
6095,4,3.782463e-04,0.12679,0.2552
6096,4,3.780994e-04,0.08242,0.2075
6097,4,3.779526e-04,0.13996,0.2782
6098,4,3.778057e-04,0.10646,0.2147
6099,4,3.776589e-04,0.08422,0.1794
6100,4,3.775121e-04,0.13835,0.3002
6101,4,3.773652e-04,0.15375,0.2572
6102,4,3.772185e-04,0.11572,0.2391
6103,4,3.770717e-04,0.10793,0.2415
6104,4,3.769249e-04,0.06528,0.1830
6105,4,3.767782e-04,0.12337,0.2540
6106,4,3.766315e-04,0.11689,0.2311
6107,4,3.764847e-04,0.11698,0.2178
6108,4,3.763381e-04,0.09054,0.2107
6109,4,3.761914e-04,0.08002,0.1934
6110,4,3.760447e-04,0.11438,0.2349
6111,4,3.758981e-04,0.08815,0.2113
6112,4,3.757514e-04,0.12908,0.2838
6113,4,3.756048e-04,0.08710,0.2468
6114,4,3.754582e-04,0.10720,0.2687
6115,4,3.753116e-04,0.10798,0.3607
6116,4,3.751651e-04,0.10723,0.2467
6117,4,3.750185e-04,0.08928,0.2245
6118,4,3.748720e-04,0.11247,0.2130
6119,4,3.747255e-04,0.09177,0.2413
6120,4,3.745789e-04,0.14343,0.3040
6121,4,3.744325e-04,0.07612,0.1805
6122,4,3.742860e-04,0.08106,0.2419
6123,4,3.741395e-04,0.09115,0.3072
6124,4,3.739931e-04,0.12796,0.2957
6125,4,3.738467e-04,0.11900,0.2570
6126,4,3.737003e-04,0.11630,0.2408
6127,4,3.735539e-04,0.15910,0.3438
6128,4,3.734075e-04,0.12438,0.3557
6129,4,3.732611e-04,0.12509,0.2713
6130,4,3.731148e-04,0.14702,0.2896
6131,4,3.729684e-04,0.11826,0.4221
6132,4,3.728221e-04,0.12049,0.2584
6133,4,3.726758e-04,0.09466,0.2589
6134,4,3.725296e-04,0.12431,0.2503
6135,4,3.723833e-04,0.08233,0.2158
6136,4,3.722370e-04,0.13611,0.2482
6137,4,3.720908e-04,0.12795,0.2701
6138,4,3.719446e-04,0.10599,0.3355
6139,4,3.717984e-04,0.09674,0.2387
6140,4,3.716522e-04,0.13936,0.2886
6141,4,3.715060e-04,0.11066,0.2367
6142,4,3.713599e-04,0.12206,0.2649
6143,4,3.712137e-04,0.12599,0.2661
6144,4,3.710676e-04,0.10825,0.2918
6145,4,3.709215e-04,0.08781,0.1914
6146,4,3.707754e-04,0.09684,0.2456
6147,4,3.706294e-04,0.09500,0.2120
6148,4,3.704833e-04,0.09946,0.2401
6149,4,3.703373e-04,0.07682,0.2689
6150,4,3.701913e-04,0.14536,0.2737
6151,4,3.700453e-04,0.13806,0.3069
6152,4,3.698993e-04,0.17505,0.3416
6153,4,3.697533e-04,0.13936,0.2564
6154,4,3.696073e-04,0.12375,0.2699
6155,4,3.694614e-04,0.14382,0.2828
6156,4,3.693155e-04,0.13947,0.3326
6157,4,3.691696e-04,0.09521,0.1863
6158,4,3.690237e-04,0.15068,0.2864
6159,4,3.688778e-04,0.12634,0.3009
6160,4,3.687319e-04,0.10169,0.3153
6161,4,3.685861e-04,0.08281,0.2142
6162,4,3.684403e-04,0.13705,0.2867
6163,4,3.682945e-04,0.09525,0.2741
6164,4,3.681487e-04,0.17925,0.3388
6165,4,3.680029e-04,0.11023,0.2247
6166,4,3.678572e-04,0.10739,0.2879
6167,4,3.677114e-04,0.21303,0.4148
6168,4,3.675657e-04,0.14298,0.2490
6169,4,3.674200e-04,0.14944,0.2838
6170,4,3.672743e-04,0.09617,0.2041
6171,4,3.671286e-04,0.09773,0.3118
6172,4,3.669830e-04,0.14518,0.3083
6173,4,3.668373e-04,0.15272,0.2905
6174,4,3.666917e-04,0.13353,0.3473
6175,4,3.665461e-04,0.13638,0.3560
6176,4,3.664005e-04,0.09026,0.1828
6177,4,3.662549e-04,0.09202,0.1962
6178,4,3.661094e-04,0.10477,0.2191
6179,4,3.659638e-04,0.07289,0.2035
6180,4,3.658183e-04,0.16335,0.2424
6181,4,3.656728e-04,0.20525,0.3508
6182,4,3.655273e-04,0.13643,0.3078
6183,4,3.653818e-04,0.14863,0.4060
6184,4,3.652364e-04,0.13541,0.2300
6185,4,3.650909e-04,0.09255,0.2099
6186,4,3.649455e-04,0.11598,0.2086
6187,4,3.648001e-04,0.12604,0.2714
6188,4,3.646547e-04,0.11198,0.2494
6189,4,3.645093e-04,0.09774,0.1935
6190,4,3.643640e-04,0.09699,0.2114
6191,4,3.642187e-04,0.09709,0.2131
6192,4,3.640733e-04,0.12596,0.2569
6193,4,3.639280e-04,0.16337,0.2754
6194,4,3.637827e-04,0.08842,0.1961
6195,4,3.636375e-04,0.07741,0.2250
6196,4,3.634922e-04,0.09079,0.2288
6197,4,3.633470e-04,0.08754,0.2022
6198,4,3.632018e-04,0.10374,0.2719
6199,4,3.630566e-04,0.09999,0.2175
6200,4,3.629114e-04,0.08453,0.2245
6201,4,3.627662e-04,0.08985,0.2459
6202,4,3.626211e-04,0.12393,0.2419
6203,4,3.624759e-04,0.12908,0.2262
6204,4,3.623308e-04,0.08745,0.2240
6205,4,3.621857e-04,0.07516,0.2251
6206,4,3.620406e-04,0.12317,0.2280
6207,4,3.618956e-04,0.08059,0.2127
6208,4,3.617505e-04,0.13985,0.2530
6209,4,3.616055e-04,0.07431,0.2115
6210,4,3.614605e-04,0.10370,0.2304
6211,4,3.613155e-04,0.10497,0.2393
6212,4,3.611705e-04,0.11108,0.2558
6213,4,3.610256e-04,0.10827,0.2818
6214,4,3.608806e-04,0.09163,0.2765
6215,4,3.607357e-04,0.12214,0.2836
6216,4,3.605908e-04,0.08365,0.2096
6217,4,3.604459e-04,0.13153,0.2633
6218,4,3.603010e-04,0.13248,0.3307
6219,4,3.601562e-04,0.09525,0.3256
6220,4,3.600113e-04,0.11349,0.2722
6221,4,3.598665e-04,0.08432,0.2218
6222,4,3.597217e-04,0.21136,0.3518
6223,4,3.595769e-04,0.14921,0.3343
6224,4,3.594321e-04,0.09140,0.2942
6225,4,3.592874e-04,0.10387,0.2602
6226,4,3.591427e-04,0.10585,0.2388
6227,4,3.589979e-04,0.07115,0.2220
6228,4,3.588532e-04,0.14796,0.3280
6229,4,3.587086e-04,0.12445,0.2658
6230,4,3.585639e-04,0.10065,0.2214
6231,4,3.584192e-04,0.15431,0.3087
6232,4,3.582746e-04,0.06896,0.2276
6233,4,3.581300e-04,0.09883,0.2335
6234,4,3.579854e-04,0.12082,0.2657
6235,4,3.578408e-04,0.10697,0.2463
6236,4,3.576963e-04,0.12282,0.2860
6237,4,3.575517e-04,0.13585,0.2871
6238,4,3.574072e-04,0.09498,0.2194
6239,4,3.572627e-04,0.11058,0.2426
6240,4,3.571182e-04,0.08892,0.2745
6241,4,3.569738e-04,0.09392,0.2095
6242,4,3.568293e-04,0.13982,0.3414
6243,4,3.566849e-04,0.07899,0.2153
6244,4,3.565405e-04,0.08510,0.2118
6245,4,3.563961e-04,0.13182,0.3009
6246,4,3.562517e-04,0.08848,0.2159
6247,4,3.561073e-04,0.14223,0.2837
6248,4,3.559630e-04,0.12082,0.2905
6249,4,3.558187e-04,0.11369,0.3103
6250,4,3.556743e-04,0.12932,0.2641
6251,4,3.555301e-04,0.10572,0.2842
6252,4,3.553858e-04,0.12539,0.2379
6253,4,3.552415e-04,0.10752,0.2912
6254,4,3.550973e-04,0.14593,0.3143
6255,4,3.549531e-04,0.10474,0.2638
6256,4,3.548089e-04,0.13613,0.2197
6257,4,3.546647e-04,0.13246,0.3051
6258,4,3.545205e-04,0.09916,0.2194
6259,4,3.543764e-04,0.08522,0.2390
6260,4,3.542322e-04,0.11012,0.2491
6261,4,3.540881e-04,0.13307,0.2701
6262,4,3.539440e-04,0.16061,0.2943
6263,4,3.538000e-04,0.15790,0.3250
6264,4,3.536559e-04,0.11089,0.2296
6265,4,3.535119e-04,0.10530,0.2587
6266,4,3.533679e-04,0.17437,0.2958
6267,4,3.532238e-04,0.14456,0.3825
6268,4,3.530799e-04,0.17404,0.3511
6269,4,3.529359e-04,0.12545,0.2536
6270,4,3.527920e-04,0.14188,0.2803
6271,4,3.526480e-04,0.10415,0.2242
6272,4,3.525041e-04,0.12156,0.2154
6273,4,3.523602e-04,0.11818,0.2396
6274,4,3.522163e-04,0.16924,0.2834
6275,4,3.520725e-04,0.10589,0.2357
6276,4,3.519286e-04,0.11992,0.2615
6277,4,3.517848e-04,0.12913,0.2914
6278,4,3.516410e-04,0.10416,0.2994
6279,4,3.514972e-04,0.12601,0.2358
6280,4,3.513535e-04,0.10453,0.2084
6281,4,3.512097e-04,0.13186,0.2868
6282,4,3.510660e-04,0.08008,0.2506
6283,4,3.509223e-04,0.11193,0.2139
6284,4,3.507786e-04,0.09678,0.2569
6285,4,3.506349e-04,0.15321,0.3055
6286,4,3.504913e-04,0.16988,0.2944
6287,4,3.503476e-04,0.09630,0.2230
6288,4,3.502040e-04,0.08103,0.2321
6289,4,3.500604e-04,0.13680,0.2850
6290,4,3.499168e-04,0.15208,0.2617
6291,4,3.497733e-04,0.14781,0.2812
6292,4,3.496297e-04,0.15712,0.3006
6293,4,3.494862e-04,0.10411,0.2732
6294,4,3.493427e-04,0.11121,0.2408
6295,4,3.491992e-04,0.10069,0.2296
6296,4,3.490557e-04,0.15766,0.3609
6297,4,3.489123e-04,0.14284,0.2611
6298,4,3.487689e-04,0.11777,0.2177
6299,4,3.486255e-04,0.13431,0.2517
6300,4,3.484821e-04,0.11878,0.2379
6301,4,3.483387e-04,0.13649,0.2567
6302,4,3.481953e-04,0.11354,0.2489
6303,4,3.480520e-04,0.20225,0.3956
6304,4,3.479087e-04,0.14383,0.2754
6305,4,3.477654e-04,0.11031,0.2195
6306,4,3.476221e-04,0.08891,0.2697
6307,4,3.474788e-04,0.12716,0.2180
6308,4,3.473356e-04,0.15005,0.2689
6309,4,3.471923e-04,0.11173,0.2365
6310,4,3.470491e-04,0.08879,0.2038
6311,4,3.469060e-04,0.09751,0.2371
6312,4,3.467628e-04,0.16911,0.3149
6313,4,3.466196e-04,0.14328,0.2906
6314,4,3.464765e-04,0.11351,0.2477
6315,4,3.463334e-04,0.12011,0.2488
6316,4,3.461903e-04,0.11286,0.2673
6317,4,3.460472e-04,0.14315,0.2739
6318,4,3.459042e-04,0.10148,0.2443
6319,4,3.457611e-04,0.16615,0.3112
6320,4,3.456181e-04,0.10979,0.2709
6321,4,3.454751e-04,0.15117,0.2690
6322,4,3.453321e-04,0.16568,0.2992
6323,4,3.451892e-04,0.18807,0.2999
6324,4,3.450462e-04,0.07471,0.1932
6325,4,3.449033e-04,0.19803,0.3123
6326,4,3.447604e-04,0.11793,0.2161
6327,4,3.446175e-04,0.06030,0.2152
6328,4,3.444746e-04,0.08392,0.2422
6329,4,3.443318e-04,0.11876,0.2279
6330,4,3.441890e-04,0.11085,0.2508
6331,4,3.440462e-04,0.11069,0.2479
6332,4,3.439034e-04,0.13460,0.2266
6333,4,3.437606e-04,0.11808,0.3556
6334,4,3.436178e-04,0.10536,0.2093
6335,4,3.434751e-04,0.15934,0.3144
6336,4,3.433324e-04,0.12956,0.2799
6337,4,3.431897e-04,0.14666,0.3225
6338,4,3.430470e-04,0.10403,0.2981
6339,4,3.429044e-04,0.11482,0.2345
6340,4,3.427617e-04,0.07997,0.1821
6341,4,3.426191e-04,0.12293,0.2731
6342,4,3.424765e-04,0.18808,0.2659
6343,4,3.423339e-04,0.13511,0.2313
6344,4,3.421914e-04,0.09917,0.2177
6345,4,3.420488e-04,0.11280,0.2582
6346,4,3.419063e-04,0.13444,0.2851
6347,4,3.417638e-04,0.14041,0.2886
6348,4,3.416213e-04,0.09093,0.2231
6349,4,3.414789e-04,0.11934,0.2426
6350,4,3.413364e-04,0.09458,0.2024
6351,4,3.411940e-04,0.14451,0.2745
6352,4,3.410516e-04,0.14979,0.2686
6353,4,3.409092e-04,0.10432,0.2543
6354,4,3.407668e-04,0.08669,0.2167
6355,4,3.406245e-04,0.11931,0.2237
6356,4,3.404822e-04,0.08019,0.1939
6357,4,3.403399e-04,0.07283,0.1718
6358,4,3.401976e-04,0.07955,0.2358
6359,4,3.400553e-04,0.14240,0.3224
6360,4,3.399131e-04,0.10725,0.2519
6361,4,3.397708e-04,0.13418,0.2726
6362,4,3.396286e-04,0.07979,0.2325
6363,4,3.394864e-04,0.16189,0.2945
6364,4,3.393443e-04,0.07942,0.2162
6365,4,3.392021e-04,0.10302,0.2552
6366,4,3.390600e-04,0.17265,0.3206
6367,4,3.389179e-04,0.11535,0.2234
6368,4,3.387758e-04,0.11292,0.2800
6369,4,3.386337e-04,0.14167,0.3005
6370,4,3.384917e-04,0.09605,0.2311
6371,4,3.383496e-04,0.14315,0.2762
6372,4,3.382076e-04,0.07940,0.1845
6373,4,3.380656e-04,0.14059,0.2854
6374,4,3.379237e-04,0.07996,0.2761
6375,4,3.377817e-04,0.07112,0.2101
6376,4,3.376398e-04,0.16128,0.2737
6377,4,3.374979e-04,0.15697,0.3472
6378,4,3.373560e-04,0.07431,0.2074
6379,4,3.372141e-04,0.12503,0.2777
6380,4,3.370722e-04,0.12330,0.2646
6381,4,3.369304e-04,0.09119,0.2860
6382,4,3.367886e-04,0.13029,0.3030
6383,4,3.366468e-04,0.13106,0.2539
6384,4,3.365050e-04,0.07524,0.2075
6385,4,3.363633e-04,0.09363,0.2505
6386,4,3.362215e-04,0.08087,0.1941
6387,4,3.360798e-04,0.13035,0.2493
6388,4,3.359381e-04,0.20508,0.3525
6389,4,3.357964e-04,0.12995,0.2633
6390,4,3.356548e-04,0.11866,0.2426
6391,4,3.355131e-04,0.13058,0.2768
6392,4,3.353715e-04,0.10883,0.2182
6393,4,3.352299e-04,0.16082,0.3010
6394,4,3.350884e-04,0.13038,0.3562
6395,4,3.349468e-04,0.08602,0.2081
6396,4,3.348053e-04,0.12020,0.2919
6397,4,3.346638e-04,0.10542,0.2968
6398,4,3.345223e-04,0.12644,0.2318
6399,4,3.343808e-04,0.10596,0.2181
6400,4,3.342393e-04,0.11684,0.2915
6401,4,3.340979e-04,0.10469,0.2605
6402,4,3.339565e-04,0.10052,0.2241
6403,4,3.338151e-04,0.09332,0.3022
6404,4,3.336737e-04,0.15222,0.3500
6405,4,3.335324e-04,0.12450,0.2784
6406,4,3.333910e-04,0.09171,0.2572
6407,4,3.332497e-04,0.08712,0.2758
6408,4,3.331084e-04,0.09716,0.3137
6409,4,3.329672e-04,0.14951,0.3242
6410,4,3.328259e-04,0.21763,0.3464
6411,4,3.326847e-04,0.12119,0.2876
6412,4,3.325435e-04,0.10721,0.2636
6413,4,3.324023e-04,0.10398,0.2444
6414,4,3.322611e-04,0.10037,0.2271
6415,4,3.321200e-04,0.09806,0.2445
6416,4,3.319788e-04,0.05554,0.1593
6417,4,3.318377e-04,0.09894,0.2874
6418,4,3.316966e-04,0.12709,0.2736
6419,4,3.315556e-04,0.10200,0.2023
6420,4,3.314145e-04,0.09568,0.2846
6421,4,3.312735e-04,0.08454,0.2203
6422,4,3.311325e-04,0.09059,0.3432
6423,4,3.309915e-04,0.12264,0.3637
6424,4,3.308505e-04,0.11044,0.2590
6425,4,3.307096e-04,0.09111,0.2197
6426,4,3.305687e-04,0.07889,0.2639
6427,4,3.304278e-04,0.06297,0.1910
6428,4,3.302869e-04,0.14599,0.2895
6429,4,3.301460e-04,0.09205,0.2206
6430,4,3.300052e-04,0.12212,0.3036
6431,4,3.298643e-04,0.13223,0.3178
6432,4,3.297235e-04,0.13713,0.3677
6433,4,3.295828e-04,0.12485,0.2826
6434,4,3.294420e-04,0.12351,0.2554
6435,4,3.293013e-04,0.07674,0.2250
6436,4,3.291605e-04,0.12292,0.2706
6437,4,3.290198e-04,0.10616,0.2534
6438,4,3.288792e-04,0.09190,0.2322
6439,4,3.287385e-04,0.11603,0.3104
6440,4,3.285979e-04,0.13025,0.2472
6441,4,3.284573e-04,0.14135,0.2700
6442,4,3.283167e-04,0.09600,0.2592
6443,4,3.281761e-04,0.07911,0.2483
6444,4,3.280355e-04,0.11226,0.2739
6445,4,3.278950e-04,0.06959,0.1931
6446,4,3.277545e-04,0.08482,0.2379
6447,4,3.276140e-04,0.09756,0.2538
6448,4,3.274735e-04,0.10890,0.2562
6449,4,3.273331e-04,0.14334,0.2703
6450,4,3.271927e-04,0.15556,0.2931
6451,4,3.270523e-04,0.13253,0.3467
6452,4,3.269119e-04,0.08782,0.3073
6453,4,3.267715e-04,0.11159,0.2391
6454,4,3.266312e-04,0.15498,0.2779
6455,4,3.264908e-04,0.09687,0.3215
6456,4,3.263505e-04,0.08781,0.1939
6457,4,3.262103e-04,0.13484,0.2590
6458,4,3.260700e-04,0.09537,0.2459
6459,4,3.259298e-04,0.12035,0.2596
6460,4,3.257895e-04,0.10655,0.2369
6461,4,3.256494e-04,0.13217,0.2381
6462,4,3.255092e-04,0.07114,0.2003
6463,4,3.253690e-04,0.15249,0.3284
6464,4,3.252289e-04,0.12818,0.3703
6465,4,3.250888e-04,0.09910,0.3370
6466,4,3.249487e-04,0.10230,0.2149
6467,4,3.248086e-04,0.09540,0.2136
6468,4,3.246686e-04,0.11459,0.2747
6469,4,3.245285e-04,0.16649,0.3230
6470,4,3.243885e-04,0.13741,0.4007
6471,4,3.242485e-04,0.11786,0.2793
6472,4,3.241086e-04,0.09244,0.2263
6473,4,3.239686e-04,0.13398,0.3015
6474,4,3.238287e-04,0.14134,0.3581
6475,4,3.236888e-04,0.15559,0.3335
6476,4,3.235489e-04,0.07825,0.2014
6477,4,3.234091e-04,0.09994,0.2333
6478,4,3.232692e-04,0.09504,0.2746
6479,4,3.231294e-04,0.07083,0.1699
6480,4,3.229896e-04,0.09796,0.3141
6481,4,3.228499e-04,0.10462,0.2456
6482,4,3.227101e-04,0.12157,0.2422
6483,4,3.225704e-04,0.11717,0.2488
6484,4,3.224307e-04,0.08150,0.2126
6485,4,3.222910e-04,0.19280,0.3319
6486,4,3.221513e-04,0.10870,0.2346
6487,4,3.220117e-04,0.13059,0.2821
6488,4,3.218721e-04,0.14661,0.2631
6489,4,3.217325e-04,0.13557,0.2832
6490,4,3.215929e-04,0.08738,0.2318
6491,4,3.214533e-04,0.18475,0.3313
6492,4,3.213138e-04,0.14969,0.3147
6493,4,3.211743e-04,0.07431,0.2026
6494,4,3.210348e-04,0.06781,0.1867
6495,4,3.208953e-04,0.12817,0.2688
6496,4,3.207559e-04,0.13303,0.2520
6497,4,3.206164e-04,0.11969,0.2346
6498,4,3.204770e-04,0.13615,0.2805
6499,4,3.203376e-04,0.11619,0.2100
6500,4,3.201983e-04,0.12846,0.2406
6501,4,3.200589e-04,0.11663,0.3235
6502,4,3.199196e-04,0.16431,0.3247
6503,4,3.197803e-04,0.08174,0.1848
6504,4,3.196410e-04,0.11822,0.2657
6505,4,3.195018e-04,0.12904,0.2428
6506,4,3.193626e-04,0.05573,0.1744
6507,4,3.192233e-04,0.11780,0.2663
6508,4,3.190842e-04,0.10585,0.2827
6509,4,3.189450e-04,0.08006,0.2356
6510,4,3.188058e-04,0.08624,0.2565
6511,4,3.186667e-04,0.07668,0.2673
6512,4,3.185276e-04,0.10312,0.2332
6513,4,3.183885e-04,0.14028,0.2751
6514,4,3.182495e-04,0.08171,0.2112
6515,4,3.181104e-04,0.08661,0.2353
6516,4,3.179714e-04,0.11684,0.2301
6517,4,3.178324e-04,0.11976,0.2563
6518,4,3.176935e-04,0.10750,0.2319
6519,4,3.175545e-04,0.14132,0.3675
6520,4,3.174156e-04,0.06532,0.2167
6521,4,3.172767e-04,0.06424,0.1828
6522,4,3.171378e-04,0.18379,0.3193
6523,4,3.169989e-04,0.17899,0.3293
6524,4,3.168601e-04,0.10632,0.2304
6525,4,3.167213e-04,0.13690,0.3013
6526,4,3.165825e-04,0.17139,0.2939
6527,4,3.164437e-04,0.09626,0.2730
6528,4,3.163049e-04,0.13565,0.2941
6529,4,3.161662e-04,0.06634,0.1886
6530,4,3.160275e-04,0.12933,0.2637
6531,4,3.158888e-04,0.10129,0.2416
6532,4,3.157502e-04,0.11787,0.2734
6533,4,3.156115e-04,0.11999,0.2878
6534,4,3.154729e-04,0.08724,0.2339
6535,4,3.153343e-04,0.12106,0.2561
6536,4,3.151957e-04,0.09946,0.2340
6537,4,3.150572e-04,0.10058,0.3169
6538,4,3.149186e-04,0.10701,0.2650
6539,4,3.147801e-04,0.15416,0.3265
6540,4,3.146416e-04,0.15281,0.3388
6541,4,3.145032e-04,0.08479,0.2207
6542,4,3.143647e-04,0.10982,0.2210
6543,4,3.142263e-04,0.09904,0.2584
6544,4,3.140879e-04,0.10028,0.2439
6545,4,3.139496e-04,0.13602,0.2596
6546,4,3.138112e-04,0.13704,0.2807
6547,4,3.136729e-04,0.15386,0.2892
6548,4,3.135346e-04,0.11275,0.3233
6549,4,3.133963e-04,0.12629,0.2925
6550,4,3.132580e-04,0.09574,0.2638
6551,4,3.131198e-04,0.08196,0.2296
6552,4,3.129816e-04,0.12211,0.2484
6553,4,3.128434e-04,0.09952,0.3171
6554,4,3.127052e-04,0.07513,0.2427
6555,4,3.125670e-04,0.14026,0.2621
6556,4,3.124289e-04,0.09026,0.2110
6557,4,3.122908e-04,0.13276,0.3070
6558,4,3.121527e-04,0.09237,0.2416
6559,4,3.120147e-04,0.14935,0.3738
6560,4,3.118766e-04,0.14929,0.2696
6561,4,3.117386e-04,0.11088,0.2544
6562,4,3.116006e-04,0.10397,0.2098
6563,4,3.114626e-04,0.09177,0.2328
6564,4,3.113247e-04,0.13479,0.2522
6565,4,3.111868e-04,0.09652,0.2537
6566,4,3.110489e-04,0.10788,0.2208
6567,4,3.109110e-04,0.10194,0.2691
6568,4,3.107731e-04,0.07548,0.2286
6569,4,3.106353e-04,0.09601,0.2302
6570,4,3.104975e-04,0.10367,0.2583
6571,4,3.103597e-04,0.08814,0.2246
6572,4,3.102219e-04,0.06140,0.1924
6573,4,3.100842e-04,0.08876,0.2064
6574,4,3.099465e-04,0.14985,0.3448
6575,4,3.098088e-04,0.08735,0.2483
6576,4,3.096711e-04,0.11024,0.3126
6577,4,3.095334e-04,0.12311,0.2709
6578,4,3.093958e-04,0.13707,0.2911
6579,4,3.092582e-04,0.17697,0.3644
6580,4,3.091206e-04,0.13872,0.3142
6581,4,3.089830e-04,0.08973,0.2231
6582,4,3.088455e-04,0.13645,0.3133
6583,4,3.087080e-04,0.09340,0.2918
6584,4,3.085705e-04,0.13633,0.2925
6585,4,3.084330e-04,0.13316,0.2880
6586,4,3.082956e-04,0.15352,0.3014
6587,4,3.081581e-04,0.11979,0.2803
6588,4,3.080207e-04,0.12756,0.3387
6589,4,3.078834e-04,0.11810,0.2473
6590,4,3.077460e-04,0.11403,0.3301
6591,4,3.076087e-04,0.14022,0.2668
6592,4,3.074714e-04,0.15050,0.2800
6593,4,3.073341e-04,0.08959,0.2286
6594,4,3.071968e-04,0.15601,0.3222
6595,4,3.070596e-04,0.11881,0.2825
6596,4,3.069224e-04,0.13827,0.2753
6597,4,3.067852e-04,0.14329,0.3278
6598,4,3.066480e-04,0.15329,0.4819
6599,4,3.065108e-04,0.10471,0.2852
6600,4,3.063737e-04,0.15876,0.3697
6601,4,3.062366e-04,0.10436,0.2313
6602,4,3.060995e-04,0.08468,0.2296
6603,4,3.059625e-04,0.08907,0.2563
6604,4,3.058254e-04,0.11383,0.2601
6605,4,3.056884e-04,0.16663,0.3854
6606,4,3.055514e-04,0.12884,0.2788
6607,4,3.054145e-04,0.12033,0.3764
6608,4,3.052775e-04,0.11698,0.3146
6609,4,3.051406e-04,0.07683,0.2100
6610,4,3.050037e-04,0.11101,0.2802
6611,4,3.048669e-04,0.09540,0.2099
6612,4,3.047300e-04,0.09608,0.2340
6613,4,3.045932e-04,0.14814,0.3494
6614,4,3.044564e-04,0.12697,0.3026
6615,4,3.043196e-04,0.13319,0.2498
6616,4,3.041829e-04,0.09280,0.2436
6617,4,3.040461e-04,0.12079,0.2870
6618,4,3.039094e-04,0.11692,0.2972
6619,4,3.037727e-04,0.10488,0.2650
6620,4,3.036361e-04,0.11379,0.2257
6621,4,3.034994e-04,0.13582,0.2696
6622,4,3.033628e-04,0.14982,0.2848
6623,4,3.032262e-04,0.08244,0.2470
6624,4,3.030897e-04,0.13635,0.3117
6625,4,3.029531e-04,0.08663,0.2138
6626,4,3.028166e-04,0.11092,0.2522
6627,4,3.026801e-04,0.16667,0.2928
6628,4,3.025436e-04,0.08599,0.2335
6629,4,3.024072e-04,0.08830,0.2624
6630,4,3.022708e-04,0.14237,0.3000
6631,4,3.021344e-04,0.14516,0.2756
6632,4,3.019980e-04,0.10496,0.2235
6633,4,3.018616e-04,0.12470,0.2755
6634,4,3.017253e-04,0.11607,0.2543
6635,4,3.015890e-04,0.11737,0.2607
6636,4,3.014527e-04,0.18053,0.3453
6637,4,3.013164e-04,0.14275,0.3056
6638,4,3.011802e-04,0.09501,0.2100
6639,4,3.010440e-04,0.10050,0.2088
6640,4,3.009078e-04,0.13412,0.2875
6641,4,3.007716e-04,0.14759,0.3370
6642,4,3.006355e-04,0.14161,0.3145
6643,4,3.004994e-04,0.16876,0.3099
6644,4,3.003633e-04,0.09251,0.2427
6645,4,3.002272e-04,0.14796,0.2715
6646,4,3.000912e-04,0.14496,0.2934
6647,4,2.999551e-04,0.08948,0.2042
6648,4,2.998191e-04,0.07630,0.2170
6649,4,2.996832e-04,0.11772,0.2427
6650,4,2.995472e-04,0.11430,0.3388
6651,4,2.994113e-04,0.15747,0.3030
6652,4,2.992754e-04,0.12052,0.2486
6653,4,2.991395e-04,0.07805,0.2037
6654,4,2.990036e-04,0.12007,0.2963
6655,4,2.988678e-04,0.13526,0.3117
6656,4,2.987320e-04,0.14989,0.2608
6657,4,2.985962e-04,0.13265,0.2482
6658,4,2.984604e-04,0.11008,0.2458
6659,4,2.983247e-04,0.12374,0.2610
6660,4,2.981890e-04,0.20041,0.3386
6661,4,2.980533e-04,0.08886,0.2094
6662,4,2.979176e-04,0.13108,0.2491
6663,4,2.977820e-04,0.08314,0.2269
6664,4,2.976464e-04,0.09840,0.2236
6665,4,2.975108e-04,0.19219,0.2928
6666,4,2.973752e-04,0.17176,0.3243
6667,4,2.972397e-04,0.09444,0.2261
6668,4,2.971041e-04,0.11233,0.2445
6669,4,2.969687e-04,0.14462,0.2610
6670,4,2.968332e-04,0.12175,0.2491
6671,4,2.966977e-04,0.11083,0.2511
6672,4,2.965623e-04,0.14104,0.2908
6673,4,2.964269e-04,0.14418,0.2305
6674,4,2.962915e-04,0.20176,0.3568
6675,4,2.961562e-04,0.08386,0.2344
6676,4,2.960208e-04,0.11072,0.2352
6677,4,2.958855e-04,0.16470,0.2853
6678,4,2.957503e-04,0.10165,0.2706
6679,4,2.956150e-04,0.06397,0.2564
6680,4,2.954798e-04,0.11887,0.2353
6681,4,2.953446e-04,0.11747,0.2416
6682,4,2.952094e-04,0.11599,0.2817
6683,4,2.950742e-04,0.11957,0.2215
6684,4,2.949391e-04,0.11140,0.2284
6685,4,2.948040e-04,0.09122,0.2026
6686,4,2.946689e-04,0.13376,0.2953
6687,4,2.945338e-04,0.08383,0.2147
6688,4,2.943988e-04,0.18722,0.3300
6689,4,2.942638e-04,0.14061,0.2644
6690,4,2.941288e-04,0.09672,0.2230
6691,4,2.939938e-04,0.09232,0.2249
6692,4,2.938589e-04,0.06886,0.1934
6693,4,2.937240e-04,0.10668,0.2436
6694,4,2.935891e-04,0.13140,0.2796
6695,4,2.934542e-04,0.06797,0.1975
6696,4,2.933194e-04,0.09928,0.2570
6697,4,2.931846e-04,0.17316,0.3835
6698,4,2.930498e-04,0.08508,0.2550
6699,4,2.929150e-04,0.11279,0.2269
6700,4,2.927803e-04,0.16576,0.3630
6701,4,2.926456e-04,0.09372,0.2565
6702,4,2.925109e-04,0.09125,0.2429
6703,4,2.923762e-04,0.09240,0.2254
6704,4,2.922415e-04,0.11632,0.2416
6705,4,2.921069e-04,0.13466,0.2794
6706,4,2.919723e-04,0.09361,0.2204
6707,4,2.918378e-04,0.14195,0.2759
6708,4,2.917032e-04,0.08917,0.2250
6709,4,2.915687e-04,0.10280,0.2654
6710,4,2.914342e-04,0.10867,0.2283
6711,4,2.912997e-04,0.09973,0.2688
6712,4,2.911653e-04,0.15292,0.3207
6713,4,2.910309e-04,0.11478,0.2367
6714,4,2.908965e-04,0.11512,0.2465
6715,4,2.907621e-04,0.13108,0.3454
6716,4,2.906277e-04,0.14633,0.3634
6717,4,2.904934e-04,0.07894,0.1992
6718,4,2.903591e-04,0.13602,0.2738
6719,4,2.902248e-04,0.14255,0.2683
6720,4,2.900906e-04,0.11303,0.2507
6721,4,2.899564e-04,0.10499,0.2866
6722,4,2.898222e-04,0.10033,0.2531
6723,4,2.896880e-04,0.11032,0.2648
6724,4,2.895538e-04,0.13334,0.2589
6725,4,2.894197e-04,0.12276,0.3958
6726,4,2.892856e-04,0.11966,0.2777
6727,4,2.891515e-04,0.11696,0.2562
6728,4,2.890175e-04,0.09474,0.2240
6729,4,2.888835e-04,0.08503,0.2220
6730,4,2.887495e-04,0.17014,0.3897
6731,4,2.886155e-04,0.10661,0.2477
6732,4,2.884815e-04,0.13048,0.3155
6733,4,2.883476e-04,0.13003,0.2667
6734,4,2.882137e-04,0.14388,0.3448
6735,4,2.880798e-04,0.07402,0.2097
6736,4,2.879460e-04,0.07654,0.2522
6737,4,2.878122e-04,0.11306,0.2582
6738,4,2.876784e-04,0.08340,0.2162
6739,4,2.875446e-04,0.11576,0.3671
6740,4,2.874108e-04,0.13435,0.2845
6741,4,2.872771e-04,0.15791,0.2698
6742,4,2.871434e-04,0.10516,0.2677
6743,4,2.870097e-04,0.07549,0.2077
6744,4,2.868761e-04,0.17725,0.3584
6745,4,2.867425e-04,0.13721,0.2456
6746,4,2.866089e-04,0.09613,0.2086
6747,4,2.864753e-04,0.11083,0.2225
6748,4,2.863417e-04,0.08975,0.2707
6749,4,2.862082e-04,0.07252,0.1950
6750,4,2.860747e-04,0.14316,0.3039
6751,4,2.859412e-04,0.11299,0.2195
6752,4,2.858078e-04,0.06944,0.2029
6753,4,2.856744e-04,0.14573,0.3220
6754,4,2.855410e-04,0.10267,0.3122
6755,4,2.854076e-04,0.05595,0.1889
6756,4,2.852743e-04,0.10209,0.2782
6757,4,2.851409e-04,0.10917,0.2442
6758,4,2.850076e-04,0.11960,0.2796
6759,4,2.848744e-04,0.09923,0.2641
6760,4,2.847411e-04,0.12654,0.3032
6761,4,2.846079e-04,0.11351,0.2615
6762,4,2.844747e-04,0.09678,0.2541
6763,4,2.843415e-04,0.08180,0.2130
6764,4,2.842084e-04,0.07478,0.2084
6765,4,2.840753e-04,0.13917,0.3003
6766,4,2.839422e-04,0.12297,0.2628
6767,4,2.838091e-04,0.09074,0.2691
6768,4,2.836761e-04,0.11440,0.3171
6769,4,2.835431e-04,0.08269,0.2730
6770,4,2.834101e-04,0.13779,0.2829
6771,4,2.832771e-04,0.18912,0.3152
6772,4,2.831442e-04,0.09930,0.2597
6773,4,2.830113e-04,0.15988,0.2751
6774,4,2.828784e-04,0.11019,0.2413
6775,4,2.827455e-04,0.11456,0.3209
6776,4,2.826127e-04,0.10352,0.2664
6777,4,2.824799e-04,0.09313,0.2026
6778,4,2.823471e-04,0.13473,0.2901
6779,4,2.822143e-04,0.12023,0.2901
6780,4,2.820816e-04,0.09503,0.3446
6781,4,2.819489e-04,0.06484,0.2131
6782,4,2.818162e-04,0.10930,0.1941
6783,4,2.816835e-04,0.13312,0.3750
6784,4,2.815509e-04,0.08010,0.3148
6785,4,2.814183e-04,0.09904,0.2496
6786,4,2.812857e-04,0.16843,0.3739
6787,4,2.811532e-04,0.08414,0.2289
6788,4,2.810206e-04,0.11682,0.2710
6789,4,2.808881e-04,0.06546,0.1988
6790,4,2.807557e-04,0.11319,0.3066
6791,4,2.806232e-04,0.15052,0.2616
6792,4,2.804908e-04,0.17515,0.3531
6793,4,2.803584e-04,0.13637,0.2683
6794,4,2.802260e-04,0.13664,0.2905
6795,4,2.800937e-04,0.12732,0.2625
6796,4,2.799613e-04,0.11946,0.2507
6797,4,2.798290e-04,0.10131,0.2554
6798,4,2.796968e-04,0.07746,0.1845
6799,4,2.795645e-04,0.08716,0.2196
6800,4,2.794323e-04,0.11806,0.3241
6801,4,2.793001e-04,0.09350,0.2985
6802,4,2.791680e-04,0.11257,0.2563
6803,4,2.790358e-04,0.10698,0.2402
6804,4,2.789037e-04,0.12689,0.2851
6805,4,2.787716e-04,0.10868,0.2303
6806,4,2.786396e-04,0.14123,0.2622
6807,4,2.785075e-04,0.08097,0.2406
6808,4,2.783755e-04,0.08888,0.2406
6809,4,2.782435e-04,0.12925,0.2793
6810,4,2.781116e-04,0.08958,0.2340
6811,4,2.779796e-04,0.10450,0.2430
6812,4,2.778477e-04,0.11652,0.2275
6813,4,2.777159e-04,0.17690,0.2954
6814,4,2.775840e-04,0.06874,0.1988
6815,4,2.774522e-04,0.11980,0.2398
6816,4,2.773204e-04,0.16649,0.3654
6817,4,2.771886e-04,0.08145,0.2360
6818,4,2.770568e-04,0.11931,0.2746
6819,4,2.769251e-04,0.10247,0.3154
6820,4,2.767934e-04,0.10195,0.2299
6821,4,2.766618e-04,0.17339,0.3304
6822,4,2.765301e-04,0.12839,0.2873
6823,4,2.763985e-04,0.13504,0.2521
6824,4,2.762669e-04,0.12730,0.2644
6825,4,2.761353e-04,0.07791,0.1688
6826,4,2.760038e-04,0.12008,0.2398
6827,4,2.758723e-04,0.07698,0.2129
6828,4,2.757408e-04,0.10928,0.2842
6829,4,2.756093e-04,0.07423,0.1992
6830,4,2.754779e-04,0.10979,0.2770
6831,4,2.753465e-04,0.10490,0.2601
6832,4,2.752151e-04,0.09834,0.2523
6833,4,2.750838e-04,0.08836,0.2128
6834,4,2.749524e-04,0.11327,0.2358
6835,4,2.748211e-04,0.09508,0.2235
6836,4,2.746899e-04,0.10237,0.2826
6837,4,2.745586e-04,0.11561,0.2576
6838,4,2.744274e-04,0.12540,0.2714
6839,4,2.742962e-04,0.12669,0.2913
6840,4,2.741650e-04,0.13854,0.2809
6841,4,2.740339e-04,0.10770,0.2389
6842,4,2.739028e-04,0.12512,0.2994
6843,4,2.737717e-04,0.10682,0.2580
6844,4,2.736406e-04,0.09528,0.2531
6845,4,2.735096e-04,0.12605,0.2277
6846,4,2.733786e-04,0.12577,0.2468
6847,4,2.732476e-04,0.07474,0.1993
6848,4,2.731166e-04,0.05053,0.1674
6849,4,2.729857e-04,0.12263,0.2340
6850,4,2.728548e-04,0.09279,0.2390
6851,4,2.727239e-04,0.21316,0.3271
6852,4,2.725931e-04,0.12860,0.2876
6853,4,2.724623e-04,0.08452,0.2527
6854,4,2.723315e-04,0.18924,0.3165
6855,4,2.722007e-04,0.11801,0.2591
6856,4,2.720700e-04,0.12327,0.3055
6857,4,2.719392e-04,0.09335,0.2782
6858,4,2.718086e-04,0.12331,0.2740
6859,4,2.716779e-04,0.13201,0.3116
6860,4,2.715473e-04,0.14260,0.2318
6861,4,2.714166e-04,0.12930,0.2615
6862,4,2.712861e-04,0.11877,0.2839
6863,4,2.711555e-04,0.14573,0.2744
6864,4,2.710250e-04,0.12861,0.3318
6865,4,2.708945e-04,0.08110,0.2484
6866,4,2.707640e-04,0.12699,0.4260
6867,4,2.706336e-04,0.11199,0.2617
6868,4,2.705031e-04,0.08428,0.2995
6869,4,2.703727e-04,0.09444,0.2257
6870,4,2.702424e-04,0.09070,0.2809
6871,4,2.701120e-04,0.18787,0.3270
6872,4,2.699817e-04,0.13882,0.2626
6873,4,2.698514e-04,0.14943,0.3087
6874,4,2.697212e-04,0.10523,0.2037
6875,4,2.695909e-04,0.08426,0.1993
6876,4,2.694607e-04,0.12551,0.2515
6877,4,2.693306e-04,0.13640,0.2835
6878,4,2.692004e-04,0.16394,0.3365
6879,4,2.690703e-04,0.09392,0.2770
6880,4,2.689402e-04,0.09673,0.2221
6881,4,2.688101e-04,0.10678,0.2380
6882,4,2.686801e-04,0.13187,0.2449
6883,4,2.685501e-04,0.10295,0.2894
6884,4,2.684201e-04,0.11965,0.3392
6885,4,2.682901e-04,0.06235,0.1658
6886,4,2.681602e-04,0.12985,0.2918
6887,4,2.680303e-04,0.16492,0.2809
6888,4,2.679004e-04,0.10298,0.2133
6889,4,2.677705e-04,0.08623,0.2072
6890,4,2.676407e-04,0.08403,0.2909
6891,4,2.675109e-04,0.11536,0.2563
6892,4,2.673811e-04,0.13126,0.2658
6893,4,2.672514e-04,0.07034,0.2292
6894,4,2.671217e-04,0.16685,0.3114
6895,4,2.669920e-04,0.11610,0.2342
6896,4,2.668623e-04,0.08663,0.1860
6897,4,2.667327e-04,0.14877,0.2839
6898,4,2.666031e-04,0.08955,0.2292
6899,4,2.664735e-04,0.14423,0.2364
6900,4,2.663440e-04,0.10600,0.2543
6901,4,2.662144e-04,0.08807,0.2302
6902,4,2.660849e-04,0.07799,0.2142
6903,4,2.659555e-04,0.09252,0.2403
6904,4,2.658260e-04,0.10760,0.2683
6905,4,2.656966e-04,0.11602,0.2616
6906,4,2.655672e-04,0.08805,0.2199
6907,4,2.654379e-04,0.12616,0.2583
6908,4,2.653085e-04,0.08901,0.2042
6909,4,2.651792e-04,0.16750,0.3486
6910,4,2.650499e-04,0.12331,0.2469
6911,4,2.649207e-04,0.13438,0.2823
6912,4,2.647915e-04,0.15455,0.2835
6913,4,2.646623e-04,0.09452,0.2750
6914,4,2.645331e-04,0.08426,0.2198
6915,4,2.644039e-04,0.16216,0.3308
6916,4,2.642748e-04,0.11313,0.2553
6917,4,2.641457e-04,0.11331,0.2687
6918,4,2.640167e-04,0.14461,0.4667
6919,4,2.638877e-04,0.13212,0.2884
6920,4,2.637587e-04,0.05457,0.1836
6921,4,2.636297e-04,0.11061,0.2596
6922,4,2.635007e-04,0.06193,0.1563
6923,4,2.633718e-04,0.09645,0.2329
6924,4,2.632429e-04,0.11561,0.2744
6925,4,2.631141e-04,0.07957,0.2465
6926,4,2.629852e-04,0.12444,0.2915
6927,4,2.628564e-04,0.16825,0.3417
6928,4,2.627276e-04,0.15668,0.3024
6929,4,2.625989e-04,0.12033,0.2580
6930,4,2.624701e-04,0.08777,0.2872
6931,4,2.623414e-04,0.15180,0.3844
6932,4,2.622128e-04,0.10699,0.3385
6933,4,2.620841e-04,0.09074,0.2414
6934,4,2.619555e-04,0.11276,0.2336
6935,4,2.618269e-04,0.14176,0.2806
6936,4,2.616984e-04,0.11307,0.2561
6937,4,2.615698e-04,0.14357,0.2890
6938,4,2.614413e-04,0.14362,0.2518
6939,4,2.613129e-04,0.13712,0.2693
6940,4,2.611844e-04,0.15924,0.4482
6941,4,2.610560e-04,0.17319,0.2711
6942,4,2.609276e-04,0.13281,0.2672
6943,4,2.607992e-04,0.13844,0.2541
6944,4,2.606709e-04,0.09829,0.2537
6945,4,2.605426e-04,0.08815,0.1881
6946,4,2.604143e-04,0.08436,0.2153
6947,4,2.602860e-04,0.12377,0.2517
6948,4,2.601578e-04,0.13806,0.2996
6949,4,2.600296e-04,0.09493,0.2518
6950,4,2.599015e-04,0.11277,0.2426
6951,4,2.597733e-04,0.15314,0.2882
6952,4,2.596452e-04,0.14102,0.2556
6953,4,2.595171e-04,0.12057,0.2578
6954,4,2.593891e-04,0.17867,0.3527
6955,4,2.592610e-04,0.13197,0.2736
6956,4,2.591330e-04,0.10950,0.2542
6957,4,2.590051e-04,0.08832,0.2396
6958,4,2.588771e-04,0.11894,0.2827
6959,4,2.587492e-04,0.09396,0.2787
6960,4,2.586213e-04,0.15309,0.3147
6961,4,2.584935e-04,0.10291,0.2168
6962,4,2.583656e-04,0.09897,0.2304
6963,4,2.582378e-04,0.11356,0.2350
6964,4,2.581100e-04,0.11744,0.2667
6965,4,2.579823e-04,0.09881,0.2585
6966,4,2.578546e-04,0.12488,0.2427
6967,4,2.577269e-04,0.07715,0.2343
6968,4,2.575992e-04,0.08934,0.2069
6969,4,2.574716e-04,0.11500,0.2505
6970,4,2.573440e-04,0.11454,0.2609
6971,4,2.572164e-04,0.11512,0.2637
6972,4,2.570889e-04,0.14598,0.2507
6973,4,2.569613e-04,0.11361,0.2688
6974,4,2.568338e-04,0.08661,0.2088
6975,4,2.567064e-04,0.08670,0.1935
6976,4,2.565789e-04,0.10984,0.2633
6977,4,2.564515e-04,0.10050,0.2296
6978,4,2.563242e-04,0.10216,0.2313
6979,4,2.561968e-04,0.07335,0.1915
6980,4,2.560695e-04,0.14605,0.2899
6981,4,2.559422e-04,0.13209,0.2421
6982,4,2.558149e-04,0.15917,0.3420
6983,4,2.556877e-04,0.11893,0.2447
6984,4,2.555605e-04,0.13022,0.3156
6985,4,2.554333e-04,0.17898,0.3649
6986,4,2.553061e-04,0.08101,0.2199
6987,4,2.551790e-04,0.08358,0.2444
6988,4,2.550519e-04,0.11331,0.2656
6989,4,2.549249e-04,0.12762,0.2974
6990,4,2.547978e-04,0.10027,0.3000
6991,4,2.546708e-04,0.10243,0.2589
6992,4,2.545438e-04,0.15070,0.3042
6993,4,2.544169e-04,0.10185,0.3123
6994,4,2.542900e-04,0.12154,0.2803
6995,4,2.541631e-04,0.07720,0.2103
6996,4,2.540362e-04,0.11830,0.2692
6997,4,2.539094e-04,0.13523,0.2604
6998,4,2.537826e-04,0.08872,0.2337
6999,4,2.536558e-04,0.08389,0.2453
7000,4,2.535290e-04,0.11907,0.2725
7001,4,2.534023e-04,0.21228,0.3676
7002,4,2.532756e-04,0.08539,0.2090
7003,4,2.531489e-04,0.11330,0.2540
7004,4,2.530223e-04,0.14022,0.3066
7005,4,2.528957e-04,0.13774,0.2708
7006,4,2.527691e-04,0.10567,0.2607
7007,4,2.526426e-04,0.11118,0.2697
7008,4,2.525161e-04,0.11659,0.2384
7009,4,2.523896e-04,0.11129,0.2317
7010,4,2.522631e-04,0.13925,0.2421
7011,4,2.521367e-04,0.14709,0.3329
7012,4,2.520103e-04,0.10910,0.1975
7013,4,2.518839e-04,0.12754,0.2750
7014,4,2.517575e-04,0.10419,0.2440
7015,4,2.516312e-04,0.11303,0.2718
7016,4,2.515049e-04,0.11296,0.2550
7017,4,2.513787e-04,0.08741,0.2081
7018,4,2.512524e-04,0.09429,0.2520
7019,4,2.511262e-04,0.10316,0.3052
7020,4,2.510000e-04,0.10650,0.2530
7021,4,2.508739e-04,0.12908,0.3066
7022,4,2.507478e-04,0.09922,0.2538
7023,4,2.506217e-04,0.12304,0.2318
7024,4,2.504956e-04,0.09544,0.2711
7025,4,2.503696e-04,0.09843,0.2194
7026,4,2.502436e-04,0.11706,0.2573
7027,4,2.501176e-04,0.14527,0.2863
7028,4,2.499917e-04,0.14148,0.3098
7029,4,2.498658e-04,0.11567,0.2858
7030,4,2.497399e-04,0.12169,0.3494
7031,4,2.496140e-04,0.08684,0.2238
7032,4,2.494882e-04,0.12126,0.2285
7033,4,2.493624e-04,0.09625,0.2001
7034,4,2.492367e-04,0.12925,0.2354
7035,4,2.491109e-04,0.15201,0.3081
7036,4,2.489852e-04,0.08552,0.2496
7037,4,2.488595e-04,0.13605,0.2474
7038,4,2.487339e-04,0.11320,0.2331
7039,4,2.486083e-04,0.12504,0.2401
7040,4,2.484827e-04,0.10141,0.2048
7041,4,2.483571e-04,0.10773,0.2160
7042,4,2.482316e-04,0.16028,0.3204
7043,4,2.481061e-04,0.14373,0.2637
7044,4,2.479806e-04,0.12797,0.2613
7045,4,2.478551e-04,0.13941,0.2623
7046,4,2.477297e-04,0.07700,0.1985
7047,4,2.476043e-04,0.17120,0.3118
7048,4,2.474790e-04,0.11234,0.2653
7049,4,2.473536e-04,0.13594,0.3582
7050,4,2.472283e-04,0.09505,0.2312
7051,4,2.471031e-04,0.12359,0.2535
7052,4,2.469778e-04,0.15415,0.3845
7053,4,2.468526e-04,0.13418,0.2504
7054,4,2.467274e-04,0.13400,0.2553
7055,4,2.466023e-04,0.11031,0.2613
7056,4,2.464772e-04,0.13559,0.2812
7057,4,2.463521e-04,0.10264,0.2583
7058,4,2.462270e-04,0.14244,0.3008
7059,4,2.461020e-04,0.15100,0.2597
7060,4,2.459770e-04,0.11544,0.2462
7061,4,2.458520e-04,0.14838,0.2786
7062,4,2.457270e-04,0.09098,0.2403
7063,4,2.456021e-04,0.08669,0.2361
7064,4,2.454772e-04,0.15144,0.3670
7065,4,2.453524e-04,0.12283,0.2618
7066,4,2.452276e-04,0.09330,0.2217
7067,4,2.451028e-04,0.14871,0.2878
7068,4,2.449780e-04,0.08431,0.2034
7069,4,2.448532e-04,0.09863,0.2459
7070,4,2.447285e-04,0.09775,0.1962
7071,4,2.446039e-04,0.09263,0.2210
7072,4,2.444792e-04,0.12023,0.2391
7073,4,2.443546e-04,0.08452,0.2313
7074,4,2.442300e-04,0.12678,0.2612
7075,4,2.441054e-04,0.10484,0.2254
7076,4,2.439809e-04,0.12054,0.2591
7077,4,2.438564e-04,0.06705,0.1894
7078,4,2.437319e-04,0.17301,0.2750
7079,4,2.436075e-04,0.13883,0.3054
7080,4,2.434831e-04,0.11843,0.2575
7081,4,2.433587e-04,0.10740,0.2232
7082,4,2.432343e-04,0.09040,0.2125
7083,4,2.431100e-04,0.09993,0.2146
7084,4,2.429857e-04,0.09666,0.2154
7085,4,2.428614e-04,0.12014,0.2514
7086,4,2.427372e-04,0.08681,0.2288
7087,4,2.426130e-04,0.10571,0.2504
7088,4,2.424888e-04,0.14399,0.3459
7089,4,2.423647e-04,0.12946,0.2329
7090,4,2.422406e-04,0.20282,0.3402
7091,4,2.421165e-04,0.13428,0.2568
7092,4,2.419924e-04,0.15601,0.3004
7093,4,2.418684e-04,0.11293,0.2508
7094,4,2.417444e-04,0.13363,0.2507
7095,4,2.416205e-04,0.14099,0.2656
7096,4,2.414965e-04,0.09703,0.2267
7097,4,2.413726e-04,0.08578,0.2196
7098,4,2.412487e-04,0.12138,0.3063
7099,4,2.411249e-04,0.11358,0.2470
7100,4,2.410011e-04,0.08180,0.2060
7101,4,2.408773e-04,0.06582,0.2113
7102,4,2.407535e-04,0.14495,0.3083
7103,4,2.406298e-04,0.08541,0.2278
7104,4,2.405061e-04,0.09968,0.2454
7105,4,2.403825e-04,0.08543,0.2320
7106,4,2.402588e-04,0.07934,0.1909
7107,4,2.401352e-04,0.09925,0.2297
7108,4,2.400116e-04,0.08266,0.2095
7109,4,2.398881e-04,0.08470,0.2148
7110,4,2.397646e-04,0.08029,0.2175
7111,4,2.396411e-04,0.09775,0.2506
7112,4,2.395176e-04,0.14743,0.2712
7113,4,2.393942e-04,0.08778,0.2332
7114,4,2.392708e-04,0.09325,0.2276
7115,4,2.391475e-04,0.11195,0.2485
7116,4,2.390241e-04,0.13959,0.2982
7117,4,2.389008e-04,0.12157,0.3491
7118,4,2.387775e-04,0.08547,0.1984
7119,4,2.386543e-04,0.10033,0.2608
7120,4,2.385311e-04,0.09386,0.2135
7121,4,2.384079e-04,0.10363,0.2530
7122,4,2.382848e-04,0.13168,0.3660
7123,4,2.381616e-04,0.13351,0.2634
7124,4,2.380385e-04,0.09887,0.3476
7125,4,2.379155e-04,0.06268,0.2452
7126,4,2.377925e-04,0.12411,0.2634
7127,4,2.376695e-04,0.14210,0.3495
7128,4,2.375465e-04,0.11268,0.3381
7129,4,2.374235e-04,0.13728,0.3560
7130,4,2.373006e-04,0.12759,0.3749
7131,4,2.371778e-04,0.12028,0.2914
7132,4,2.370549e-04,0.13731,0.3196
7133,4,2.369321e-04,0.14767,0.2259
7134,4,2.368093e-04,0.13199,0.3039
7135,4,2.366866e-04,0.13120,0.3287
7136,4,2.365638e-04,0.11815,0.3656
7137,4,2.364411e-04,0.12762,0.2819
7138,4,2.363185e-04,0.06087,0.1910
7139,4,2.361958e-04,0.07159,0.2281
7140,4,2.360732e-04,0.07931,0.2180
7141,4,2.359507e-04,0.15522,0.3048
7142,4,2.358281e-04,0.15884,0.2971
7143,4,2.357056e-04,0.10711,0.2130
7144,4,2.355831e-04,0.10242,0.2385
7145,4,2.354607e-04,0.06546,0.2024
7146,4,2.353382e-04,0.13169,0.2921
7147,4,2.352159e-04,0.09110,0.2039
7148,4,2.350935e-04,0.12074,0.2100
7149,4,2.349712e-04,0.10349,0.2312
7150,4,2.348489e-04,0.09376,0.2228
7151,4,2.347266e-04,0.11515,0.2727
7152,4,2.346044e-04,0.11329,0.2398
7153,4,2.344822e-04,0.10777,0.2317
7154,4,2.343600e-04,0.08442,0.2035
7155,4,2.342378e-04,0.10092,0.2588
7156,4,2.341157e-04,0.11279,0.2658
7157,4,2.339936e-04,0.10747,0.2198
7158,4,2.338716e-04,0.16333,0.2914
7159,4,2.337496e-04,0.12462,0.3036
7160,4,2.336276e-04,0.17750,0.3154
7161,4,2.335056e-04,0.13337,0.2356
7162,4,2.333837e-04,0.06745,0.2135
7163,4,2.332618e-04,0.08596,0.2694
7164,4,2.331399e-04,0.09636,0.2351
7165,4,2.330181e-04,0.10402,0.2070
7166,4,2.328963e-04,0.11595,0.2580
7167,4,2.327745e-04,0.13273,0.3210
7168,4,2.326528e-04,0.15927,0.2577
7169,4,2.325311e-04,0.10538,0.2604
7170,4,2.324094e-04,0.13139,0.4288
7171,4,2.322877e-04,0.12260,0.3753
7172,4,2.321661e-04,0.10470,0.2542
7173,4,2.320445e-04,0.11711,0.2556
7174,4,2.319229e-04,0.12025,0.2651
7175,4,2.318014e-04,0.14986,0.2726
7176,4,2.316799e-04,0.07990,0.2106
7177,4,2.315585e-04,0.10829,0.2551
7178,4,2.314370e-04,0.09739,0.2541
7179,4,2.313156e-04,0.09192,0.2206
7180,4,2.311943e-04,0.10408,0.3257
7181,4,2.310729e-04,0.10342,0.2366
7182,4,2.309516e-04,0.14325,0.3188
7183,4,2.308303e-04,0.09097,0.2408
7184,4,2.307091e-04,0.12173,0.2644
7185,4,2.305879e-04,0.08034,0.2263
7186,4,2.304667e-04,0.10939,0.2419
7187,4,2.303455e-04,0.11345,0.2560
7188,4,2.302244e-04,0.12778,0.3072
7189,4,2.301033e-04,0.10972,0.2301
7190,4,2.299822e-04,0.12074,0.2494
7191,4,2.298612e-04,0.15008,0.3281
7192,4,2.297402e-04,0.15474,0.2759
7193,4,2.296192e-04,0.10460,0.2561
7194,4,2.294983e-04,0.12666,0.3277
7195,4,2.293774e-04,0.13304,0.2892
7196,4,2.292565e-04,0.16373,0.3223
7197,4,2.291357e-04,0.12259,0.2806
7198,4,2.290149e-04,0.14380,0.3660
7199,4,2.288941e-04,0.11341,0.2473
7200,4,2.287733e-04,0.11492,0.2601
7201,4,2.286526e-04,0.12988,0.2998
7202,4,2.285319e-04,0.12786,0.2467
7203,4,2.284113e-04,0.15149,0.2985
7204,4,2.282907e-04,0.09882,0.2144
7205,4,2.281701e-04,0.16900,0.2851
7206,4,2.280495e-04,0.11852,0.2895
7207,4,2.279290e-04,0.07977,0.2100
7208,4,2.278085e-04,0.14542,0.3266
7209,4,2.276880e-04,0.15883,0.3536
7210,4,2.275676e-04,0.11877,0.2836
7211,4,2.274472e-04,0.08803,0.1945
7212,4,2.273268e-04,0.10137,0.2444
7213,4,2.272065e-04,0.12108,0.2998
7214,4,2.270862e-04,0.11132,0.2110
7215,4,2.269659e-04,0.08793,0.2154
7216,4,2.268456e-04,0.20826,0.3560
7217,4,2.267254e-04,0.15095,0.2849
7218,4,2.266052e-04,0.13522,0.2557
7219,4,2.264851e-04,0.11851,0.2415
7220,4,2.263650e-04,0.16854,0.2692
7221,4,2.262449e-04,0.12809,0.2882
7222,4,2.261248e-04,0.09444,0.2222
7223,4,2.260048e-04,0.09806,0.2225
7224,4,2.258848e-04,0.07877,0.2273
7225,4,2.257648e-04,0.11069,0.2270
7226,4,2.256449e-04,0.10376,0.2308
7227,4,2.255250e-04,0.11961,0.3244
7228,4,2.254052e-04,0.11383,0.3107
7229,4,2.252853e-04,0.13638,0.2826
7230,4,2.251655e-04,0.12486,0.3532
7231,4,2.250457e-04,0.14097,0.3615
7232,4,2.249260e-04,0.14643,0.2977
7233,4,2.248063e-04,0.08225,0.2264
7234,4,2.246866e-04,0.09013,0.2738
7235,4,2.245670e-04,0.15814,0.3494
7236,4,2.244474e-04,0.11358,0.2868
7237,4,2.243278e-04,0.09782,0.2431
7238,4,2.242082e-04,0.13025,0.2483
7239,4,2.240887e-04,0.14185,0.2435
7240,4,2.239692e-04,0.14238,0.2852
7241,4,2.238498e-04,0.10253,0.2232
7242,4,2.237304e-04,0.13758,0.2726
7243,4,2.236110e-04,0.07983,0.1885
7244,4,2.234916e-04,0.11123,0.2734
7245,4,2.233723e-04,0.12605,0.2716
7246,4,2.232530e-04,0.07965,0.1953
7247,4,2.231337e-04,0.06863,0.1946
7248,4,2.230145e-04,0.13581,0.2834
7249,4,2.228953e-04,0.16169,0.2691
7250,4,2.227761e-04,0.12966,0.2571
7251,4,2.226570e-04,0.14571,0.2951
7252,4,2.225379e-04,0.09374,0.2555
7253,4,2.224188e-04,0.12106,0.2530
7254,4,2.222998e-04,0.12236,0.3119
7255,4,2.221808e-04,0.17959,0.2968
7256,4,2.220618e-04,0.08109,0.2139
7257,4,2.219428e-04,0.09533,0.2403
7258,4,2.218239e-04,0.14801,0.2649
7259,4,2.217051e-04,0.12944,0.2469
7260,4,2.215862e-04,0.10185,0.2378
7261,4,2.214674e-04,0.10287,0.2065
7262,4,2.213486e-04,0.09252,0.2221
7263,4,2.212299e-04,0.08816,0.2740
7264,4,2.211111e-04,0.15370,0.2701
7265,4,2.209925e-04,0.09989,0.2423
7266,4,2.208738e-04,0.10929,0.2285
7267,4,2.207552e-04,0.12356,0.2227
7268,4,2.206366e-04,0.09438,0.2422
7269,4,2.205180e-04,0.17063,0.2696
7270,4,2.203995e-04,0.11666,0.2582
7271,4,2.202810e-04,0.07016,0.2081
7272,4,2.201626e-04,0.11775,0.3909
7273,4,2.200441e-04,0.10514,0.2072
7274,4,2.199257e-04,0.12421,0.2601
7275,4,2.198074e-04,0.12477,0.2370
7276,4,2.196890e-04,0.13816,0.2833
7277,4,2.195707e-04,0.13778,0.2697
7278,4,2.194525e-04,0.14252,0.2658
7279,4,2.193342e-04,0.10349,0.2487
7280,4,2.192160e-04,0.13552,0.2349
7281,4,2.190979e-04,0.14944,0.2698
7282,4,2.189797e-04,0.10425,0.2277
7283,4,2.188616e-04,0.10522,0.2184
7284,4,2.187435e-04,0.13497,0.2945
7285,4,2.186255e-04,0.09713,0.2069
7286,4,2.185075e-04,0.10448,0.2457
7287,4,2.183895e-04,0.10601,0.2441
7288,4,2.182716e-04,0.11234,0.2663
7289,4,2.181537e-04,0.08620,0.2144
7290,4,2.180358e-04,0.15204,0.3243
7291,4,2.179179e-04,0.08796,0.2065
7292,4,2.178001e-04,0.13686,0.2886
7293,4,2.176823e-04,0.11366,0.3040
7294,4,2.175646e-04,0.13683,0.2960
7295,4,2.174469e-04,0.11879,0.2634
7296,4,2.173292e-04,0.07690,0.2193
7297,4,2.172115e-04,0.11072,0.2706
7298,4,2.170939e-04,0.12671,0.2584
7299,4,2.169763e-04,0.11554,0.2211
7300,4,2.168588e-04,0.14079,0.2991
7301,4,2.167413e-04,0.12062,0.2596
7302,4,2.166238e-04,0.09857,0.2481
7303,4,2.165063e-04,0.10153,0.2325
7304,4,2.163889e-04,0.15851,0.2908
7305,4,2.162715e-04,0.12540,0.3429
7306,4,2.161541e-04,0.11800,0.2762
7307,4,2.160368e-04,0.14898,0.3013
7308,4,2.159195e-04,0.12327,0.3037
7309,4,2.158023e-04,0.10130,0.2365
7310,4,2.156850e-04,0.08513,0.2252
7311,4,2.155678e-04,0.16235,0.3018
7312,4,2.154507e-04,0.11577,0.2381
7313,4,2.153335e-04,0.08447,0.1946
7314,4,2.152164e-04,0.11948,0.3067
7315,4,2.150994e-04,0.17637,0.3118
7316,4,2.149823e-04,0.13048,0.2743
7317,4,2.148653e-04,0.13046,0.2687
7318,4,2.147484e-04,0.06058,0.2005
7319,4,2.146314e-04,0.14975,0.2801
7320,4,2.145145e-04,0.11016,0.2512
7321,4,2.143977e-04,0.10987,0.2430
7322,4,2.142808e-04,0.08503,0.2219
7323,4,2.141640e-04,0.13224,0.2783
7324,4,2.140473e-04,0.12280,0.2479
7325,4,2.139305e-04,0.09170,0.2394
7326,4,2.138138e-04,0.13801,0.2679
7327,4,2.136972e-04,0.19616,0.3475
7328,4,2.135805e-04,0.11335,0.2571
7329,4,2.134639e-04,0.16089,0.2652
7330,4,2.133474e-04,0.14276,0.2610
7331,4,2.132308e-04,0.07579,0.2185
7332,4,2.131143e-04,0.13144,0.2692
7333,4,2.129978e-04,0.12088,0.3293
7334,4,2.128814e-04,0.12767,0.2507
7335,4,2.127650e-04,0.11424,0.2421
7336,4,2.126486e-04,0.13176,0.3507
7337,4,2.125323e-04,0.09741,0.2050
7338,4,2.124160e-04,0.12200,0.2334
7339,4,2.122997e-04,0.09006,0.1956
7340,4,2.121835e-04,0.11052,0.2744
7341,4,2.120672e-04,0.09066,0.2619
7342,4,2.119511e-04,0.09382,0.2082
7343,4,2.118349e-04,0.06730,0.2410
7344,4,2.117188e-04,0.09160,0.2365
7345,4,2.116027e-04,0.15057,0.2581
7346,4,2.114867e-04,0.08207,0.2282
7347,4,2.113707e-04,0.11398,0.2846
7348,4,2.112547e-04,0.09941,0.2380
7349,4,2.111388e-04,0.16034,0.3342
7350,4,2.110229e-04,0.09186,0.2229
7351,4,2.109070e-04,0.13318,0.2373
7352,4,2.107911e-04,0.17087,0.3066
7353,4,2.106753e-04,0.10324,0.2634
7354,4,2.105596e-04,0.08466,0.2312
7355,4,2.104438e-04,0.10669,0.2375
7356,4,2.103281e-04,0.08028,0.2851
7357,4,2.102124e-04,0.13148,0.2694
7358,4,2.100968e-04,0.11837,0.2520
7359,4,2.099812e-04,0.13699,0.2939
7360,4,2.098656e-04,0.15426,0.3092
7361,4,2.097500e-04,0.12250,0.3148
7362,4,2.096345e-04,0.14995,0.3136
7363,4,2.095191e-04,0.13229,0.2868
7364,4,2.094036e-04,0.05465,0.1850
7365,4,2.092882e-04,0.09663,0.2373
7366,4,2.091728e-04,0.12905,0.3169
7367,4,2.090575e-04,0.12166,0.2416
7368,4,2.089422e-04,0.08101,0.2958
7369,4,2.088269e-04,0.14481,0.3138
7370,4,2.087116e-04,0.10894,0.2339
7371,4,2.085964e-04,0.16792,0.3891
7372,4,2.084813e-04,0.09415,0.2225
7373,4,2.083661e-04,0.09024,0.2691
7374,4,2.082510e-04,0.10688,0.2225
7375,4,2.081359e-04,0.11014,0.2560
7376,4,2.080209e-04,0.13794,0.3210
7377,4,2.079059e-04,0.08584,0.2302
7378,4,2.077909e-04,0.12337,0.2925
7379,4,2.076760e-04,0.18138,0.3095
7380,4,2.075611e-04,0.10868,0.2334
7381,4,2.074462e-04,0.12938,0.2879
7382,4,2.073313e-04,0.12002,0.2802
7383,4,2.072165e-04,0.07063,0.1832
7384,4,2.071018e-04,0.11410,0.2532
7385,4,2.069870e-04,0.10103,0.3117
7386,4,2.068723e-04,0.09781,0.2476
7387,4,2.067576e-04,0.09964,0.2653
7388,4,2.066430e-04,0.17587,0.3308
7389,4,2.065284e-04,0.13440,0.2607
7390,4,2.064138e-04,0.15794,0.2931
7391,4,2.062993e-04,0.19805,0.3306
7392,4,2.061848e-04,0.07986,0.1875
7393,4,2.060703e-04,0.12073,0.2468
7394,4,2.059559e-04,0.11665,0.2357
7395,4,2.058415e-04,0.10528,0.2628
7396,4,2.057271e-04,0.14858,0.2817
7397,4,2.056127e-04,0.12850,0.2686
7398,4,2.054984e-04,0.09949,0.2328
7399,4,2.053842e-04,0.08812,0.1730
7400,4,2.052699e-04,0.16476,0.2901
7401,4,2.051557e-04,0.14068,0.3048
7402,4,2.050416e-04,0.11332,0.2826
7403,4,2.049274e-04,0.14555,0.2869
7404,4,2.048133e-04,0.07562,0.1892
7405,4,2.046993e-04,0.13004,0.2473
7406,4,2.045852e-04,0.11167,0.3468
7407,4,2.044712e-04,0.09324,0.2430
7408,4,2.043573e-04,0.12270,0.2945
7409,4,2.042433e-04,0.13700,0.2860
7410,4,2.041294e-04,0.08672,0.2637
7411,4,2.040156e-04,0.14159,0.2477
7412,4,2.039018e-04,0.11914,0.2263
7413,4,2.037880e-04,0.11524,0.2420
7414,4,2.036742e-04,0.12132,0.2536
7415,4,2.035605e-04,0.16664,0.2973
7416,4,2.034468e-04,0.12969,0.2782
7417,4,2.033331e-04,0.12656,0.2549
7418,4,2.032195e-04,0.12525,0.2373
7419,4,2.031059e-04,0.12949,0.2616
7420,4,2.029923e-04,0.15020,0.3123
7421,4,2.028788e-04,0.11205,0.2575
7422,4,2.027653e-04,0.10222,0.2325
7423,4,2.026519e-04,0.10723,0.2089
7424,4,2.025385e-04,0.11256,0.2523
7425,4,2.024251e-04,0.10920,0.2692
7426,4,2.023117e-04,0.10718,0.2166
7427,4,2.021984e-04,0.11027,0.2317
7428,4,2.020851e-04,0.05953,0.1856
7429,4,2.019719e-04,0.14842,0.2594
7430,4,2.018587e-04,0.09953,0.2152
7431,4,2.017455e-04,0.12421,0.2643
7432,4,2.016323e-04,0.08953,0.2029
7433,4,2.015192e-04,0.12456,0.2589
7434,4,2.014061e-04,0.11723,0.2680
7435,4,2.012931e-04,0.12240,0.2487
7436,4,2.011801e-04,0.11346,0.2511
7437,4,2.010671e-04,0.14269,0.2501
7438,4,2.009542e-04,0.09759,0.2497
7439,4,2.008412e-04,0.14879,0.2723
7440,4,2.007284e-04,0.12995,0.3194
7441,4,2.006155e-04,0.12476,0.2257
7442,4,2.005027e-04,0.13481,0.2210
7443,4,2.003900e-04,0.13767,0.2606
7444,4,2.002772e-04,0.13335,0.2812
7445,4,2.001645e-04,0.12334,0.2948
7446,4,2.000518e-04,0.12224,0.3162
7447,4,1.999392e-04,0.13602,0.3086
7448,4,1.998266e-04,0.10274,0.2617
7449,4,1.997140e-04,0.14653,0.2706
7450,4,1.996015e-04,0.11538,0.2593
7451,4,1.994890e-04,0.14529,0.2782
7452,4,1.993766e-04,0.09947,0.2840
7453,4,1.992641e-04,0.13014,0.2383
7454,4,1.991517e-04,0.09387,0.1908
7455,4,1.990394e-04,0.16480,0.3700
7456,4,1.989271e-04,0.13265,0.2650
7457,4,1.988148e-04,0.08523,0.2357
7458,4,1.987025e-04,0.17721,0.3122
7459,4,1.985903e-04,0.09760,0.2871
7460,4,1.984781e-04,0.10331,0.2476
7461,4,1.983660e-04,0.09831,0.2667
7462,4,1.982538e-04,0.10194,0.2924
7463,4,1.981418e-04,0.11227,0.2364
7464,4,1.980297e-04,0.10826,0.2721
7465,4,1.979177e-04,0.10340,0.2304
7466,4,1.978057e-04,0.07245,0.2632
7467,4,1.976938e-04,0.14084,0.2780
7468,4,1.975819e-04,0.13116,0.3043
7469,4,1.974700e-04,0.15538,0.2954
7470,4,1.973581e-04,0.12678,0.2723
7471,4,1.972463e-04,0.16431,0.2822
7472,4,1.971346e-04,0.05792,0.1774
7473,4,1.970228e-04,0.11193,0.2178
7474,4,1.969111e-04,0.08634,0.2267
7475,4,1.967995e-04,0.11796,0.2440
7476,4,1.966878e-04,0.08566,0.2520
7477,4,1.965762e-04,0.10036,0.2395
7478,4,1.964647e-04,0.09772,0.1994
7479,4,1.963531e-04,0.14480,0.2900
7480,4,1.962417e-04,0.17553,0.2930
7481,4,1.961302e-04,0.13505,0.2638
7482,4,1.960188e-04,0.13238,0.2861
7483,4,1.959074e-04,0.14147,0.2657
7484,4,1.957960e-04,0.12092,0.2308
7485,4,1.956847e-04,0.12704,0.2582
7486,4,1.955734e-04,0.18885,0.3835
7487,4,1.954622e-04,0.09919,0.2261
7488,4,1.953510e-04,0.10526,0.2639
7489,4,1.952398e-04,0.11355,0.2528
7490,4,1.951286e-04,0.12929,0.3069
7491,4,1.950175e-04,0.10890,0.2565
7492,4,1.949064e-04,0.14385,0.3127
7493,4,1.947954e-04,0.14922,0.2678
7494,4,1.946844e-04,0.10863,0.2477
7495,4,1.945734e-04,0.09682,0.2162
7496,4,1.944625e-04,0.15201,0.3189
7497,4,1.943516e-04,0.13978,0.3247
7498,4,1.942407e-04,0.12092,0.2593
7499,4,1.941299e-04,0.13146,0.2472
7500,4,1.940191e-04,0.20433,0.3984
7501,4,1.939083e-04,0.10479,0.2382
7502,4,1.937976e-04,0.13928,0.3556
7503,4,1.936869e-04,0.13773,0.2558
7504,4,1.935763e-04,0.10466,0.2147
7505,4,1.934656e-04,0.09150,0.1899
7506,4,1.933551e-04,0.09137,0.2313
7507,4,1.932445e-04,0.09334,0.2485
7508,4,1.931340e-04,0.08715,0.2304
7509,4,1.930235e-04,0.10957,0.2638
7510,4,1.929131e-04,0.11489,0.2308
7511,4,1.928027e-04,0.20525,0.3180
7512,4,1.926923e-04,0.11922,0.2521
7513,4,1.925819e-04,0.11113,0.2121
7514,4,1.924716e-04,0.14454,0.3333
7515,4,1.923614e-04,0.12987,0.2859
7516,4,1.922511e-04,0.19684,0.2990
7517,4,1.921409e-04,0.08379,0.2378
7518,4,1.920308e-04,0.12430,0.2647
7519,4,1.919206e-04,0.09780,0.2293
7520,4,1.918105e-04,0.13058,0.2352
7521,4,1.917005e-04,0.13437,0.3198
7522,4,1.915905e-04,0.10003,0.2259
7523,4,1.914805e-04,0.07602,0.2051
7524,4,1.913705e-04,0.13098,0.2841
7525,4,1.912606e-04,0.08214,0.2276
7526,4,1.911507e-04,0.12885,0.2337
7527,4,1.910409e-04,0.13474,0.2203
7528,4,1.909311e-04,0.11299,0.2309
7529,4,1.908213e-04,0.12137,0.2384
7530,4,1.907115e-04,0.12982,0.2734
7531,4,1.906018e-04,0.10631,0.2439
7532,4,1.904922e-04,0.10710,0.2412
7533,4,1.903825e-04,0.09859,0.2287
7534,4,1.902729e-04,0.14092,0.2943
7535,4,1.901634e-04,0.14896,0.2872
7536,4,1.900538e-04,0.09230,0.2351
7537,4,1.899444e-04,0.10568,0.2236
7538,4,1.898349e-04,0.14089,0.2656
7539,4,1.897255e-04,0.10720,0.2248
7540,4,1.896161e-04,0.05824,0.1776
7541,4,1.895067e-04,0.13884,0.2784
7542,4,1.893974e-04,0.14917,0.3007
7543,4,1.892881e-04,0.14789,0.2910
7544,4,1.891789e-04,0.11899,0.2926
7545,4,1.890697e-04,0.12132,0.2424
7546,4,1.889605e-04,0.09956,0.2719
7547,4,1.888514e-04,0.11971,0.3293
7548,4,1.887423e-04,0.10367,0.2565
7549,4,1.886332e-04,0.09410,0.2156
7550,4,1.885242e-04,0.08999,0.2687
7551,4,1.884152e-04,0.07651,0.2148
7552,4,1.883062e-04,0.14582,0.2832
7553,4,1.881973e-04,0.13048,0.2666
7554,4,1.880884e-04,0.12193,0.2929
7555,4,1.879795e-04,0.09511,0.2500
7556,4,1.878707e-04,0.15962,0.3103
7557,4,1.877619e-04,0.13640,0.3079
7558,4,1.876532e-04,0.16244,0.4688
7559,4,1.875445e-04,0.09853,0.3080
7560,4,1.874358e-04,0.09230,0.2434
7561,4,1.873272e-04,0.09855,0.2313
7562,4,1.872186e-04,0.08556,0.2040
7563,4,1.871100e-04,0.07914,0.2547
7564,4,1.870015e-04,0.14022,0.2445
7565,4,1.868930e-04,0.08514,0.2307
7566,4,1.867845e-04,0.16174,0.3406
7567,4,1.866761e-04,0.13396,0.2720
7568,4,1.865677e-04,0.14143,0.2821
7569,4,1.864593e-04,0.06277,0.1992
7570,4,1.863510e-04,0.08522,0.1980
7571,4,1.862427e-04,0.11321,0.2693
7572,4,1.861345e-04,0.11800,0.2867
7573,4,1.860263e-04,0.07553,0.2034
7574,4,1.859181e-04,0.13362,0.3578
7575,4,1.858100e-04,0.12430,0.2618
7576,4,1.857018e-04,0.16334,0.3248
7577,4,1.855938e-04,0.12091,0.2734
7578,4,1.854857e-04,0.10989,0.2557
7579,4,1.853778e-04,0.14342,0.3565
7580,4,1.852698e-04,0.12405,0.2822
7581,4,1.851619e-04,0.08007,0.1905
7582,4,1.850540e-04,0.08282,0.2261
7583,4,1.849461e-04,0.08580,0.2258
7584,4,1.848383e-04,0.16763,0.3317
7585,4,1.847305e-04,0.09548,0.2422
7586,4,1.846228e-04,0.14582,0.2365
7587,4,1.845151e-04,0.13024,0.3045
7588,4,1.844074e-04,0.10951,0.2785
7589,4,1.842998e-04,0.09509,0.2261
7590,4,1.841922e-04,0.12039,0.2384
7591,4,1.840846e-04,0.14023,0.2789
7592,4,1.839771e-04,0.13389,0.2973
7593,4,1.838696e-04,0.10022,0.2298
7594,4,1.837621e-04,0.10341,0.2317
7595,4,1.836547e-04,0.09318,0.2490
7596,4,1.835473e-04,0.09490,0.2401
7597,4,1.834400e-04,0.11406,0.2938
7598,4,1.833327e-04,0.11469,0.3220
7599,4,1.832254e-04,0.08725,0.2298
7600,4,1.831182e-04,0.08855,0.2593
7601,4,1.830110e-04,0.11417,0.2198
7602,4,1.829038e-04,0.15735,0.4835
7603,4,1.827967e-04,0.12094,0.3046
7604,4,1.826896e-04,0.15394,0.2912
7605,4,1.825825e-04,0.12610,0.2811
7606,4,1.824755e-04,0.10150,0.2506
7607,4,1.823685e-04,0.09456,0.2632
7608,4,1.822615e-04,0.12348,0.3336
7609,4,1.821546e-04,0.16731,0.3137
7610,4,1.820477e-04,0.13316,0.2766
7611,4,1.819409e-04,0.07620,0.2173
7612,4,1.818341e-04,0.12011,0.2983
7613,4,1.817273e-04,0.11471,0.2571
7614,4,1.816206e-04,0.16524,0.2937
7615,4,1.815139e-04,0.10756,0.2434
7616,4,1.814072e-04,0.10665,0.2467
7617,4,1.813006e-04,0.13751,0.3127
7618,4,1.811940e-04,0.08477,0.2296
7619,4,1.810875e-04,0.10766,0.2441
7620,4,1.809810e-04,0.15295,0.2815
7621,4,1.808745e-04,0.13910,0.2523
7622,4,1.807681e-04,0.17903,0.3560
7623,4,1.806616e-04,0.10110,0.2272
7624,4,1.805553e-04,0.13443,0.2782
7625,4,1.804489e-04,0.13664,0.2814
7626,4,1.803426e-04,0.13480,0.3594
7627,4,1.802364e-04,0.09917,0.1971
7628,4,1.801302e-04,0.08069,0.2135
7629,4,1.800240e-04,0.08716,0.2189
7630,4,1.799178e-04,0.12484,0.2712
7631,4,1.798117e-04,0.15169,0.3244
7632,4,1.797056e-04,0.16489,0.3684
7633,4,1.795996e-04,0.13179,0.2527
7634,4,1.794936e-04,0.05893,0.1715
7635,4,1.793876e-04,0.14644,0.2931
7636,4,1.792817e-04,0.08884,0.2228
7637,4,1.791758e-04,0.09350,0.2346
7638,4,1.790699e-04,0.16558,0.3009
7639,4,1.789641e-04,0.07262,0.2048
7640,4,1.788583e-04,0.13268,0.2836
7641,4,1.787526e-04,0.15082,0.2879
7642,4,1.786469e-04,0.09311,0.2460
7643,4,1.785412e-04,0.09752,0.2558
7644,4,1.784356e-04,0.12559,0.2583
7645,4,1.783300e-04,0.10771,0.2308
7646,4,1.782244e-04,0.10114,0.2674
7647,4,1.781189e-04,0.15354,0.3414
7648,4,1.780134e-04,0.17384,0.2849
7649,4,1.779079e-04,0.09615,0.2265
7650,4,1.778025e-04,0.11330,0.2552
7651,4,1.776971e-04,0.09415,0.2620
7652,4,1.775918e-04,0.14596,0.2672
7653,4,1.774865e-04,0.11977,0.2780
7654,4,1.773812e-04,0.11560,0.2568
7655,4,1.772760e-04,0.12150,0.2888
7656,4,1.771708e-04,0.15670,0.3009
7657,4,1.770656e-04,0.07118,0.2056
7658,4,1.769605e-04,0.18331,0.4180
7659,4,1.768554e-04,0.13688,0.2953
7660,4,1.767503e-04,0.10448,0.2205
7661,4,1.766453e-04,0.08899,0.2413
7662,4,1.765404e-04,0.09786,0.1972
7663,4,1.764354e-04,0.07464,0.1710
7664,4,1.763305e-04,0.12096,0.2644
7665,4,1.762256e-04,0.14085,0.2911
7666,4,1.761208e-04,0.15091,0.3443
7667,4,1.760160e-04,0.15102,0.3004
7668,4,1.759113e-04,0.11819,0.2399
7669,4,1.758065e-04,0.09956,0.2419
7670,4,1.757019e-04,0.10285,0.2610
7671,4,1.755972e-04,0.11491,0.2518
7672,4,1.754926e-04,0.11678,0.2648
7673,4,1.753880e-04,0.08016,0.2254
7674,4,1.752835e-04,0.12267,0.2606
7675,4,1.751790e-04,0.11624,0.3223
7676,4,1.750745e-04,0.15203,0.3160
7677,4,1.749701e-04,0.13906,0.2538
7678,4,1.748657e-04,0.08896,0.2220
7679,4,1.747614e-04,0.10947,0.2331
7680,4,1.746571e-04,0.16287,0.3015
7681,4,1.745528e-04,0.16292,0.2593
7682,4,1.744486e-04,0.12948,0.2741
7683,4,1.743444e-04,0.12166,0.2604
7684,4,1.742402e-04,0.16540,0.3284
7685,4,1.741361e-04,0.08043,0.1921
7686,4,1.740320e-04,0.08648,0.2068
7687,4,1.739279e-04,0.09755,0.2169
7688,4,1.738239e-04,0.10532,0.2402
7689,4,1.737199e-04,0.15797,0.3663
7690,4,1.736160e-04,0.09419,0.2294
7691,4,1.735121e-04,0.11973,0.2401
7692,4,1.734082e-04,0.11671,0.2413
7693,4,1.733044e-04,0.11951,0.2358
7694,4,1.732006e-04,0.09932,0.2590
7695,4,1.730968e-04,0.12452,0.2251
7696,4,1.729931e-04,0.13393,0.2670
7697,4,1.728894e-04,0.17666,0.3188
7698,4,1.727858e-04,0.12026,0.2667
7699,4,1.726822e-04,0.09441,0.2374
7700,4,1.725786e-04,0.09534,0.2216
7701,4,1.724751e-04,0.08725,0.2336
7702,4,1.723716e-04,0.14365,0.2591
7703,4,1.722681e-04,0.11184,0.2594
7704,4,1.721647e-04,0.07046,0.2203
7705,4,1.720613e-04,0.08880,0.2086
7706,4,1.719580e-04,0.14890,0.2787
7707,4,1.718547e-04,0.11566,0.2420
7708,4,1.717514e-04,0.13918,0.2598
7709,4,1.716482e-04,0.15100,0.3031
7710,4,1.715450e-04,0.12251,0.2893
7711,4,1.714418e-04,0.12844,0.2915
7712,4,1.713387e-04,0.11339,0.2408
7713,4,1.712356e-04,0.08795,0.2492
7714,4,1.711326e-04,0.08910,0.2598
7715,4,1.710296e-04,0.10456,0.2307
7716,4,1.709266e-04,0.15065,0.2961
7717,4,1.708236e-04,0.14340,0.2861
7718,4,1.707208e-04,0.10003,0.2451
7719,4,1.706179e-04,0.15824,0.4045
7720,4,1.705151e-04,0.07938,0.1980
7721,4,1.704123e-04,0.07031,0.2116
7722,4,1.703095e-04,0.05027,0.1710
7723,4,1.702068e-04,0.16729,0.3635
7724,4,1.701042e-04,0.09589,0.2299
7725,4,1.700015e-04,0.14671,0.3171
7726,4,1.698989e-04,0.13240,0.2885
7727,4,1.697964e-04,0.07592,0.2443
7728,4,1.696938e-04,0.09515,0.2274
7729,4,1.695914e-04,0.12683,0.3026
7730,4,1.694889e-04,0.09025,0.2408
7731,4,1.693865e-04,0.15484,0.2868
7732,4,1.692841e-04,0.09211,0.2256
7733,4,1.691818e-04,0.10914,0.2513
7734,4,1.690795e-04,0.11351,0.2490
7735,4,1.689772e-04,0.14438,0.3046
7736,4,1.688750e-04,0.15701,0.2880
7737,4,1.687728e-04,0.08657,0.2275
7738,4,1.686707e-04,0.10093,0.2506
7739,4,1.685686e-04,0.08149,0.1693
7740,4,1.684665e-04,0.09128,0.2161
7741,4,1.683645e-04,0.11045,0.2793
7742,4,1.682625e-04,0.09475,0.2208
7743,4,1.681605e-04,0.10416,0.2760
7744,4,1.680586e-04,0.12454,0.2463
7745,4,1.679567e-04,0.08782,0.2331
7746,4,1.678549e-04,0.14532,0.2494
7747,4,1.677531e-04,0.08541,0.2358
7748,4,1.676513e-04,0.11717,0.2442
7749,4,1.675496e-04,0.12671,0.2575
7750,4,1.674479e-04,0.11035,0.2557
7751,4,1.673462e-04,0.12528,0.3317
7752,4,1.672446e-04,0.15121,0.2697
7753,4,1.671430e-04,0.09860,0.2496
7754,4,1.670415e-04,0.14187,0.3436
7755,4,1.669400e-04,0.18356,0.3257
7756,4,1.668385e-04,0.10876,0.2322
7757,4,1.667371e-04,0.07051,0.1858
7758,4,1.666357e-04,0.15540,0.3405
7759,4,1.665343e-04,0.12185,0.3182
7760,4,1.664330e-04,0.12199,0.2667
7761,4,1.663317e-04,0.11302,0.2489
7762,4,1.662305e-04,0.09972,0.2341
7763,4,1.661293e-04,0.10405,0.2426
7764,4,1.660281e-04,0.13879,0.2841
7765,4,1.659270e-04,0.09813,0.2310
7766,4,1.658259e-04,0.10378,0.2640
7767,4,1.657249e-04,0.09089,0.2268
7768,4,1.656239e-04,0.07945,0.2348
7769,4,1.655229e-04,0.11521,0.2520
7770,4,1.654220e-04,0.11261,0.2682
7771,4,1.653211e-04,0.10549,0.2142
7772,4,1.652202e-04,0.13051,0.2742
7773,4,1.651194e-04,0.09564,0.2936
7774,4,1.650186e-04,0.08069,0.2143
7775,4,1.649179e-04,0.18977,0.3957
7776,4,1.648172e-04,0.11330,0.2499
7777,4,1.647165e-04,0.10724,0.3563
7778,4,1.646159e-04,0.11396,0.3078
7779,4,1.645153e-04,0.09319,0.2614
7780,4,1.644147e-04,0.14074,0.3558
7781,4,1.643142e-04,0.14720,0.3307
7782,4,1.642137e-04,0.12275,0.2876
7783,4,1.641133e-04,0.08898,0.2439
7784,4,1.640129e-04,0.11249,0.2950
7785,4,1.639125e-04,0.12693,0.2677
7786,4,1.638122e-04,0.06038,0.2026
7787,4,1.637119e-04,0.08103,0.2390
7788,4,1.636116e-04,0.13614,0.4349
7789,4,1.635114e-04,0.12722,0.2628
7790,4,1.634113e-04,0.09794,0.2147
7791,4,1.633111e-04,0.09952,0.2541
7792,4,1.632110e-04,0.08847,0.2403
7793,4,1.631110e-04,0.15318,0.2948
7794,4,1.630110e-04,0.12062,0.2921
7795,4,1.629110e-04,0.07207,0.2068
7796,4,1.628110e-04,0.12527,0.3226
7797,4,1.627111e-04,0.15287,0.3570
7798,4,1.626113e-04,0.14767,0.3529
7799,4,1.625114e-04,0.11089,0.2324
7800,4,1.624116e-04,0.12618,0.2922
7801,4,1.623119e-04,0.13464,0.2815
7802,4,1.622122e-04,0.12971,0.2878
7803,4,1.621125e-04,0.10742,0.2775
7804,4,1.620129e-04,0.10860,0.2385
7805,4,1.619133e-04,0.12445,0.3299
7806,4,1.618137e-04,0.12681,0.3011
7807,4,1.617142e-04,0.09535,0.2311
7808,4,1.616147e-04,0.09798,0.2456
7809,4,1.615153e-04,0.10056,0.2579
7810,4,1.614158e-04,0.14374,0.3005
7811,4,1.613165e-04,0.05778,0.1842
7812,4,1.612171e-04,0.11311,0.2340
7813,4,1.611179e-04,0.10039,0.2297
7814,4,1.610186e-04,0.06923,0.2020
7815,4,1.609194e-04,0.12105,0.2875
7816,4,1.608202e-04,0.10668,0.2303
7817,4,1.607211e-04,0.09856,0.2944
7818,4,1.606220e-04,0.08997,0.2935
7819,4,1.605229e-04,0.13196,0.2421
7820,4,1.604239e-04,0.14601,0.2850
7821,4,1.603249e-04,0.10673,0.2412
7822,4,1.602260e-04,0.12538,0.2542
7823,4,1.601271e-04,0.13764,0.2878
7824,4,1.600282e-04,0.09567,0.2371
7825,4,1.599294e-04,0.08263,0.2133
7826,4,1.598306e-04,0.10969,0.2397
7827,4,1.597318e-04,0.11942,0.2354
7828,4,1.596331e-04,0.11190,0.2603
7829,4,1.595344e-04,0.17275,0.3033
7830,4,1.594358e-04,0.10076,0.2484
7831,4,1.593372e-04,0.11048,0.2816
7832,4,1.592387e-04,0.08088,0.2245
7833,4,1.591401e-04,0.10342,0.2623
7834,4,1.590417e-04,0.10005,0.2334
7835,4,1.589432e-04,0.10044,0.2200
7836,4,1.588448e-04,0.13895,0.2695
7837,4,1.587464e-04,0.11830,0.2461
7838,4,1.586481e-04,0.09882,0.2491
7839,4,1.585498e-04,0.09529,0.2213
7840,4,1.584516e-04,0.11825,0.2407
7841,4,1.583534e-04,0.11985,0.2666
7842,4,1.582552e-04,0.12309,0.3125
7843,4,1.581571e-04,0.13271,0.3025
7844,4,1.580590e-04,0.06985,0.2208
7845,4,1.579609e-04,0.08917,0.2408
7846,4,1.578629e-04,0.16548,0.3459
7847,4,1.577649e-04,0.10222,0.2567
7848,4,1.576670e-04,0.11440,0.2647
7849,4,1.575691e-04,0.10122,0.2362
7850,4,1.574712e-04,0.07376,0.2039
7851,4,1.573734e-04,0.09571,0.2373
7852,4,1.572756e-04,0.08277,0.2592
7853,4,1.571779e-04,0.14162,0.2960
7854,4,1.570802e-04,0.13313,0.2747
7855,4,1.569825e-04,0.07093,0.1937
7856,4,1.568849e-04,0.13722,0.2708
7857,4,1.567873e-04,0.09884,0.2714
7858,4,1.566897e-04,0.10728,0.2509
7859,4,1.565922e-04,0.11485,0.2575
7860,4,1.564948e-04,0.12456,0.2418
7861,4,1.563973e-04,0.11584,0.2628
7862,4,1.562999e-04,0.09857,0.3395
7863,4,1.562026e-04,0.07947,0.2203
7864,4,1.561053e-04,0.06704,0.1995
7865,4,1.560080e-04,0.15385,0.3122
7866,4,1.559108e-04,0.08952,0.2709
7867,4,1.558136e-04,0.11373,0.2458
7868,4,1.557164e-04,0.13150,0.3612
7869,4,1.556193e-04,0.07921,0.2029
7870,4,1.555222e-04,0.09393,0.2380
7871,4,1.554251e-04,0.11117,0.2858
7872,4,1.553281e-04,0.11364,0.2680
7873,4,1.552312e-04,0.11894,0.2609
7874,4,1.551343e-04,0.10931,0.2283
7875,4,1.550374e-04,0.19225,0.3238
7876,4,1.549405e-04,0.11670,0.2601
7877,4,1.548437e-04,0.11876,0.2831
7878,4,1.547469e-04,0.16880,0.3056
7879,4,1.546502e-04,0.07751,0.2235
7880,4,1.545535e-04,0.13445,0.2908
7881,4,1.544569e-04,0.10172,0.2379
7882,4,1.543603e-04,0.12191,0.2659
7883,4,1.542637e-04,0.14380,0.3325
7884,4,1.541672e-04,0.09091,0.3089
7885,4,1.540707e-04,0.06897,0.2055
7886,4,1.539742e-04,0.09492,0.2402
7887,4,1.538778e-04,0.12803,0.2306
7888,4,1.537814e-04,0.11641,0.2643
7889,4,1.536851e-04,0.09487,0.2294
7890,4,1.535888e-04,0.20412,0.3992
7891,4,1.534925e-04,0.07444,0.2266
7892,4,1.533963e-04,0.15003,0.2703
7893,4,1.533001e-04,0.09912,0.2667
7894,4,1.532040e-04,0.08566,0.2252
7895,4,1.531079e-04,0.11254,0.2683
7896,4,1.530118e-04,0.16455,0.2854
7897,4,1.529158e-04,0.11093,0.2541
7898,4,1.528198e-04,0.18157,0.3113
7899,4,1.527239e-04,0.12816,0.2780
7900,4,1.526280e-04,0.15692,0.3647
7901,4,1.525321e-04,0.10899,0.2414
7902,4,1.524363e-04,0.10775,0.2519
7903,4,1.523405e-04,0.15742,0.3099
7904,4,1.522447e-04,0.11991,0.2499
7905,4,1.521490e-04,0.13110,0.2772
7906,4,1.520534e-04,0.10797,0.2749
7907,4,1.519577e-04,0.08925,0.2352
7908,4,1.518621e-04,0.17150,0.3365
7909,4,1.517666e-04,0.10246,0.2549
7910,4,1.516711e-04,0.15572,0.3465
7911,4,1.515756e-04,0.12296,0.2585
7912,4,1.514802e-04,0.12422,0.2486
7913,4,1.513848e-04,0.10906,0.2460
7914,4,1.512894e-04,0.13067,0.2552
7915,4,1.511941e-04,0.15908,0.3166
7916,4,1.510988e-04,0.07295,0.2172
7917,4,1.510036e-04,0.08857,0.2584
7918,4,1.509084e-04,0.12047,0.2387
7919,4,1.508133e-04,0.16859,0.2745
7920,4,1.507181e-04,0.10597,0.2397
7921,4,1.506231e-04,0.09583,0.2632
7922,4,1.505280e-04,0.14121,0.3008
7923,4,1.504330e-04,0.10375,0.2725
7924,4,1.503381e-04,0.09540,0.2492
7925,4,1.502432e-04,0.12250,0.3651
7926,4,1.501483e-04,0.09825,0.2414
7927,4,1.500534e-04,0.13360,0.2785
7928,4,1.499586e-04,0.10132,0.2579
7929,4,1.498639e-04,0.12995,0.2714
7930,4,1.497692e-04,0.08411,0.2037
7931,4,1.496745e-04,0.11644,0.2488
7932,4,1.495798e-04,0.13479,0.2559
7933,4,1.494852e-04,0.12182,0.2482
7934,4,1.493907e-04,0.11912,0.2717
7935,4,1.492962e-04,0.13014,0.3099
7936,4,1.492017e-04,0.12772,0.2953
7937,4,1.491072e-04,0.08918,0.2206
7938,4,1.490128e-04,0.10641,0.2734
7939,4,1.489185e-04,0.14748,0.3801
7940,4,1.488241e-04,0.09948,0.1942
7941,4,1.487299e-04,0.09299,0.2262
7942,4,1.486356e-04,0.19198,0.2984
7943,4,1.485414e-04,0.10921,0.2360
7944,4,1.484472e-04,0.11058,0.2240
7945,4,1.483531e-04,0.09654,0.1972
7946,4,1.482590e-04,0.17341,0.3523
7947,4,1.481650e-04,0.12703,0.2613
7948,4,1.480710e-04,0.13406,0.2720
7949,4,1.479770e-04,0.05665,0.1714
7950,4,1.478831e-04,0.14905,0.2608
7951,4,1.477892e-04,0.17052,0.3139
7952,4,1.476954e-04,0.07388,0.1805
7953,4,1.476016e-04,0.08259,0.2206
7954,4,1.475078e-04,0.09882,0.2279
7955,4,1.474141e-04,0.07667,0.2108
7956,4,1.473204e-04,0.11395,0.2929
7957,4,1.472268e-04,0.12815,0.2313
7958,4,1.471331e-04,0.11782,0.2317
7959,4,1.470396e-04,0.09884,0.2667
7960,4,1.469461e-04,0.09292,0.2491
7961,4,1.468526e-04,0.13548,0.3020
7962,4,1.467591e-04,0.11780,0.2645
7963,4,1.466657e-04,0.07894,0.2351
7964,4,1.465724e-04,0.11149,0.2963
7965,4,1.464790e-04,0.14777,0.2482
7966,4,1.463857e-04,0.09189,0.2383
7967,4,1.462925e-04,0.09848,0.2531
7968,5,1.461993e-04,0.10343,0.2720
7969,5,1.461061e-04,0.13566,0.3301
7970,5,1.460130e-04,0.18465,0.3380
7971,5,1.459199e-04,0.09927,0.2283
7972,5,1.458269e-04,0.08148,0.1742
7973,5,1.457339e-04,0.16314,0.3595
7974,5,1.456409e-04,0.10926,0.2290
7975,5,1.455480e-04,0.11403,0.2358
7976,5,1.454551e-04,0.08987,0.2234
7977,5,1.453622e-04,0.11618,0.2553
7978,5,1.452694e-04,0.18387,0.3398
7979,5,1.451767e-04,0.08187,0.2030
7980,5,1.450840e-04,0.12491,0.2761
7981,5,1.449913e-04,0.13597,0.2498
7982,5,1.448986e-04,0.07323,0.2049
7983,5,1.448060e-04,0.08237,0.2376
7984,5,1.447135e-04,0.06594,0.1902
7985,5,1.446209e-04,0.08630,0.2750
7986,5,1.445285e-04,0.11656,0.2659
7987,5,1.444360e-04,0.10614,0.2385
7988,5,1.443436e-04,0.09168,0.2206
7989,5,1.442512e-04,0.09770,0.2490
7990,5,1.441589e-04,0.11734,0.2379
7991,5,1.440666e-04,0.09860,0.2334
7992,5,1.439744e-04,0.12680,0.2805
7993,5,1.438822e-04,0.11521,0.3028
7994,5,1.437900e-04,0.09499,0.2570
7995,5,1.436979e-04,0.12054,0.3046
7996,5,1.436058e-04,0.08698,0.2104
7997,5,1.435138e-04,0.13148,0.2540
7998,5,1.434218e-04,0.09126,0.2489
7999,5,1.433298e-04,0.15673,0.3015
8000,5,1.432379e-04,0.16056,0.3343
8001,5,1.431460e-04,0.13102,0.3230
8002,5,1.430542e-04,0.11111,0.3629
8003,5,1.429624e-04,0.16895,0.2360
8004,5,1.428707e-04,0.12433,0.2899
8005,5,1.427789e-04,0.15858,0.4029
8006,5,1.426873e-04,0.12078,0.2793
8007,5,1.425956e-04,0.10331,0.2311
8008,5,1.425040e-04,0.09614,0.2288
8009,5,1.424125e-04,0.09774,0.2443
8010,5,1.423210e-04,0.11839,0.2811
8011,5,1.422295e-04,0.13356,0.2912
8012,5,1.421380e-04,0.10670,0.2384
8013,5,1.420467e-04,0.08713,0.2034
8014,5,1.419553e-04,0.12660,0.2310
8015,5,1.418640e-04,0.14688,0.4169
8016,5,1.417727e-04,0.09055,0.2125
8017,5,1.416815e-04,0.15208,0.2795
8018,5,1.415903e-04,0.08211,0.2198
8019,5,1.414991e-04,0.09746,0.2559
8020,5,1.414080e-04,0.10873,0.2492
8021,5,1.413170e-04,0.12893,0.2679
8022,5,1.412259e-04,0.11178,0.2399
8023,5,1.411350e-04,0.12961,0.2527
8024,5,1.410440e-04,0.11240,0.2355
8025,5,1.409531e-04,0.13264,0.2755
8026,5,1.408622e-04,0.10619,0.2814
8027,5,1.407714e-04,0.10871,0.2524
8028,5,1.406806e-04,0.10196,0.2950
8029,5,1.405899e-04,0.17095,0.3108
8030,5,1.404992e-04,0.06145,0.1855
8031,5,1.404085e-04,0.13156,0.2481
8032,5,1.403179e-04,0.10378,0.2454
8033,5,1.402273e-04,0.09678,0.2407
8034,5,1.401368e-04,0.13720,0.2644
8035,5,1.400463e-04,0.13317,0.2514
8036,5,1.399558e-04,0.09061,0.2412
8037,5,1.398654e-04,0.10810,0.2544
8038,5,1.397750e-04,0.12511,0.2217
8039,5,1.396847e-04,0.10302,0.2442
8040,5,1.395944e-04,0.07069,0.1832
8041,5,1.395041e-04,0.14586,0.3005
8042,5,1.394139e-04,0.07472,0.2375
8043,5,1.393237e-04,0.09354,0.2538
8044,5,1.392336e-04,0.10868,0.3220
8045,5,1.391435e-04,0.08623,0.2293
8046,5,1.390534e-04,0.15623,0.3531
8047,5,1.389634e-04,0.07593,0.1772
8048,5,1.388735e-04,0.09214,0.2638
8049,5,1.387835e-04,0.09377,0.2386
8050,5,1.386936e-04,0.12594,0.2843
8051,5,1.386038e-04,0.12402,0.3088
8052,5,1.385140e-04,0.11328,0.3345
8053,5,1.384242e-04,0.10096,0.2282
8054,5,1.383345e-04,0.08236,0.2171
8055,5,1.382448e-04,0.09008,0.2778
8056,5,1.381552e-04,0.09377,0.2457
8057,5,1.380656e-04,0.11336,0.2547
8058,5,1.379760e-04,0.16062,0.3302
8059,5,1.378865e-04,0.14879,0.2728
8060,5,1.377970e-04,0.06043,0.1933
8061,5,1.377076e-04,0.10398,0.2859
8062,5,1.376182e-04,0.14057,0.3226
8063,5,1.375288e-04,0.11369,0.2762
8064,5,1.374395e-04,0.13954,0.2765
8065,5,1.373502e-04,0.10495,0.2051
8066,5,1.372610e-04,0.09032,0.2276
8067,5,1.371718e-04,0.12155,0.2450
8068,5,1.370826e-04,0.12869,0.2583
8069,5,1.369935e-04,0.09583,0.2437
8070,5,1.369045e-04,0.09246,0.1785
8071,5,1.368154e-04,0.12363,0.3154
8072,5,1.367264e-04,0.10257,0.2797
8073,5,1.366375e-04,0.10088,0.2216
8074,5,1.365486e-04,0.08789,0.2158
8075,5,1.364597e-04,0.08983,0.2004
8076,5,1.363709e-04,0.08349,0.2502
8077,5,1.362821e-04,0.11420,0.2879
8078,5,1.361934e-04,0.10756,0.2596
8079,5,1.361047e-04,0.10690,0.2637
8080,5,1.360160e-04,0.07034,0.2618
8081,5,1.359274e-04,0.09171,0.2367
8082,5,1.358388e-04,0.07833,0.2141
8083,5,1.357503e-04,0.07976,0.1806
8084,5,1.356618e-04,0.10656,0.2155
8085,5,1.355733e-04,0.11629,0.2861
8086,5,1.354849e-04,0.05833,0.2145
8087,5,1.353965e-04,0.08607,0.2208
8088,5,1.353082e-04,0.07528,0.2095
8089,5,1.352199e-04,0.07110,0.2130
8090,5,1.351317e-04,0.12170,0.2786
8091,5,1.350435e-04,0.09073,0.2306
8092,5,1.349553e-04,0.11213,0.2847
8093,5,1.348672e-04,0.09920,0.2591
8094,5,1.347791e-04,0.12122,0.3036
8095,5,1.346911e-04,0.09008,0.2751
8096,5,1.346031e-04,0.07388,0.2446
8097,5,1.345151e-04,0.09854,0.2183
8098,5,1.344272e-04,0.11253,0.2581
8099,5,1.343393e-04,0.07770,0.1957
8100,5,1.342515e-04,0.15409,0.3024
8101,5,1.341637e-04,0.11849,0.3063
8102,5,1.340759e-04,0.09292,0.2665
8103,5,1.339882e-04,0.11346,0.2367
8104,5,1.339005e-04,0.16367,0.3390
8105,5,1.338129e-04,0.20316,0.3859
8106,5,1.337253e-04,0.10574,0.2800
8107,5,1.336378e-04,0.06830,0.2133
8108,5,1.335503e-04,0.14968,0.3150
8109,5,1.334628e-04,0.07679,0.2223
8110,5,1.333754e-04,0.13173,0.2886
8111,5,1.332880e-04,0.09169,0.2584
8112,5,1.332007e-04,0.11392,0.2731
8113,5,1.331134e-04,0.14220,0.3167
8114,5,1.330261e-04,0.09831,0.2484
8115,5,1.329389e-04,0.12319,0.2331
8116,5,1.328517e-04,0.10750,0.3024
8117,5,1.327646e-04,0.11239,0.2628
8118,5,1.326775e-04,0.18451,0.3365
8119,5,1.325904e-04,0.08784,0.2446
8120,5,1.325034e-04,0.09783,0.2377
8121,5,1.324165e-04,0.05286,0.1786
8122,5,1.323296e-04,0.10051,0.2744
8123,5,1.322427e-04,0.18258,0.3512
8124,5,1.321558e-04,0.10417,0.2675
8125,5,1.320690e-04,0.07260,0.2157
8126,5,1.319823e-04,0.06285,0.1786
8127,5,1.318956e-04,0.12038,0.3099
8128,5,1.318089e-04,0.08256,0.2227
8129,5,1.317222e-04,0.11158,0.3003
8130,5,1.316357e-04,0.15116,0.3216
8131,5,1.315491e-04,0.11092,0.2535
8132,5,1.314626e-04,0.10817,0.2619
8133,5,1.313761e-04,0.05761,0.1874
8134,5,1.312897e-04,0.14710,0.2987
8135,5,1.312033e-04,0.09516,0.2667
8136,5,1.311170e-04,0.11283,0.2020
8137,5,1.310307e-04,0.18096,0.5148
8138,5,1.309444e-04,0.10063,0.2628
8139,5,1.308582e-04,0.15678,0.3292
8140,5,1.307720e-04,0.11582,0.2381
8141,5,1.306859e-04,0.11971,0.2969
8142,5,1.305998e-04,0.13611,0.3567
8143,5,1.305137e-04,0.13308,0.4086
8144,5,1.304277e-04,0.09192,0.2448
8145,5,1.303418e-04,0.09169,0.2515
8146,5,1.302558e-04,0.09723,0.2923
8147,5,1.301700e-04,0.13229,0.2853
8148,5,1.300841e-04,0.15081,0.2792
8149,5,1.299983e-04,0.08992,0.2522
8150,5,1.299126e-04,0.09819,0.2475
8151,5,1.298268e-04,0.18687,0.3629
8152,5,1.297412e-04,0.12050,0.3044
8153,5,1.296555e-04,0.16527,0.3000
8154,5,1.295699e-04,0.11643,0.3141
8155,5,1.294844e-04,0.16693,0.3219
8156,5,1.293989e-04,0.09413,0.2470
8157,5,1.293134e-04,0.11214,0.2499
8158,5,1.292280e-04,0.11943,0.2493
8159,5,1.291426e-04,0.11387,0.2711
8160,5,1.290573e-04,0.10077,0.2333
8161,5,1.289720e-04,0.07614,0.2016
8162,5,1.288867e-04,0.10211,0.2293
8163,5,1.288015e-04,0.13657,0.3063
8164,5,1.287163e-04,0.12544,0.3154
8165,5,1.286312e-04,0.13145,0.2773
8166,5,1.285461e-04,0.09899,0.2299
8167,5,1.284611e-04,0.08440,0.2031
8168,5,1.283761e-04,0.12034,0.3392
8169,5,1.282911e-04,0.10925,0.3121
8170,5,1.282062e-04,0.07927,0.3235
8171,5,1.281213e-04,0.08419,0.2446
8172,5,1.280365e-04,0.10174,0.2566
8173,5,1.279517e-04,0.07676,0.2175
8174,5,1.278669e-04,0.11992,0.2410
8175,5,1.277822e-04,0.11403,0.3112
8176,5,1.276975e-04,0.12841,0.2856
8177,5,1.276129e-04,0.10002,0.2509
8178,5,1.275283e-04,0.15503,0.3315
8179,5,1.274438e-04,0.14299,0.3387
8180,5,1.273593e-04,0.14500,0.2680
8181,5,1.272748e-04,0.12977,0.2895
8182,5,1.271904e-04,0.10731,0.2442
8183,5,1.271060e-04,0.12479,0.2646
8184,5,1.270217e-04,0.16554,0.2988
8185,5,1.269374e-04,0.16194,0.2780
8186,5,1.268531e-04,0.11629,0.2869
8187,5,1.267689e-04,0.13623,0.2519
8188,5,1.266848e-04,0.13857,0.3283
8189,5,1.266006e-04,0.15333,0.3162
8190,5,1.265166e-04,0.10596,0.2384
8191,5,1.264325e-04,0.10745,0.2619
8192,5,1.263485e-04,0.11303,0.2860
8193,5,1.262646e-04,0.10581,0.2458
8194,5,1.261807e-04,0.11459,0.3098
8195,5,1.260968e-04,0.12506,0.2887
8196,5,1.260130e-04,0.15151,0.2946
8197,5,1.259292e-04,0.14753,0.3286
8198,5,1.258454e-04,0.10705,0.2496
8199,5,1.257617e-04,0.09165,0.2512
8200,5,1.256781e-04,0.10134,0.2607
8201,5,1.255945e-04,0.18493,0.3144
8202,5,1.255109e-04,0.10611,0.2371
8203,5,1.254273e-04,0.18992,0.3199
8204,5,1.253439e-04,0.10281,0.2285
8205,5,1.252604e-04,0.09452,0.2381
8206,5,1.251770e-04,0.12180,0.2768
8207,5,1.250936e-04,0.08841,0.2471
8208,5,1.250103e-04,0.13411,0.2961
8209,5,1.249270e-04,0.11418,0.2584
8210,5,1.248438e-04,0.12936,0.2833
8211,5,1.247606e-04,0.08212,0.2333
8212,5,1.246775e-04,0.11230,0.2563
8213,5,1.245943e-04,0.08478,0.2021
8214,5,1.245113e-04,0.11108,0.2906
8215,5,1.244283e-04,0.13225,0.3288
8216,5,1.243453e-04,0.12489,0.3306
8217,5,1.242623e-04,0.07921,0.1995
8218,5,1.241794e-04,0.12207,0.2505
8219,5,1.240966e-04,0.13296,0.3016
8220,5,1.240138e-04,0.08722,0.2450
8221,5,1.239310e-04,0.13666,0.3618
8222,5,1.238483e-04,0.09039,0.2269
8223,5,1.237656e-04,0.08817,0.2120
8224,5,1.236829e-04,0.13155,0.2881
8225,5,1.236003e-04,0.10400,0.2540
8226,5,1.235178e-04,0.11394,0.2853
8227,5,1.234353e-04,0.15165,0.2746
8228,5,1.233528e-04,0.08328,0.2191
8229,5,1.232704e-04,0.09912,0.2633
8230,5,1.231880e-04,0.08551,0.2413
8231,5,1.231056e-04,0.12589,0.2838
8232,5,1.230233e-04,0.09497,0.2699
8233,5,1.229411e-04,0.11218,0.2695
8234,5,1.228588e-04,0.12007,0.2504
8235,5,1.227767e-04,0.10538,0.3240
8236,5,1.226945e-04,0.13729,0.2763
8237,5,1.226124e-04,0.08617,0.2467
8238,5,1.225304e-04,0.11423,0.2596
8239,5,1.224484e-04,0.09494,0.2894
8240,5,1.223664e-04,0.12508,0.3232
8241,5,1.222845e-04,0.13013,0.2714
8242,5,1.222026e-04,0.09969,0.2571
8243,5,1.221208e-04,0.16524,0.3460
8244,5,1.220390e-04,0.07843,0.2082
8245,5,1.219572e-04,0.07501,0.3182
8246,5,1.218755e-04,0.08226,0.2375
8247,5,1.217939e-04,0.05705,0.1885
8248,5,1.217122e-04,0.11106,0.2692
8249,5,1.216307e-04,0.09409,0.2146
8250,5,1.215491e-04,0.10357,0.2221
8251,5,1.214676e-04,0.08876,0.2172
8252,5,1.213862e-04,0.09501,0.2329
8253,5,1.213048e-04,0.09443,0.2477
8254,5,1.212234e-04,0.08407,0.2364
8255,5,1.211421e-04,0.09517,0.2886
8256,5,1.210608e-04,0.11977,0.2730
8257,5,1.209796e-04,0.20989,0.3897
8258,5,1.208984e-04,0.16131,0.3230
8259,5,1.208172e-04,0.09461,0.2290
8260,5,1.207361e-04,0.10365,0.2590
8261,5,1.206550e-04,0.07133,0.1906
8262,5,1.205740e-04,0.06239,0.1826
8263,5,1.204930e-04,0.08167,0.2341
8264,5,1.204121e-04,0.10900,0.2654
8265,5,1.203312e-04,0.12452,0.2662
8266,5,1.202503e-04,0.11533,0.3080
8267,5,1.201695e-04,0.06172,0.1912
8268,5,1.200888e-04,0.12876,0.2744
8269,5,1.200080e-04,0.08082,0.2451
8270,5,1.199273e-04,0.10625,0.3133
8271,5,1.198467e-04,0.14444,0.3350
8272,5,1.197661e-04,0.11062,0.3261
8273,5,1.196856e-04,0.08986,0.2650
8274,5,1.196050e-04,0.09582,0.2786
8275,5,1.195246e-04,0.14028,0.2737
8276,5,1.194441e-04,0.12340,0.3014
8277,5,1.193638e-04,0.08082,0.1804
8278,5,1.192834e-04,0.10948,0.2477
8279,5,1.192031e-04,0.08496,0.2572
8280,5,1.191229e-04,0.11133,0.2462
8281,5,1.190427e-04,0.09316,0.2444
8282,5,1.189625e-04,0.09468,0.2343
8283,5,1.188824e-04,0.08265,0.2166
8284,5,1.188023e-04,0.10128,0.2705
8285,5,1.187222e-04,0.15044,0.2958
8286,5,1.186422e-04,0.09323,0.2480
8287,5,1.185623e-04,0.13676,0.2949
8288,5,1.184824e-04,0.05859,0.1759
8289,5,1.184025e-04,0.11103,0.3010
8290,5,1.183227e-04,0.13939,0.2655
8291,5,1.182429e-04,0.17148,0.3398
8292,5,1.181632e-04,0.08328,0.2209
8293,5,1.180835e-04,0.13889,0.3384
8294,5,1.180038e-04,0.08531,0.2435
8295,5,1.179242e-04,0.11214,0.2533
8296,5,1.178446e-04,0.13038,0.2785
8297,5,1.177651e-04,0.10742,0.2545
8298,5,1.176856e-04,0.12233,0.3024
8299,5,1.176062e-04,0.14337,0.2780
8300,5,1.175268e-04,0.06154,0.2530
8301,5,1.174475e-04,0.11441,0.2537
8302,5,1.173682e-04,0.11075,0.2871
8303,5,1.172889e-04,0.09867,0.2506
8304,5,1.172097e-04,0.10493,0.2656
8305,5,1.171305e-04,0.06634,0.1809
8306,5,1.170514e-04,0.12684,0.2909
8307,5,1.169723e-04,0.10472,0.2481
8308,5,1.168932e-04,0.11904,0.2700
8309,5,1.168142e-04,0.16880,0.3780
8310,5,1.167352e-04,0.14657,0.2833
8311,5,1.166563e-04,0.09321,0.2526
8312,5,1.165774e-04,0.08100,0.2194
8313,5,1.164986e-04,0.14194,0.2722
8314,5,1.164198e-04,0.11711,0.3374
8315,5,1.163411e-04,0.08765,0.2173
8316,5,1.162624e-04,0.10709,0.2781
8317,5,1.161837e-04,0.08459,0.2702
8318,5,1.161051e-04,0.10132,0.2474
8319,5,1.160265e-04,0.11824,0.2799
8320,5,1.159480e-04,0.11782,0.2341
8321,5,1.158695e-04,0.09588,0.2758
8322,5,1.157911e-04,0.07242,0.2028
8323,5,1.157126e-04,0.11874,0.2686
8324,5,1.156343e-04,0.11560,0.2619
8325,5,1.155560e-04,0.10150,0.2862
8326,5,1.154777e-04,0.15493,0.3035
8327,5,1.153995e-04,0.08158,0.2301
8328,5,1.153213e-04,0.07950,0.2208
8329,5,1.152431e-04,0.07000,0.1994
8330,5,1.151651e-04,0.11860,0.3341
8331,5,1.150870e-04,0.18546,0.3298
8332,5,1.150090e-04,0.09464,0.1955
8333,5,1.149310e-04,0.11720,0.2552
8334,5,1.148531e-04,0.12227,0.2475
8335,5,1.147752e-04,0.07581,0.1998
8336,5,1.146974e-04,0.11073,0.3328
8337,5,1.146196e-04,0.07883,0.2278
8338,5,1.145418e-04,0.10881,0.2885
8339,5,1.144641e-04,0.09875,0.2291
8340,5,1.143865e-04,0.06948,0.2138
8341,5,1.143088e-04,0.13281,0.2206
8342,5,1.142313e-04,0.06273,0.2001
8343,5,1.141537e-04,0.08085,0.2199
8344,5,1.140762e-04,0.10211,0.2635
8345,5,1.139988e-04,0.14208,0.3061
8346,5,1.139214e-04,0.08506,0.2367
8347,5,1.138440e-04,0.13645,0.3057
8348,5,1.137667e-04,0.10348,0.2558
8349,5,1.136894e-04,0.06708,0.2125
8350,5,1.136122e-04,0.10428,0.3012
8351,5,1.135350e-04,0.19285,0.3983
8352,5,1.134579e-04,0.12074,0.3076
8353,5,1.133808e-04,0.15428,0.3119
8354,5,1.133037e-04,0.09706,0.3020
8355,5,1.132267e-04,0.07129,0.2336
8356,5,1.131497e-04,0.09740,0.2804
8357,5,1.130728e-04,0.07930,0.1816
8358,5,1.129959e-04,0.09979,0.2645
8359,5,1.129191e-04,0.13390,0.2880
8360,5,1.128423e-04,0.11258,0.3105
8361,5,1.127655e-04,0.08864,0.2387
8362,5,1.126888e-04,0.14764,0.3332
8363,5,1.126122e-04,0.10301,0.2463
8364,5,1.125355e-04,0.11046,0.2747
8365,5,1.124590e-04,0.07826,0.2149
8366,5,1.123824e-04,0.11060,0.2666
8367,5,1.123059e-04,0.11201,0.2512
8368,5,1.122295e-04,0.06362,0.2521
8369,5,1.121531e-04,0.07846,0.2243
8370,5,1.120767e-04,0.09167,0.2960
8371,5,1.120004e-04,0.12217,0.2721
8372,5,1.119241e-04,0.07925,0.2155
8373,5,1.118479e-04,0.12827,0.2796
8374,5,1.117717e-04,0.12734,0.3488
8375,5,1.116956e-04,0.11141,0.2815
8376,5,1.116195e-04,0.13614,0.3314
8377,5,1.115434e-04,0.12076,0.3008
8378,5,1.114674e-04,0.08051,0.1956
8379,5,1.113915e-04,0.09935,0.2854
8380,5,1.113155e-04,0.12512,0.3989
8381,5,1.112397e-04,0.10832,0.2972
8382,5,1.111638e-04,0.10663,0.2690
8383,5,1.110880e-04,0.13896,0.3507
8384,5,1.110123e-04,0.12293,0.2914
8385,5,1.109366e-04,0.13975,0.3481
8386,5,1.108609e-04,0.13445,0.2871
8387,5,1.107853e-04,0.11692,0.3392
8388,5,1.107097e-04,0.11083,0.2770
8389,5,1.106342e-04,0.09017,0.2529
8390,5,1.105587e-04,0.10304,0.2857
8391,5,1.104833e-04,0.09516,0.2531
8392,5,1.104079e-04,0.14209,0.3052
8393,5,1.103325e-04,0.11398,0.3893
8394,5,1.102572e-04,0.14384,0.3139
8395,5,1.101820e-04,0.11267,0.2655
8396,5,1.101068e-04,0.06287,0.1866
8397,5,1.100316e-04,0.07192,0.2058
8398,5,1.099564e-04,0.11037,0.2264
8399,5,1.098814e-04,0.08492,0.2168
8400,5,1.098063e-04,0.11446,0.2148
8401,5,1.097313e-04,0.07588,0.2349
8402,5,1.096563e-04,0.17240,0.3391
8403,5,1.095814e-04,0.17680,0.2865
8404,5,1.095066e-04,0.11311,0.2721
8405,5,1.094317e-04,0.12103,0.2825
8406,5,1.093570e-04,0.12571,0.2846
8407,5,1.092822e-04,0.11024,0.2603
8408,5,1.092075e-04,0.08892,0.2419
8409,5,1.091329e-04,0.11233,0.2471
8410,5,1.090583e-04,0.10006,0.3219
8411,5,1.089837e-04,0.08639,0.2384
8412,5,1.089092e-04,0.11812,0.2497
8413,5,1.088347e-04,0.15534,0.3269
8414,5,1.087603e-04,0.11705,0.2948
8415,5,1.086859e-04,0.06685,0.1870
8416,5,1.086116e-04,0.12866,0.2553
8417,5,1.085373e-04,0.10847,0.2571
8418,5,1.084630e-04,0.12912,0.2770
8419,5,1.083888e-04,0.08525,0.1877
8420,5,1.083146e-04,0.11085,0.2418
8421,5,1.082405e-04,0.12418,0.2446
8422,5,1.081664e-04,0.12060,0.2479
8423,5,1.080924e-04,0.10642,0.2591
8424,5,1.080184e-04,0.13153,0.2739
8425,5,1.079445e-04,0.09508,0.2729
8426,5,1.078705e-04,0.10056,0.2476
8427,5,1.077967e-04,0.15144,0.3310
8428,5,1.077229e-04,0.12477,0.2524
8429,5,1.076491e-04,0.09836,0.2432
8430,5,1.075754e-04,0.13573,0.3384
8431,5,1.075017e-04,0.07382,0.2062
8432,5,1.074281e-04,0.13020,0.3363
8433,5,1.073545e-04,0.17526,0.3084
8434,5,1.072809e-04,0.12968,0.3229
8435,5,1.072074e-04,0.08500,0.2361
8436,5,1.071340e-04,0.16060,0.3492
8437,5,1.070605e-04,0.11547,0.2933
8438,5,1.069872e-04,0.11916,0.2463
8439,5,1.069138e-04,0.14794,0.3188
8440,5,1.068406e-04,0.14610,0.2644
8441,5,1.067673e-04,0.09262,0.2229
8442,5,1.066941e-04,0.06090,0.1851
8443,5,1.066210e-04,0.11386,0.2665
8444,5,1.065479e-04,0.07980,0.2400
8445,5,1.064748e-04,0.16053,0.3302
8446,5,1.064018e-04,0.15041,0.3276
8447,5,1.063288e-04,0.10396,0.2389
8448,5,1.062559e-04,0.12593,0.2389
8449,5,1.061830e-04,0.08904,0.2316
8450,5,1.061102e-04,0.10143,0.2155
8451,5,1.060374e-04,0.08617,0.2159
8452,5,1.059646e-04,0.12111,0.2769
8453,5,1.058919e-04,0.09762,0.2262
8454,5,1.058192e-04,0.06625,0.2046
8455,5,1.057466e-04,0.11192,0.2607
8456,5,1.056740e-04,0.11358,0.2944
8457,5,1.056015e-04,0.10860,0.2599
8458,5,1.055290e-04,0.10471,0.2590
8459,5,1.054566e-04,0.09886,0.2654
8460,5,1.053842e-04,0.09748,0.2285
8461,5,1.053118e-04,0.14293,0.3144
8462,5,1.052395e-04,0.12579,0.2163
8463,5,1.051672e-04,0.09434,0.2230
8464,5,1.050950e-04,0.13029,0.2681
8465,5,1.050229e-04,0.12183,0.2403
8466,5,1.049507e-04,0.07971,0.1998
8467,5,1.048786e-04,0.07677,0.2013
8468,5,1.048066e-04,0.14321,0.2995
8469,5,1.047346e-04,0.12503,0.2736
8470,5,1.046626e-04,0.16424,0.2988
8471,5,1.045907e-04,0.08349,0.2896
8472,5,1.045189e-04,0.09281,0.2412
8473,5,1.044470e-04,0.10380,0.2435
8474,5,1.043753e-04,0.08833,0.2207
8475,5,1.043035e-04,0.08721,0.2409
8476,5,1.042318e-04,0.14890,0.2989
8477,5,1.041602e-04,0.10125,0.2398
8478,5,1.040886e-04,0.11366,0.2925
8479,5,1.040171e-04,0.11176,0.2653
8480,5,1.039455e-04,0.12101,0.3062
8481,5,1.038741e-04,0.07760,0.2742
8482,5,1.038027e-04,0.09556,0.2416
8483,5,1.037313e-04,0.13963,0.3163
8484,5,1.036599e-04,0.07413,0.2153
8485,5,1.035887e-04,0.11509,0.2836
8486,5,1.035174e-04,0.13333,0.2879
8487,5,1.034462e-04,0.08450,0.2524
8488,5,1.033751e-04,0.08879,0.2195
8489,5,1.033040e-04,0.08840,0.2909
8490,5,1.032329e-04,0.14715,0.3142
8491,5,1.031619e-04,0.09594,0.4439
8492,5,1.030909e-04,0.14343,0.2987
8493,5,1.030200e-04,0.10460,0.2470
8494,5,1.029491e-04,0.10155,0.2289
8495,5,1.028782e-04,0.12408,0.3476
8496,5,1.028075e-04,0.10569,0.2142
8497,5,1.027367e-04,0.13755,0.3348
8498,5,1.026660e-04,0.09977,0.2564
8499,5,1.025953e-04,0.07294,0.2109
8500,5,1.025247e-04,0.14443,0.3360
8501,5,1.024541e-04,0.08612,0.2205
8502,5,1.023836e-04,0.12761,0.3158
8503,5,1.023131e-04,0.10769,0.2734
8504,5,1.022427e-04,0.11257,0.2468
8505,5,1.021723e-04,0.08913,0.2705
8506,5,1.021019e-04,0.12266,0.2778
8507,5,1.020316e-04,0.13871,0.2804
8508,5,1.019614e-04,0.07650,0.2087
8509,5,1.018912e-04,0.09024,0.2548
8510,5,1.018210e-04,0.14942,0.3047
8511,5,1.017509e-04,0.14600,0.4181
8512,5,1.016808e-04,0.11196,0.3055
8513,5,1.016108e-04,0.10108,0.2454
8514,5,1.015408e-04,0.09457,0.2611
8515,5,1.014708e-04,0.08904,0.2283
8516,5,1.014009e-04,0.10492,0.3138
8517,5,1.013311e-04,0.11989,0.2597
8518,5,1.012612e-04,0.07353,0.2748
8519,5,1.011915e-04,0.09560,0.2828
8520,5,1.011217e-04,0.10445,0.2831
8521,5,1.010521e-04,0.12338,0.2788
8522,5,1.009824e-04,0.10057,0.3636
8523,5,1.009128e-04,0.10390,0.2600
8524,5,1.008433e-04,0.16508,0.3108
8525,5,1.007738e-04,0.16668,0.3218
8526,5,1.007044e-04,0.10916,0.2871
8527,5,1.006349e-04,0.08634,0.2432
8528,5,1.005656e-04,0.11943,0.2551
8529,5,1.004963e-04,0.15413,0.3146
8530,5,1.004270e-04,0.13760,0.2885
8531,5,1.003578e-04,0.12637,0.2515
8532,5,1.002886e-04,0.10984,0.2667
8533,5,1.002194e-04,0.12198,0.2471
8534,5,1.001503e-04,0.11111,0.2542
8535,5,1.000813e-04,0.11564,0.2733
8536,5,1.000123e-04,0.12335,0.3038
8537,5,9.994332e-05,0.10344,0.3172
8538,5,9.987441e-05,0.08289,0.2351
8539,5,9.980554e-05,0.17456,0.3075
8540,5,9.973671e-05,0.16008,0.2842
8541,5,9.966793e-05,0.06887,0.2344
8542,5,9.959920e-05,0.12247,0.3044
8543,5,9.953050e-05,0.14111,0.3339
8544,5,9.946186e-05,0.06805,0.2001
8545,5,9.939326e-05,0.08899,0.2233
8546,5,9.932470e-05,0.09010,0.2236
8547,5,9.925619e-05,0.10123,0.2743
8548,5,9.918773e-05,0.07186,0.1868
8549,5,9.911931e-05,0.10734,0.2620
8550,5,9.905093e-05,0.11907,0.2978
8551,5,9.898260e-05,0.11064,0.3026
8552,5,9.891432e-05,0.09049,0.2258
8553,5,9.884608e-05,0.12454,0.3709
8554,5,9.877788e-05,0.12129,0.2632
8555,5,9.870973e-05,0.14197,0.2522
8556,5,9.864163e-05,0.08901,0.2399
8557,5,9.857357e-05,0.10627,0.2257
8558,5,9.850555e-05,0.12212,0.2927
8559,5,9.843758e-05,0.07055,0.2536
8560,5,9.836966e-05,0.11607,0.2665
8561,5,9.830178e-05,0.09799,0.2560
8562,5,9.823394e-05,0.08347,0.2408
8563,5,9.816615e-05,0.10643,0.2513
8564,5,9.809841e-05,0.11638,0.2467
8565,5,9.803071e-05,0.11472,0.2468
8566,5,9.796306e-05,0.14363,0.3266
8567,5,9.789545e-05,0.18830,0.3113
8568,5,9.782788e-05,0.10931,0.2472
8569,5,9.776036e-05,0.05034,0.1723
8570,5,9.769289e-05,0.10905,0.2459
8571,5,9.762546e-05,0.12201,0.2846
8572,5,9.755808e-05,0.08710,0.2210
8573,5,9.749074e-05,0.13327,0.2999
8574,5,9.742345e-05,0.13334,0.2802
8575,5,9.735620e-05,0.16658,0.3128
8576,5,9.728900e-05,0.08553,0.2153
8577,5,9.722184e-05,0.14364,0.3077
8578,5,9.715473e-05,0.13972,0.2553
8579,5,9.708766e-05,0.10934,0.2718
8580,5,9.702064e-05,0.11448,0.2192
8581,5,9.695367e-05,0.09352,0.2247
8582,5,9.688674e-05,0.13679,0.3095
8583,5,9.681985e-05,0.06815,0.2034
8584,5,9.675301e-05,0.09786,0.2562
8585,5,9.668622e-05,0.06583,0.2202
8586,5,9.661947e-05,0.06826,0.2096
8587,5,9.655276e-05,0.08684,0.2141
8588,5,9.648610e-05,0.10853,0.2757
8589,5,9.641949e-05,0.11707,0.2379
8590,5,9.635292e-05,0.11562,0.2482
8591,5,9.628640e-05,0.10235,0.2581
8592,5,9.621992e-05,0.09734,0.2351
8593,5,9.615349e-05,0.07811,0.2113
8594,5,9.608710e-05,0.11269,0.2570
8595,5,9.602076e-05,0.08007,0.2031
8596,5,9.595446e-05,0.10162,0.2751
8597,5,9.588821e-05,0.10010,0.2670
8598,5,9.582200e-05,0.06664,0.1896
8599,5,9.575584e-05,0.09822,0.1991
8600,5,9.568973e-05,0.08863,0.2447
8601,5,9.562366e-05,0.11487,0.2853
8602,5,9.555764e-05,0.10901,0.2354
8603,5,9.549166e-05,0.13154,0.3183
8604,5,9.542572e-05,0.09828,0.3566
8605,5,9.535984e-05,0.12701,0.3010
8606,5,9.529399e-05,0.10761,0.2808
8607,5,9.522820e-05,0.10907,0.2962
8608,5,9.516244e-05,0.12551,0.2754
8609,5,9.509674e-05,0.11801,0.2533
8610,5,9.503108e-05,0.08732,0.2458
8611,5,9.496546e-05,0.12056,0.2820
8612,5,9.489989e-05,0.09426,0.2115
8613,5,9.483437e-05,0.10217,0.2864
8614,5,9.476889e-05,0.08556,0.2694
8615,5,9.470345e-05,0.11833,0.2776
8616,5,9.463807e-05,0.12816,0.2682
8617,5,9.457272e-05,0.08908,0.2407
8618,5,9.450743e-05,0.10426,0.2985
8619,5,9.444218e-05,0.13084,0.2955
8620,5,9.437697e-05,0.10148,0.2558
8621,5,9.431181e-05,0.09809,0.2709
8622,5,9.424669e-05,0.06799,0.2292
8623,5,9.418163e-05,0.12523,0.2644
8624,5,9.411660e-05,0.12379,0.2499
8625,5,9.405162e-05,0.12426,0.3281
8626,5,9.398669e-05,0.14594,0.2804
8627,5,9.392180e-05,0.12152,0.2419
8628,5,9.385696e-05,0.13207,0.3221
8629,5,9.379217e-05,0.10386,0.2598
8630,5,9.372742e-05,0.14460,0.3126
8631,5,9.366271e-05,0.09299,0.2296
8632,5,9.359805e-05,0.11685,0.2818
8633,5,9.353344e-05,0.10898,0.3417
8634,5,9.346887e-05,0.05589,0.2167
8635,5,9.340435e-05,0.11459,0.2630
8636,5,9.333987e-05,0.09079,0.2624
8637,5,9.327544e-05,0.08915,0.2540
8638,5,9.321106e-05,0.15539,0.3178
8639,5,9.314672e-05,0.16328,0.2825
8640,5,9.308242e-05,0.09446,0.2310
8641,5,9.301817e-05,0.15653,0.3076
8642,5,9.295397e-05,0.11021,0.2867
8643,5,9.288981e-05,0.10503,0.3349
8644,5,9.282570e-05,0.08857,0.2159
8645,5,9.276164e-05,0.12417,0.3397
8646,5,9.269762e-05,0.15021,0.3400
8647,5,9.263364e-05,0.10726,0.3185
8648,5,9.256971e-05,0.08150,0.2190
8649,5,9.250583e-05,0.13427,0.2677
8650,5,9.244199e-05,0.09884,0.2338
8651,5,9.237820e-05,0.13197,0.2908
8652,5,9.231446e-05,0.13760,0.3491
8653,5,9.225076e-05,0.14914,0.2876
8654,5,9.218710e-05,0.07320,0.2064
8655,5,9.212349e-05,0.08765,0.2432
8656,5,9.205993e-05,0.09925,0.2669
8657,5,9.199641e-05,0.07690,0.2068
8658,5,9.193294e-05,0.11178,0.2495
8659,5,9.186952e-05,0.11531,0.2429
8660,5,9.180614e-05,0.09307,0.2599
8661,5,9.174280e-05,0.09120,0.2248
8662,5,9.167952e-05,0.13697,0.2585
8663,5,9.161627e-05,0.08003,0.2522
8664,5,9.155308e-05,0.11091,0.2724
8665,5,9.148993e-05,0.10577,0.2194
8666,5,9.142682e-05,0.11780,0.2795
8667,5,9.136376e-05,0.09241,0.2103
8668,5,9.130075e-05,0.09083,0.2685
8669,5,9.123778e-05,0.12805,0.2857
8670,5,9.117486e-05,0.08101,0.2095
8671,5,9.111199e-05,0.09938,0.2720
8672,5,9.104916e-05,0.09135,0.3037
8673,5,9.098637e-05,0.08027,0.1845
8674,5,9.092364e-05,0.09825,0.2383
8675,5,9.086094e-05,0.07302,0.1817
8676,5,9.079830e-05,0.10688,0.3231
8677,5,9.073570e-05,0.12103,0.3165
8678,5,9.067314e-05,0.09344,0.2407
8679,5,9.061064e-05,0.08964,0.2378
8680,5,9.054817e-05,0.12790,0.2907
8681,5,9.048576e-05,0.12901,0.2595
8682,5,9.042339e-05,0.08464,0.2027
8683,5,9.036106e-05,0.09778,0.2752
8684,5,9.029878e-05,0.10548,0.2726
8685,5,9.023655e-05,0.16660,0.2575
8686,5,9.017436e-05,0.13180,0.2556
8687,5,9.011222e-05,0.07954,0.2593
8688,5,9.005013e-05,0.07356,0.2342
8689,5,8.998808e-05,0.09046,0.2180
8690,5,8.992608e-05,0.14313,0.3255
8691,5,8.986412e-05,0.10698,0.3241
8692,5,8.980221e-05,0.12973,0.3044
8693,5,8.974035e-05,0.07076,0.2218
8694,5,8.967853e-05,0.13652,0.2497
8695,5,8.961675e-05,0.12633,0.2873
8696,5,8.955503e-05,0.13539,0.2437
8697,5,8.949335e-05,0.09367,0.2748
8698,5,8.943171e-05,0.07563,0.2447
8699,5,8.937012e-05,0.08019,0.2323
8700,5,8.930858e-05,0.13703,0.2391
8701,5,8.924709e-05,0.11460,0.2334
8702,5,8.918563e-05,0.11272,0.2682
8703,5,8.912423e-05,0.11467,0.2702
8704,5,8.906287e-05,0.19034,0.3638
8705,5,8.900156e-05,0.09080,0.2354
8706,5,8.894029e-05,0.14264,0.3164
8707,5,8.887907e-05,0.10328,0.2831
8708,5,8.881790e-05,0.12698,0.2326
8709,5,8.875677e-05,0.08686,0.2002
8710,5,8.869569e-05,0.10512,0.2803
8711,5,8.863466e-05,0.10495,0.3242
8712,5,8.857367e-05,0.12497,0.2371
8713,5,8.851272e-05,0.10514,0.2429
8714,5,8.845183e-05,0.09005,0.2404
8715,5,8.839098e-05,0.11161,0.3139
8716,5,8.833017e-05,0.12501,0.2207
8717,5,8.826941e-05,0.16316,0.3083
8718,5,8.820870e-05,0.08488,0.2314
8719,5,8.814803e-05,0.10978,0.2304
8720,5,8.808741e-05,0.09779,0.2513
8721,5,8.802684e-05,0.12702,0.2582
8722,5,8.796631e-05,0.14017,0.3297
8723,5,8.790583e-05,0.12515,0.3209
8724,5,8.784540e-05,0.07753,0.1803
8725,5,8.778501e-05,0.09975,0.2095
8726,5,8.772467e-05,0.12477,0.3250
8727,5,8.766437e-05,0.11141,0.2603
8728,5,8.760412e-05,0.13009,0.2926
8729,5,8.754391e-05,0.08281,0.2333
8730,5,8.748376e-05,0.12072,0.3244
8731,5,8.742365e-05,0.09221,0.2237
8732,5,8.736358e-05,0.09443,0.2418
8733,5,8.730356e-05,0.08589,0.2151
8734,5,8.724359e-05,0.15846,0.2811
8735,5,8.718366e-05,0.13605,0.3362
8736,5,8.712378e-05,0.09950,0.2968
8737,5,8.706395e-05,0.11459,0.2533
8738,5,8.700416e-05,0.12114,0.2908
8739,5,8.694442e-05,0.08327,0.2315
8740,5,8.688472e-05,0.08592,0.2378
8741,5,8.682508e-05,0.07912,0.2430
8742,5,8.676547e-05,0.11495,0.2643
8743,5,8.670592e-05,0.06993,0.2140
8744,5,8.664641e-05,0.10592,0.2519
8745,5,8.658694e-05,0.07658,0.2686
8746,5,8.652753e-05,0.14986,0.2518
8747,5,8.646816e-05,0.08466,0.2319
8748,5,8.640883e-05,0.07986,0.2570
8749,5,8.634955e-05,0.08392,0.2216
8750,5,8.629032e-05,0.11406,0.2456
8751,5,8.623114e-05,0.12529,0.4700
8752,5,8.617200e-05,0.07542,0.2395
8753,5,8.611291e-05,0.13511,0.3061
8754,5,8.605386e-05,0.08836,0.2384
8755,5,8.599486e-05,0.12406,0.2765
8756,5,8.593591e-05,0.09681,0.2495
8757,5,8.587700e-05,0.14415,0.3303
8758,5,8.581814e-05,0.10413,0.2276
8759,5,8.575933e-05,0.15576,0.3039
8760,5,8.570056e-05,0.11535,0.2660
8761,5,8.564184e-05,0.10078,0.2481
8762,5,8.558317e-05,0.06436,0.1905
8763,5,8.552454e-05,0.11221,0.2764
8764,5,8.546596e-05,0.13409,0.3608
8765,5,8.540742e-05,0.10078,0.2713
8766,5,8.534893e-05,0.09237,0.2438
8767,5,8.529049e-05,0.11432,0.2634
8768,5,8.523209e-05,0.16008,0.2592
8769,5,8.517375e-05,0.19610,0.4613
8770,5,8.511544e-05,0.10238,0.2657
8771,5,8.505719e-05,0.11302,0.2576
8772,5,8.499898e-05,0.12483,0.3373
8773,5,8.494081e-05,0.10701,0.2709
8774,5,8.488270e-05,0.09491,0.2446
8775,5,8.482463e-05,0.14768,0.2889
8776,5,8.476660e-05,0.11151,0.2819
8777,5,8.470863e-05,0.10344,0.2504
8778,5,8.465070e-05,0.11537,0.2280
8779,5,8.459281e-05,0.12132,0.2153
8780,5,8.453497e-05,0.10933,0.2762
8781,5,8.447718e-05,0.10210,0.2331
8782,5,8.441944e-05,0.11396,0.2380
8783,5,8.436174e-05,0.10468,0.2380
8784,5,8.430409e-05,0.16767,0.3441
8785,5,8.424649e-05,0.09921,0.3006
8786,5,8.418893e-05,0.08243,0.2347
8787,5,8.413142e-05,0.11175,0.2829
8788,5,8.407395e-05,0.12753,0.2849
8789,5,8.401654e-05,0.07419,0.2197
8790,5,8.395916e-05,0.12795,0.3475
8791,5,8.390184e-05,0.09414,0.3110
8792,5,8.384456e-05,0.11308,0.2712
8793,5,8.378733e-05,0.18726,0.3584
8794,5,8.373014e-05,0.10776,0.2990
8795,5,8.367301e-05,0.11264,0.2500
8796,5,8.361591e-05,0.12404,0.2733
8797,5,8.355887e-05,0.10055,0.2512
8798,5,8.350187e-05,0.06186,0.1847
8799,5,8.344492e-05,0.06740,0.2226
8800,5,8.338802e-05,0.16950,0.3014
8801,5,8.333116e-05,0.13480,0.2526
8802,5,8.327435e-05,0.10013,0.2594
8803,5,8.321758e-05,0.18397,0.2903
8804,5,8.316086e-05,0.11788,0.3458
8805,5,8.310419e-05,0.10963,0.2496
8806,5,8.304757e-05,0.10014,0.2695
8807,5,8.299099e-05,0.11255,0.2661
8808,5,8.293446e-05,0.14855,0.3593
8809,5,8.287797e-05,0.12786,0.2516
8810,5,8.282154e-05,0.09226,0.2772
8811,5,8.276515e-05,0.12190,0.2677
8812,5,8.270880e-05,0.14057,0.3806
8813,5,8.265250e-05,0.07588,0.2092
8814,5,8.259625e-05,0.12575,0.3002
8815,5,8.254005e-05,0.12140,0.3866
8816,5,8.248389e-05,0.08053,0.2236
8817,5,8.242778e-05,0.09300,0.2354
8818,5,8.237172e-05,0.09397,0.2517
8819,5,8.231570e-05,0.10196,0.3021
8820,5,8.225973e-05,0.08342,0.2166
8821,5,8.220381e-05,0.15092,0.2879
8822,5,8.214793e-05,0.12843,0.2850
8823,5,8.209210e-05,0.09651,0.2387
8824,5,8.203632e-05,0.08274,0.2287
8825,5,8.198058e-05,0.08032,0.1915
8826,5,8.192490e-05,0.09748,0.2535
8827,5,8.186925e-05,0.08257,0.2185
8828,5,8.181366e-05,0.09436,0.2373
8829,5,8.175811e-05,0.09834,0.2341
8830,5,8.170261e-05,0.12649,0.2936
8831,5,8.164715e-05,0.07463,0.1841
8832,5,8.159175e-05,0.11994,0.2407
8833,5,8.153638e-05,0.11114,0.2973
8834,5,8.148107e-05,0.12505,0.3107
8835,5,8.142580e-05,0.10342,0.2218
8836,5,8.137058e-05,0.10524,0.2417
8837,5,8.131541e-05,0.11533,0.2478
8838,5,8.126028e-05,0.07829,0.2629
8839,5,8.120520e-05,0.09648,0.2258
8840,5,8.115017e-05,0.06350,0.1868
8841,5,8.109518e-05,0.08733,0.2257
8842,5,8.104025e-05,0.10540,0.2961
8843,5,8.098535e-05,0.11425,0.2309
8844,5,8.093051e-05,0.14859,0.2899
8845,5,8.087571e-05,0.10192,0.2588
8846,5,8.082096e-05,0.18454,0.3030
8847,5,8.076626e-05,0.12873,0.2617
8848,5,8.071160e-05,0.12710,0.2687
8849,5,8.065699e-05,0.10168,0.2317
8850,5,8.060243e-05,0.13442,0.3320
8851,5,8.054791e-05,0.07487,0.2165
8852,5,8.049344e-05,0.09606,0.2226
8853,5,8.043902e-05,0.07689,0.2098
8854,5,8.038464e-05,0.10209,0.2440
8855,5,8.033031e-05,0.11583,0.2449
8856,5,8.027603e-05,0.11500,0.2416
8857,5,8.022180e-05,0.19281,0.3570
8858,5,8.016761e-05,0.15044,0.3609
8859,5,8.011347e-05,0.09576,0.2365
8860,5,8.005938e-05,0.10331,0.2729
8861,5,8.000533e-05,0.09802,0.2716
8862,5,7.995133e-05,0.10665,0.2869
8863,5,7.989738e-05,0.09819,0.2478
8864,5,7.984348e-05,0.11687,0.2832
8865,5,7.978962e-05,0.10650,0.2158
8866,5,7.973581e-05,0.09054,0.2196
8867,5,7.968204e-05,0.11643,0.2414
8868,5,7.962833e-05,0.09270,0.2327
8869,5,7.957466e-05,0.06989,0.2050
8870,5,7.952104e-05,0.07552,0.2409
8871,5,7.946746e-05,0.08538,0.2293
8872,5,7.941393e-05,0.08702,0.2101
8873,5,7.936045e-05,0.11908,0.2764
8874,5,7.930702e-05,0.07619,0.2056
8875,5,7.925363e-05,0.07996,0.2320
8876,5,7.920029e-05,0.11356,0.3278
8877,5,7.914700e-05,0.10859,0.2519
8878,5,7.909375e-05,0.10493,0.2443
8879,5,7.904055e-05,0.11471,0.3174
8880,5,7.898740e-05,0.13342,0.3238
8881,5,7.893430e-05,0.09576,0.2244
8882,5,7.888124e-05,0.15468,0.3000
8883,5,7.882823e-05,0.10874,0.2807
8884,5,7.877527e-05,0.08128,0.2099
8885,5,7.872236e-05,0.06971,0.2112
8886,5,7.866949e-05,0.07607,0.2281
8887,5,7.861667e-05,0.05757,0.1867
8888,5,7.856389e-05,0.11784,0.2657
8889,5,7.851117e-05,0.08356,0.2483
8890,5,7.845849e-05,0.15842,0.3237
8891,5,7.840585e-05,0.06895,0.2481
8892,5,7.835327e-05,0.10883,0.2728
8893,5,7.830073e-05,0.09889,0.2666
8894,5,7.824824e-05,0.11854,0.2718
8895,5,7.819580e-05,0.09776,0.2706
8896,5,7.814340e-05,0.10830,0.2565
8897,5,7.809105e-05,0.13505,0.2906
8898,5,7.803875e-05,0.14660,0.2714
8899,5,7.798650e-05,0.12838,0.2668
8900,5,7.793429e-05,0.10186,0.2750
8901,5,7.788213e-05,0.11973,0.2349
8902,5,7.783002e-05,0.11142,0.2362
8903,5,7.777795e-05,0.06236,0.2107
8904,5,7.772593e-05,0.15071,0.3877
8905,5,7.767396e-05,0.08033,0.2432
8906,5,7.762204e-05,0.08159,0.2262
8907,5,7.757016e-05,0.08222,0.2376
8908,5,7.751834e-05,0.13134,0.3198
8909,5,7.746655e-05,0.10535,0.2583
8910,5,7.741482e-05,0.12076,0.2993
8911,5,7.736313e-05,0.06944,0.2002
8912,5,7.731149e-05,0.08936,0.2476
8913,5,7.725990e-05,0.12720,0.2331
8914,5,7.720836e-05,0.06617,0.2341
8915,5,7.715686e-05,0.09415,0.2190
8916,5,7.710541e-05,0.10908,0.2921
8917,5,7.705401e-05,0.08342,0.2586
8918,5,7.700265e-05,0.11025,0.2699
8919,5,7.695134e-05,0.10432,0.2288
8920,5,7.690008e-05,0.07807,0.2492
8921,5,7.684887e-05,0.13735,0.3125
8922,5,7.679770e-05,0.09338,0.3260
8923,5,7.674658e-05,0.11163,0.2452
8924,5,7.669551e-05,0.10730,0.2913
8925,5,7.664449e-05,0.12681,0.2436
8926,5,7.659351e-05,0.09069,0.2602
8927,5,7.654258e-05,0.10324,0.2743
8928,5,7.649170e-05,0.07505,0.2091
8929,5,7.644087e-05,0.12212,0.2686
8930,5,7.639008e-05,0.13372,0.2769
8931,5,7.633934e-05,0.15995,0.3468
8932,5,7.628865e-05,0.09561,0.2462
8933,5,7.623800e-05,0.14230,0.3563
8934,5,7.618741e-05,0.11665,0.2561
8935,5,7.613686e-05,0.11977,0.3050
8936,5,7.608636e-05,0.15633,0.3606
8937,5,7.603590e-05,0.10781,0.2605
8938,5,7.598549e-05,0.08218,0.2141
8939,5,7.593513e-05,0.13228,0.3268
8940,5,7.588482e-05,0.09942,0.2801
8941,5,7.583456e-05,0.12192,0.3000
8942,5,7.578434e-05,0.11555,0.2951
8943,5,7.573417e-05,0.12351,0.2772
8944,5,7.568405e-05,0.09440,0.2621
8945,5,7.563397e-05,0.09027,0.2296
8946,5,7.558395e-05,0.19927,0.3772
8947,5,7.553397e-05,0.07951,0.2184
8948,5,7.548403e-05,0.11408,0.2691
8949,5,7.543415e-05,0.10238,0.2420
8950,5,7.538431e-05,0.08331,0.2468
8951,5,7.533452e-05,0.06956,0.1981
8952,5,7.528478e-05,0.14356,0.3166
8953,5,7.523509e-05,0.07867,0.2300
8954,5,7.518544e-05,0.20874,0.3850
8955,5,7.513584e-05,0.14824,0.3121
8956,5,7.508629e-05,0.08925,0.2258
8957,5,7.503678e-05,0.08529,0.2057
8958,5,7.498733e-05,0.09017,0.2138
8959,5,7.493792e-05,0.08877,0.2502
8960,5,7.488856e-05,0.09486,0.2567
8961,5,7.483924e-05,0.09195,0.2225
8962,5,7.478998e-05,0.11252,0.2558
8963,5,7.474076e-05,0.09601,0.1882
8964,5,7.469159e-05,0.13872,0.3562
8965,5,7.464246e-05,0.09617,0.2502
8966,5,7.459339e-05,0.10083,0.2512
8967,5,7.454436e-05,0.08335,0.2437
8968,5,7.449538e-05,0.16263,0.4177
8969,5,7.444644e-05,0.13737,0.2754
8970,5,7.439756e-05,0.10119,0.2975
8971,5,7.434872e-05,0.10113,0.2492
8972,5,7.429993e-05,0.12504,0.2862
8973,5,7.425119e-05,0.10009,0.2554
8974,5,7.420249e-05,0.12821,0.2733
8975,5,7.415385e-05,0.11591,0.3159
8976,5,7.410525e-05,0.09755,0.2703
8977,5,7.405669e-05,0.13011,0.3089
8978,5,7.400819e-05,0.10154,0.2541
8979,5,7.395973e-05,0.09861,0.2293
8980,5,7.391132e-05,0.07806,0.2349
8981,5,7.386296e-05,0.17383,0.3122
8982,5,7.381465e-05,0.11836,0.2506
8983,5,7.376638e-05,0.10564,0.2826
8984,5,7.371817e-05,0.12527,0.2576
8985,5,7.367000e-05,0.10550,0.3305
8986,5,7.362187e-05,0.09436,0.2116
8987,5,7.357380e-05,0.16997,0.2978
8988,5,7.352577e-05,0.12649,0.3548
8989,5,7.347779e-05,0.13853,0.3411
8990,5,7.342986e-05,0.08387,0.2690
8991,5,7.338198e-05,0.10974,0.2854
8992,5,7.333414e-05,0.05230,0.1772
8993,5,7.328635e-05,0.10163,0.2428
8994,5,7.323861e-05,0.10275,0.2326
8995,5,7.319092e-05,0.10213,0.2767
8996,5,7.314327e-05,0.06331,0.2040
8997,5,7.309567e-05,0.12739,0.3156
8998,5,7.304813e-05,0.10419,0.3180
8999,5,7.300062e-05,0.11718,0.2502
9000,5,7.295317e-05,0.07697,0.2259
9001,5,7.290576e-05,0.10916,0.2918
9002,5,7.285840e-05,0.11193,0.2854
9003,5,7.281109e-05,0.09574,0.2601
9004,5,7.276383e-05,0.12486,0.2912
9005,5,7.271662e-05,0.12358,0.3031
9006,5,7.266945e-05,0.06635,0.1758
9007,5,7.262233e-05,0.12481,0.2675
9008,5,7.257526e-05,0.12630,0.2655
9009,5,7.252823e-05,0.09918,0.2286
9010,5,7.248126e-05,0.08543,0.2483
9011,5,7.243433e-05,0.15147,0.3165
9012,5,7.238745e-05,0.06933,0.1508
9013,5,7.234062e-05,0.09649,0.2311
9014,5,7.229383e-05,0.14595,0.3207
9015,5,7.224710e-05,0.11205,0.2206
9016,5,7.220041e-05,0.10836,0.3613
9017,5,7.215377e-05,0.14289,0.2999
9018,5,7.210717e-05,0.07483,0.2289
9019,5,7.206063e-05,0.11728,0.2391
9020,5,7.201413e-05,0.12314,0.2753
9021,5,7.196768e-05,0.10935,0.2783
9022,5,7.192128e-05,0.12454,0.2995
9023,5,7.187493e-05,0.11084,0.2674
9024,5,7.182862e-05,0.09576,0.2616
9025,5,7.178236e-05,0.13675,0.2599
9026,5,7.173615e-05,0.09679,0.2223
9027,5,7.168999e-05,0.11476,0.2962
9028,5,7.164388e-05,0.17230,0.3258
9029,5,7.159781e-05,0.12802,0.3674
9030,5,7.155179e-05,0.12854,0.2550
9031,5,7.150582e-05,0.17012,0.3330
9032,5,7.145990e-05,0.09768,0.2196
9033,5,7.141402e-05,0.16258,0.3049
9034,5,7.136820e-05,0.09524,0.2797
9035,5,7.132242e-05,0.12798,0.2960
9036,5,7.127669e-05,0.12135,0.2320
9037,5,7.123101e-05,0.08398,0.3084
9038,5,7.118537e-05,0.19154,0.3790
9039,5,7.113979e-05,0.10582,0.2538
9040,5,7.109425e-05,0.12639,0.2687
9041,5,7.104876e-05,0.15187,0.3207
9042,5,7.100331e-05,0.10051,0.2900
9043,5,7.095792e-05,0.12202,0.2623
9044,5,7.091257e-05,0.07405,0.2175
9045,5,7.086727e-05,0.08244,0.2523
9046,5,7.082202e-05,0.10734,0.2499
9047,5,7.077682e-05,0.11309,0.2515
9048,5,7.073167e-05,0.09525,0.2828
9049,5,7.068656e-05,0.10440,0.2732
9050,5,7.064150e-05,0.12833,0.2729
9051,5,7.059649e-05,0.06306,0.2243
9052,5,7.055153e-05,0.09575,0.2634
9053,5,7.050661e-05,0.13688,0.2790
9054,5,7.046175e-05,0.22629,0.3742
9055,5,7.041693e-05,0.14271,0.2701
9056,5,7.037216e-05,0.11681,0.2702
9057,5,7.032744e-05,0.14791,0.2742
9058,5,7.028276e-05,0.16919,0.3160
9059,5,7.023814e-05,0.13696,0.3078
9060,5,7.019356e-05,0.07942,0.2138
9061,5,7.014903e-05,0.12486,0.2433
9062,5,7.010455e-05,0.09688,0.2460
9063,5,7.006011e-05,0.11236,0.2974
9064,5,7.001573e-05,0.14844,0.3126
9065,5,6.997139e-05,0.11887,0.3544
9066,5,6.992710e-05,0.14441,0.3077
9067,5,6.988286e-05,0.11571,0.2791
9068,5,6.983867e-05,0.07140,0.1779
9069,5,6.979452e-05,0.10454,0.2223
9070,5,6.975043e-05,0.11236,0.2502
9071,5,6.970638e-05,0.10245,0.2341
9072,5,6.966238e-05,0.06156,0.2019
9073,5,6.961842e-05,0.13595,0.4025
9074,5,6.957452e-05,0.07586,0.2363
9075,5,6.953066e-05,0.09594,0.2529
9076,5,6.948685e-05,0.12419,0.2599
9077,5,6.944309e-05,0.07379,0.2373
9078,5,6.939938e-05,0.09899,0.2164
9079,5,6.935572e-05,0.10171,0.2831
9080,5,6.931210e-05,0.10121,0.2056
9081,5,6.926854e-05,0.12288,0.2789
9082,5,6.922502e-05,0.10897,0.2918
9083,5,6.918155e-05,0.07627,0.1953
9084,5,6.913812e-05,0.11261,0.2863
9085,5,6.909475e-05,0.11259,0.2623
9086,5,6.905142e-05,0.15013,0.3087
9087,5,6.900815e-05,0.08198,0.2486
9088,5,6.896492e-05,0.10048,0.2572
9089,5,6.892173e-05,0.14729,0.3543
9090,5,6.887860e-05,0.12839,0.2670
9091,5,6.883552e-05,0.07457,0.2318
9092,5,6.879248e-05,0.08401,0.2696
9093,5,6.874949e-05,0.11969,0.3235
9094,5,6.870655e-05,0.11101,0.2625
9095,5,6.866366e-05,0.10281,0.2605
9096,5,6.862081e-05,0.11470,0.2261
9097,5,6.857802e-05,0.05750,0.1899
9098,5,6.853527e-05,0.12484,0.3057
9099,5,6.849257e-05,0.16219,0.2911
9100,5,6.844992e-05,0.06245,0.1786
9101,5,6.840732e-05,0.15999,0.3085
9102,5,6.836476e-05,0.10323,0.2222
9103,5,6.832226e-05,0.14392,0.3108
9104,5,6.827980e-05,0.09321,0.2524
9105,5,6.823739e-05,0.09747,0.2438
9106,5,6.819503e-05,0.09182,0.2413
9107,5,6.815271e-05,0.10136,0.2573
9108,5,6.811045e-05,0.10550,0.2176
9109,5,6.806823e-05,0.15377,0.2577
9110,5,6.802607e-05,0.09107,0.2850
9111,5,6.798395e-05,0.08369,0.2898
9112,5,6.794187e-05,0.18448,0.3792
9113,5,6.789985e-05,0.15195,0.2914
9114,5,6.785788e-05,0.06883,0.1983
9115,5,6.781595e-05,0.05536,0.2108
9116,5,6.777407e-05,0.10625,0.2703
9117,5,6.773224e-05,0.10361,0.2522
9118,5,6.769046e-05,0.11614,0.2852
9119,5,6.764873e-05,0.15037,0.3018
9120,5,6.760704e-05,0.09875,0.2790
9121,5,6.756541e-05,0.10712,0.2416
9122,5,6.752382e-05,0.10936,0.2912
9123,5,6.748228e-05,0.10784,0.2404
9124,5,6.744079e-05,0.15806,0.3197
9125,5,6.739934e-05,0.15990,0.3436
9126,5,6.735795e-05,0.10475,0.3319
9127,5,6.731660e-05,0.10939,0.3440
9128,5,6.727531e-05,0.10805,0.3360
9129,5,6.723406e-05,0.11520,0.2822
9130,5,6.719285e-05,0.07216,0.2216
9131,5,6.715170e-05,0.13287,0.3167
9132,5,6.711060e-05,0.09585,0.2379
9133,5,6.706954e-05,0.09866,0.2626
9134,5,6.702853e-05,0.10187,0.2980
9135,5,6.698758e-05,0.13313,0.3126
9136,5,6.694667e-05,0.12997,0.2733
9137,5,6.690580e-05,0.08707,0.1990
9138,5,6.686499e-05,0.10217,0.3244
9139,5,6.682422e-05,0.12527,0.2801
9140,5,6.678351e-05,0.08458,0.2600
9141,5,6.674284e-05,0.11476,0.2713
9142,5,6.670222e-05,0.14220,0.2993
9143,5,6.666165e-05,0.08326,0.2210
9144,5,6.662112e-05,0.10074,0.2067
9145,5,6.658065e-05,0.15222,0.3489
9146,5,6.654022e-05,0.12925,0.2542
9147,5,6.649985e-05,0.14471,0.3111
9148,5,6.645952e-05,0.12730,0.2460
9149,5,6.641924e-05,0.09738,0.2711
9150,5,6.637900e-05,0.09074,0.2526
9151,5,6.633882e-05,0.10474,0.2791
9152,5,6.629869e-05,0.15361,0.2723
9153,5,6.625860e-05,0.10617,0.2602
9154,5,6.621856e-05,0.10511,0.2690
9155,5,6.617857e-05,0.11333,0.2822
9156,5,6.613863e-05,0.10331,0.2315
9157,5,6.609874e-05,0.05876,0.2242
9158,5,6.605889e-05,0.14577,0.3053
9159,5,6.601910e-05,0.14465,0.3479
9160,5,6.597935e-05,0.09946,0.2246
9161,5,6.593965e-05,0.08788,0.2332
9162,5,6.590000e-05,0.11463,0.2545
9163,5,6.586040e-05,0.10295,0.2282
9164,5,6.582085e-05,0.09197,0.2277
9165,5,6.578134e-05,0.09917,0.2794
9166,5,6.574189e-05,0.11026,0.3052
9167,5,6.570248e-05,0.07376,0.2434
9168,5,6.566312e-05,0.10226,0.3451
9169,5,6.562381e-05,0.09387,0.2531
9170,5,6.558455e-05,0.10317,0.2677
9171,5,6.554534e-05,0.08295,0.2122
9172,5,6.550617e-05,0.10041,0.2605
9173,5,6.546705e-05,0.09729,0.2548
9174,5,6.542799e-05,0.13135,0.3939
9175,5,6.538897e-05,0.09824,0.2547
9176,5,6.535000e-05,0.09541,0.2278
9177,5,6.531108e-05,0.09661,0.3777
9178,5,6.527220e-05,0.13951,0.2760
9179,5,6.523338e-05,0.10796,0.2624
9180,5,6.519460e-05,0.09848,0.2470
9181,5,6.515588e-05,0.11735,0.2454
9182,5,6.511720e-05,0.07071,0.1958
9183,5,6.507857e-05,0.08721,0.1959
9184,5,6.503999e-05,0.09968,0.2510
9185,5,6.500145e-05,0.10410,0.2551
9186,5,6.496297e-05,0.08826,0.2477
9187,5,6.492453e-05,0.14172,0.3122
9188,5,6.488615e-05,0.09663,0.2770
9189,5,6.484781e-05,0.14211,0.2947
9190,5,6.480952e-05,0.09885,0.2451
9191,5,6.477128e-05,0.11528,0.2984
9192,5,6.473309e-05,0.09286,0.2274
9193,5,6.469494e-05,0.08771,0.2296
9194,5,6.465685e-05,0.05985,0.2496
9195,5,6.461880e-05,0.08474,0.2276
9196,5,6.458081e-05,0.11703,0.3466
9197,5,6.454286e-05,0.08374,0.2980
9198,5,6.450496e-05,0.08411,0.2459
9199,5,6.446711e-05,0.16858,0.2996
9200,5,6.442930e-05,0.12776,0.2561
9201,5,6.439155e-05,0.08267,0.2397
9202,5,6.435384e-05,0.13032,0.2699
9203,5,6.431619e-05,0.09602,0.2419
9204,5,6.427858e-05,0.06000,0.1822
9205,5,6.424102e-05,0.11364,0.2701
9206,5,6.420351e-05,0.11271,0.2726
9207,5,6.416605e-05,0.16031,0.2826
9208,5,6.412863e-05,0.06301,0.2470
9209,5,6.409127e-05,0.16990,0.3318
9210,5,6.405395e-05,0.08768,0.2247
9211,5,6.401669e-05,0.07142,0.2569
9212,5,6.397947e-05,0.11419,0.2802
9213,5,6.394230e-05,0.09510,0.2760
9214,5,6.390518e-05,0.11013,0.2877
9215,5,6.386811e-05,0.12912,0.2893
9216,5,6.383108e-05,0.10820,0.2410
9217,5,6.379411e-05,0.09461,0.2368
9218,5,6.375718e-05,0.09593,0.2188
9219,5,6.372031e-05,0.12250,0.2784
9220,5,6.368348e-05,0.09233,0.2314
9221,5,6.364670e-05,0.11493,0.2566
9222,5,6.360997e-05,0.10492,0.2591
9223,5,6.357329e-05,0.08362,0.2769
9224,5,6.353665e-05,0.12493,0.2659
9225,5,6.350007e-05,0.16077,0.3360
9226,5,6.346353e-05,0.15704,0.2992
9227,5,6.342705e-05,0.14160,0.2687
9228,5,6.339061e-05,0.07608,0.2330
9229,5,6.335422e-05,0.08387,0.2537
9230,5,6.331788e-05,0.10253,0.2485
9231,5,6.328159e-05,0.12930,0.2685
9232,5,6.324534e-05,0.17286,0.4301
9233,5,6.320915e-05,0.06792,0.1892
9234,5,6.317301e-05,0.12067,0.2698
9235,5,6.313691e-05,0.17338,0.3233
9236,5,6.310086e-05,0.08437,0.2500
9237,5,6.306486e-05,0.12870,0.3200
9238,5,6.302891e-05,0.09472,0.2608
9239,5,6.299301e-05,0.10148,0.2985
9240,5,6.295716e-05,0.11831,0.2651
9241,5,6.292136e-05,0.10305,0.2924
9242,5,6.288560e-05,0.11655,0.2787
9243,5,6.284990e-05,0.13510,0.2736
9244,5,6.281424e-05,0.12236,0.2910
9245,5,6.277863e-05,0.06231,0.1886
9246,5,6.274308e-05,0.11578,0.2692
9247,5,6.270757e-05,0.10613,0.2564
9248,5,6.267210e-05,0.13082,0.2958
9249,5,6.263669e-05,0.10672,0.2595
9250,5,6.260133e-05,0.05613,0.1893
9251,5,6.256601e-05,0.13116,0.2830
9252,5,6.253075e-05,0.09757,0.2393
9253,5,6.249553e-05,0.15196,0.2873
9254,5,6.246036e-05,0.15161,0.3896
9255,5,6.242525e-05,0.09634,0.2341
9256,5,6.239018e-05,0.09409,0.2553
9257,5,6.235515e-05,0.11784,0.2627
9258,5,6.232018e-05,0.09495,0.2231
9259,5,6.228526e-05,0.12204,0.2637
9260,5,6.225038e-05,0.10606,0.3097
9261,5,6.221556e-05,0.16962,0.3479
9262,5,6.218078e-05,0.10432,0.2462
9263,5,6.214606e-05,0.11263,0.2526
9264,5,6.211138e-05,0.16438,0.3205
9265,5,6.207675e-05,0.12464,0.2910
9266,5,6.204217e-05,0.10395,0.2575
9267,5,6.200763e-05,0.14891,0.3225
9268,5,6.197315e-05,0.09715,0.2466
9269,5,6.193872e-05,0.12185,0.2615
9270,5,6.190433e-05,0.09172,0.2527
9271,5,6.187000e-05,0.06701,0.2430
9272,5,6.183571e-05,0.13472,0.3282
9273,5,6.180147e-05,0.12205,0.2382
9274,5,6.176728e-05,0.07356,0.2118
9275,5,6.173314e-05,0.07418,0.2456
9276,5,6.169905e-05,0.10948,0.2611
9277,5,6.166501e-05,0.08659,0.2752
9278,5,6.163102e-05,0.14304,0.2728
9279,5,6.159707e-05,0.12294,0.3139
9280,5,6.156318e-05,0.10802,0.2450
9281,5,6.152933e-05,0.10787,0.2683
9282,5,6.149553e-05,0.18281,0.3271
9283,5,6.146179e-05,0.15007,0.2860
9284,5,6.142809e-05,0.10776,0.2531
9285,5,6.139444e-05,0.06441,0.2024
9286,5,6.136083e-05,0.07228,0.2442
9287,5,6.132728e-05,0.12250,0.2774
9288,5,6.129378e-05,0.16341,0.4353
9289,5,6.126033e-05,0.11824,0.2738
9290,5,6.122692e-05,0.10458,0.2725
9291,5,6.119356e-05,0.10774,0.3062
9292,5,6.116026e-05,0.12184,0.3148
9293,5,6.112700e-05,0.12643,0.2854
9294,5,6.109379e-05,0.10833,0.3708
9295,5,6.106063e-05,0.14632,0.2996
9296,5,6.102752e-05,0.11443,0.2524
9297,5,6.099446e-05,0.11623,0.2498
9298,5,6.096145e-05,0.12098,0.2426
9299,5,6.092848e-05,0.13302,0.3159
9300,5,6.089557e-05,0.11450,0.2657
9301,5,6.086270e-05,0.09824,0.3040
9302,5,6.082988e-05,0.07774,0.2491
9303,5,6.079712e-05,0.12100,0.3151
9304,5,6.076440e-05,0.11354,0.2982
9305,5,6.073173e-05,0.10171,0.2508
9306,5,6.069911e-05,0.11773,0.2593
9307,5,6.066654e-05,0.09826,0.2382
9308,5,6.063402e-05,0.10835,0.2650
9309,5,6.060154e-05,0.11416,0.2478
9310,5,6.056912e-05,0.11193,0.2559
9311,5,6.053675e-05,0.13162,0.3312
9312,5,6.050442e-05,0.12381,0.2794
9313,5,6.047214e-05,0.14159,0.2882
9314,5,6.043992e-05,0.07695,0.2040
9315,5,6.040774e-05,0.09392,0.2210
9316,5,6.037561e-05,0.16244,0.2917
9317,5,6.034353e-05,0.07000,0.2149
9318,5,6.031150e-05,0.11956,0.3287
9319,5,6.027952e-05,0.06718,0.2026
9320,5,6.024758e-05,0.09526,0.2445
9321,5,6.021570e-05,0.12835,0.2840
9322,5,6.018387e-05,0.14095,0.2793
9323,5,6.015208e-05,0.10734,0.2280
9324,5,6.012034e-05,0.08582,0.2299
9325,5,6.008866e-05,0.10350,0.2524
9326,5,6.005702e-05,0.13324,0.3254
9327,5,6.002543e-05,0.11404,0.2629
9328,5,5.999389e-05,0.10330,0.2293
9329,5,5.996240e-05,0.09921,0.2450
9330,5,5.993096e-05,0.08890,0.2180
9331,5,5.989957e-05,0.08774,0.2594
9332,5,5.986823e-05,0.10753,0.2885
9333,5,5.983693e-05,0.12549,0.2752
9334,5,5.980569e-05,0.12096,0.2439
9335,5,5.977449e-05,0.06062,0.1741
9336,5,5.974335e-05,0.09446,0.2414
9337,5,5.971225e-05,0.12471,0.2733
9338,5,5.968120e-05,0.08540,0.2559
9339,5,5.965020e-05,0.11556,0.3083
9340,5,5.961925e-05,0.15260,0.3191
9341,5,5.958835e-05,0.11651,0.2625
9342,5,5.955750e-05,0.07809,0.2597
9343,5,5.952670e-05,0.11747,0.2474
9344,5,5.949595e-05,0.09290,0.2536
9345,5,5.946525e-05,0.12375,0.2272
9346,5,5.943459e-05,0.09971,0.2492
9347,5,5.940399e-05,0.09132,0.2328
9348,5,5.937343e-05,0.12504,0.3058
9349,5,5.934292e-05,0.09809,0.2646
9350,5,5.931247e-05,0.14856,0.3056
9351,5,5.928206e-05,0.08457,0.2490
9352,5,5.925170e-05,0.09511,0.2291
9353,5,5.922139e-05,0.13697,0.3057
9354,5,5.919113e-05,0.06471,0.1814
9355,5,5.916092e-05,0.12283,0.2763
9356,5,5.913076e-05,0.10556,0.3753
9357,5,5.910065e-05,0.10221,0.3563
9358,5,5.907058e-05,0.12801,0.2611
9359,5,5.904057e-05,0.12357,0.3246
9360,5,5.901060e-05,0.10481,0.2985
9361,5,5.898069e-05,0.09863,0.2482
9362,5,5.895082e-05,0.10719,0.2439
9363,5,5.892101e-05,0.11334,0.2943
9364,5,5.889124e-05,0.11882,0.2805
9365,5,5.886152e-05,0.13748,0.2347
9366,5,5.883185e-05,0.07802,0.2520
9367,5,5.880223e-05,0.08816,0.2025
9368,5,5.877266e-05,0.13393,0.2975
9369,5,5.874314e-05,0.16729,0.3037
9370,5,5.871367e-05,0.15498,0.3419
9371,5,5.868425e-05,0.09862,0.2313
9372,5,5.865487e-05,0.12132,0.2430
9373,5,5.862555e-05,0.14843,0.3077
9374,5,5.859627e-05,0.09503,0.2660
9375,5,5.856705e-05,0.08784,0.2515
9376,5,5.853787e-05,0.13488,0.2879
9377,5,5.850875e-05,0.10566,0.2430
9378,5,5.847967e-05,0.11401,0.2768
9379,5,5.845064e-05,0.07518,0.2370
9380,5,5.842166e-05,0.09341,0.2181
9381,5,5.839273e-05,0.12702,0.3100
9382,5,5.836385e-05,0.10481,0.2199
9383,5,5.833502e-05,0.09231,0.2897
9384,5,5.830624e-05,0.11698,0.2835
9385,5,5.827751e-05,0.11603,0.2568
9386,5,5.824882e-05,0.08699,0.2611
9387,5,5.822019e-05,0.14583,0.3119
9388,5,5.819161e-05,0.10904,0.2409
9389,5,5.816307e-05,0.12766,0.2904
9390,5,5.813459e-05,0.16795,0.3189
9391,5,5.810615e-05,0.13081,0.3056
9392,5,5.807776e-05,0.14143,0.4218
9393,5,5.804943e-05,0.13562,0.2696
9394,5,5.802114e-05,0.12106,0.2457
9395,5,5.799290e-05,0.11983,0.2890
9396,5,5.796471e-05,0.14063,0.3104
9397,5,5.793657e-05,0.06247,0.1993
9398,5,5.790848e-05,0.09586,0.3070
9399,5,5.788044e-05,0.09251,0.2505
9400,5,5.785245e-05,0.08514,0.2280
9401,5,5.782451e-05,0.10495,0.2988
9402,5,5.779661e-05,0.10036,0.2193
9403,5,5.776877e-05,0.11477,0.2825
9404,5,5.774098e-05,0.09106,0.2365
9405,5,5.771323e-05,0.12660,0.3324
9406,5,5.768554e-05,0.06918,0.1988
9407,5,5.765789e-05,0.09503,0.2934
9408,5,5.763029e-05,0.12682,0.3097
9409,5,5.760275e-05,0.07518,0.2268
9410,5,5.757525e-05,0.06603,0.1840
9411,5,5.754780e-05,0.10044,0.2409
9412,5,5.752040e-05,0.10248,0.2278
9413,5,5.749305e-05,0.10989,0.2386
9414,5,5.746575e-05,0.11584,0.2945
9415,5,5.743850e-05,0.04963,0.1347
9416,5,5.741130e-05,0.08946,0.2294
9417,5,5.738415e-05,0.09658,0.2269
9418,5,5.735705e-05,0.09751,0.2856
9419,5,5.732999e-05,0.11822,0.2633
9420,5,5.730299e-05,0.10778,0.2879
9421,5,5.727604e-05,0.10652,0.2353
9422,5,5.724913e-05,0.16333,0.3340
9423,5,5.722228e-05,0.13066,0.3019
9424,5,5.719547e-05,0.09866,0.2277
9425,5,5.716872e-05,0.11076,0.1969
9426,5,5.714201e-05,0.10785,0.2754
9427,5,5.711535e-05,0.12214,0.2881
9428,5,5.708875e-05,0.10472,0.3098
9429,5,5.706219e-05,0.12870,0.3762
9430,5,5.703568e-05,0.05351,0.2045
9431,5,5.700922e-05,0.11779,0.2434
9432,5,5.698281e-05,0.14113,0.2956
9433,5,5.695645e-05,0.10884,0.2824
9434,5,5.693014e-05,0.08680,0.2511
9435,5,5.690388e-05,0.10725,0.2313
9436,5,5.687767e-05,0.13212,0.2379
9437,5,5.685150e-05,0.11317,0.2583
9438,5,5.682539e-05,0.13738,0.3250
9439,5,5.679933e-05,0.15746,0.3350
9440,5,5.677331e-05,0.10491,0.2237
9441,5,5.674735e-05,0.15074,0.3786
9442,5,5.672143e-05,0.10276,0.2287
9443,5,5.669557e-05,0.08961,0.2455
9444,5,5.666975e-05,0.11843,0.2787
9445,5,5.664399e-05,0.12569,0.2792
9446,5,5.661827e-05,0.11744,0.2955
9447,5,5.659260e-05,0.08364,0.2289
9448,5,5.656698e-05,0.14336,0.3016
9449,5,5.654142e-05,0.05803,0.1768
9450,5,5.651590e-05,0.06684,0.2218
9451,5,5.649043e-05,0.10774,0.2449
9452,5,5.646501e-05,0.10253,0.2863
9453,5,5.643964e-05,0.18552,0.3254
9454,5,5.641432e-05,0.08234,0.2216
9455,5,5.638905e-05,0.07705,0.2503
9456,5,5.636383e-05,0.10491,0.3433
9457,5,5.633865e-05,0.13714,0.2680
9458,5,5.631353e-05,0.06235,0.2022
9459,5,5.628846e-05,0.08712,0.2415
9460,5,5.626343e-05,0.10393,0.2743
9461,5,5.623846e-05,0.08302,0.2455
9462,5,5.621354e-05,0.11063,0.2705
9463,5,5.618866e-05,0.13357,0.3128
9464,5,5.616384e-05,0.09938,0.2363
9465,5,5.613906e-05,0.16679,0.3126
9466,5,5.611434e-05,0.10404,0.2390
9467,5,5.608966e-05,0.09424,0.2553
9468,5,5.606503e-05,0.12536,0.2715
9469,5,5.604046e-05,0.07823,0.2065
9470,5,5.601593e-05,0.10770,0.2648
9471,5,5.599145e-05,0.09572,0.3282
9472,5,5.596702e-05,0.06712,0.2097
9473,5,5.594264e-05,0.10479,0.2638
9474,5,5.591831e-05,0.15679,0.3291
9475,5,5.589403e-05,0.12461,0.2305
9476,5,5.586980e-05,0.08239,0.1998
9477,5,5.584562e-05,0.09299,0.2134
9478,5,5.582149e-05,0.08000,0.2400
9479,5,5.579741e-05,0.10355,0.2141
9480,5,5.577338e-05,0.17469,0.3497
9481,5,5.574940e-05,0.10325,0.2767
9482,5,5.572546e-05,0.15969,0.3747
9483,5,5.570158e-05,0.12261,0.2602
9484,5,5.567775e-05,0.12781,0.2805
9485,5,5.565396e-05,0.12267,0.3594
9486,5,5.563023e-05,0.14866,0.3319
9487,5,5.560655e-05,0.08565,0.2527
9488,5,5.558291e-05,0.08538,0.2569
9489,5,5.555933e-05,0.12178,0.2872
9490,5,5.553579e-05,0.16326,0.3098
9491,5,5.551230e-05,0.11484,0.3265
9492,5,5.548887e-05,0.14578,0.2833
9493,5,5.546548e-05,0.16934,0.3574
9494,5,5.544214e-05,0.08113,0.2615
9495,5,5.541886e-05,0.13144,0.2708
9496,5,5.539562e-05,0.10940,0.2639
9497,5,5.537243e-05,0.13197,0.3382
9498,5,5.534929e-05,0.12517,0.2638
9499,5,5.532620e-05,0.07329,0.2155
9500,5,5.530317e-05,0.11555,0.2656
9501,5,5.528018e-05,0.07882,0.2189
9502,5,5.525724e-05,0.11612,0.3210
9503,5,5.523435e-05,0.11870,0.2469
9504,5,5.521151e-05,0.13135,0.2842
9505,5,5.518872e-05,0.09026,0.2726
9506,5,5.516597e-05,0.10399,0.2705
9507,5,5.514328e-05,0.12084,0.2594
9508,5,5.512064e-05,0.11846,0.2513
9509,5,5.509805e-05,0.14275,0.3264
9510,5,5.507551e-05,0.10625,0.2040
9511,5,5.505301e-05,0.14361,0.2775
9512,5,5.503057e-05,0.05952,0.1845
9513,5,5.500818e-05,0.13217,0.2888
9514,5,5.498583e-05,0.09109,0.2287
9515,5,5.496354e-05,0.12299,0.2813
9516,5,5.494130e-05,0.10355,0.2520
9517,5,5.491910e-05,0.15324,0.3205
9518,5,5.489696e-05,0.07323,0.2085
9519,5,5.487486e-05,0.08335,0.2402
9520,5,5.485282e-05,0.13962,0.2556
9521,5,5.483082e-05,0.11984,0.2669
9522,5,5.480887e-05,0.12507,0.2575
9523,5,5.478698e-05,0.11336,0.2616
9524,5,5.476513e-05,0.08359,0.2633
9525,5,5.474333e-05,0.14277,0.3544
9526,5,5.472159e-05,0.12380,0.2753
9527,5,5.469989e-05,0.12982,0.3482
9528,5,5.467824e-05,0.12190,0.2712
9529,5,5.465664e-05,0.09494,0.2251
9530,5,5.463509e-05,0.12524,0.3631
9531,5,5.461360e-05,0.11101,0.2684
9532,5,5.459215e-05,0.10984,0.2768
9533,5,5.457075e-05,0.11501,0.3233
9534,5,5.454940e-05,0.07399,0.2147
9535,5,5.452810e-05,0.09808,0.2250
9536,5,5.450685e-05,0.09729,0.2684
9537,5,5.448565e-05,0.13254,0.2799
9538,5,5.446450e-05,0.09900,0.2448
9539,5,5.444340e-05,0.13349,0.3272
9540,5,5.442235e-05,0.14959,0.3320
9541,5,5.440135e-05,0.09958,0.2670
9542,5,5.438039e-05,0.08731,0.2782
9543,5,5.435949e-05,0.13209,0.2891
9544,5,5.433864e-05,0.09418,0.2595
9545,5,5.431784e-05,0.10877,0.3094
9546,5,5.429709e-05,0.14293,0.3225
9547,5,5.427638e-05,0.06065,0.1898
9548,5,5.425573e-05,0.09137,0.2392
9549,5,5.423513e-05,0.13708,0.2812
9550,5,5.421457e-05,0.11850,0.2372
9551,5,5.419407e-05,0.11550,0.2593
9552,5,5.417362e-05,0.10484,0.2985
9553,5,5.415321e-05,0.14859,0.3294
9554,5,5.413286e-05,0.10393,0.3271
9555,5,5.411255e-05,0.08841,0.3004
9556,5,5.409230e-05,0.16479,0.3184
9557,5,5.407209e-05,0.10777,0.3308
9558,5,5.405194e-05,0.13968,0.2466
9559,5,5.403183e-05,0.11570,0.2705
9560,5,5.401178e-05,0.10909,0.2611
9561,5,5.399177e-05,0.09387,0.2386
9562,5,5.397182e-05,0.09866,0.2723
9563,5,5.395191e-05,0.13194,0.2954
9564,5,5.393205e-05,0.10082,0.2338
9565,5,5.391225e-05,0.08844,0.2832
9566,5,5.389249e-05,0.08590,0.2461
9567,5,5.387278e-05,0.08124,0.2253
9568,5,5.385313e-05,0.12915,0.2887
9569,5,5.383352e-05,0.15489,0.3073
9570,5,5.381396e-05,0.06872,0.2054
9571,5,5.379446e-05,0.10372,0.2352
9572,5,5.377500e-05,0.17579,0.3692
9573,5,5.375559e-05,0.04850,0.1899
9574,5,5.373623e-05,0.09398,0.2764
9575,5,5.371692e-05,0.10734,0.2616
9576,5,5.369766e-05,0.13953,0.2953
9577,5,5.367846e-05,0.11244,0.2970
9578,5,5.365930e-05,0.11239,0.2901
9579,5,5.364019e-05,0.05530,0.1846
9580,5,5.362113e-05,0.08984,0.2593
9581,5,5.360212e-05,0.07696,0.2839
9582,5,5.358316e-05,0.08342,0.2399
9583,5,5.356425e-05,0.14930,0.2954
9584,5,5.354539e-05,0.12398,0.2882
9585,5,5.352658e-05,0.12198,0.2819
9586,5,5.350782e-05,0.12393,0.2454
9587,5,5.348911e-05,0.08722,0.2753
9588,5,5.347045e-05,0.11560,0.2398
9589,5,5.345184e-05,0.09925,0.1994
9590,5,5.343328e-05,0.09180,0.2438
9591,5,5.341477e-05,0.10971,0.2935
9592,5,5.339631e-05,0.07738,0.2290
9593,5,5.337789e-05,0.09017,0.2671
9594,5,5.335953e-05,0.10992,0.2679
9595,5,5.334122e-05,0.09228,0.2319
9596,5,5.332296e-05,0.09850,0.2387
9597,5,5.330475e-05,0.11092,0.2629
9598,5,5.328659e-05,0.13027,0.3392
9599,5,5.326847e-05,0.10579,0.2755
9600,5,5.325041e-05,0.10132,0.2313
9601,5,5.323240e-05,0.10731,0.2093
9602,5,5.321444e-05,0.08416,0.2420
9603,5,5.319652e-05,0.11734,0.2838
9604,5,5.317866e-05,0.11665,0.2545
9605,5,5.316085e-05,0.10672,0.3061
9606,5,5.314309e-05,0.11540,0.2809
9607,5,5.312537e-05,0.12718,0.2909
9608,5,5.310771e-05,0.08241,0.2101
9609,5,5.309010e-05,0.11283,0.3359
9610,5,5.307253e-05,0.06390,0.2142
9611,5,5.305502e-05,0.14896,0.2651
9612,5,5.303756e-05,0.10575,0.2951
9613,5,5.302014e-05,0.16339,0.3231
9614,5,5.300278e-05,0.12146,0.2787
9615,5,5.298547e-05,0.10607,0.3169
9616,5,5.296820e-05,0.08339,0.2264
9617,5,5.295099e-05,0.06964,0.2075
9618,5,5.293382e-05,0.10337,0.2341
9619,5,5.291671e-05,0.16710,0.3452
9620,5,5.289964e-05,0.13444,0.3134
9621,5,5.288263e-05,0.13839,0.2640
9622,5,5.286567e-05,0.11821,0.2603
9623,5,5.284875e-05,0.10680,0.2811
9624,5,5.283189e-05,0.09547,0.2508
9625,5,5.281507e-05,0.12368,0.2664
9626,5,5.279831e-05,0.09636,0.2361
9627,5,5.278159e-05,0.11496,0.2592
9628,5,5.276493e-05,0.13531,0.3071
9629,5,5.274831e-05,0.14973,0.3327
9630,5,5.273175e-05,0.06611,0.1769
9631,5,5.271523e-05,0.12583,0.3106
9632,5,5.269877e-05,0.12627,0.2802
9633,5,5.268235e-05,0.16249,0.3555
9634,5,5.266599e-05,0.14733,0.2917
9635,5,5.264967e-05,0.14679,0.2997
9636,5,5.263340e-05,0.08698,0.2087
9637,5,5.261719e-05,0.09236,0.2619
9638,5,5.260102e-05,0.12561,0.2884
9639,5,5.258491e-05,0.08707,0.2304
9640,5,5.256884e-05,0.12375,0.2747
9641,5,5.255283e-05,0.10059,0.2692
9642,5,5.253686e-05,0.10535,0.2583
9643,5,5.252094e-05,0.13514,0.2993
9644,5,5.250508e-05,0.10544,0.2712
9645,5,5.248926e-05,0.11765,0.2666
9646,5,5.247350e-05,0.10685,0.2719
9647,5,5.245778e-05,0.14373,0.2809
9648,5,5.244211e-05,0.10189,0.2915
9649,5,5.242650e-05,0.08610,0.2842
9650,5,5.241093e-05,0.12108,0.2631
9651,5,5.239542e-05,0.08225,0.2449
9652,5,5.237995e-05,0.08254,0.2417
9653,5,5.236453e-05,0.09024,0.2379
9654,5,5.234917e-05,0.12016,0.2478
9655,5,5.233385e-05,0.12106,0.2528
9656,5,5.231858e-05,0.12419,0.2615
9657,5,5.230337e-05,0.11561,0.2600
9658,5,5.228820e-05,0.09570,0.2463
9659,5,5.227308e-05,0.09472,0.2572
9660,5,5.225802e-05,0.08158,0.2700
9661,5,5.224300e-05,0.11666,0.2809
9662,5,5.222804e-05,0.15604,0.3064
9663,5,5.221312e-05,0.08621,0.2325
9664,5,5.219825e-05,0.13040,0.2839
9665,5,5.218344e-05,0.10164,0.2386
9666,5,5.216867e-05,0.08006,0.2726
9667,5,5.215395e-05,0.09414,0.2516
9668,5,5.213929e-05,0.07681,0.2540
9669,5,5.212467e-05,0.11568,0.2773
9670,5,5.211010e-05,0.14187,0.3135
9671,5,5.209559e-05,0.07271,0.1977
9672,5,5.208112e-05,0.10732,0.2422
9673,5,5.206670e-05,0.14565,0.3107
9674,5,5.205234e-05,0.13174,0.2596
9675,5,5.203802e-05,0.12331,0.2734
9676,5,5.202375e-05,0.08494,0.2549
9677,5,5.200954e-05,0.08150,0.2973
9678,5,5.199537e-05,0.11482,0.2444
9679,5,5.198125e-05,0.10570,0.2574
9680,5,5.196719e-05,0.09197,0.2926
9681,5,5.195317e-05,0.09681,0.2238
9682,5,5.193920e-05,0.10517,0.2844
9683,5,5.192529e-05,0.09020,0.2523
9684,5,5.191142e-05,0.10637,0.2388
9685,5,5.189760e-05,0.11364,0.2809
9686,5,5.188384e-05,0.12207,0.2762
9687,5,5.187012e-05,0.12989,0.2972
9688,5,5.185645e-05,0.17496,0.3911
9689,5,5.184284e-05,0.09509,0.2658
9690,5,5.182927e-05,0.08564,0.2576
9691,5,5.181575e-05,0.11268,0.2525
9692,5,5.180229e-05,0.09667,0.2338
9693,5,5.178887e-05,0.07771,0.2096
9694,5,5.177550e-05,0.07527,0.2405
9695,5,5.176219e-05,0.10887,0.2525
9696,5,5.174892e-05,0.10969,0.2734
9697,5,5.173571e-05,0.16215,0.3408
9698,5,5.172254e-05,0.18091,0.3371
9699,5,5.170942e-05,0.11505,0.3065
9700,5,5.169636e-05,0.08990,0.2322
9701,5,5.168334e-05,0.06587,0.2325
9702,5,5.167038e-05,0.15290,0.3076
9703,5,5.165746e-05,0.12905,0.2968
9704,5,5.164459e-05,0.08803,0.2577
9705,5,5.163178e-05,0.11500,0.2772
9706,5,5.161901e-05,0.08769,0.2459
9707,5,5.160630e-05,0.13313,0.3059
9708,5,5.159363e-05,0.13024,0.2742
9709,5,5.158101e-05,0.09258,0.2396
9710,5,5.156845e-05,0.11951,0.2342
9711,5,5.155593e-05,0.10704,0.2747
9712,5,5.154347e-05,0.10204,0.2258
9713,5,5.153105e-05,0.12787,0.2315
9714,5,5.151869e-05,0.06510,0.2005
9715,5,5.150637e-05,0.12023,0.2890
9716,5,5.149411e-05,0.09417,0.2433
9717,5,5.148189e-05,0.11571,0.2739
9718,5,5.146972e-05,0.10689,0.2825
9719,5,5.145761e-05,0.17549,0.3685
9720,5,5.144554e-05,0.11284,0.2445
9721,5,5.143353e-05,0.14296,0.3191
9722,5,5.142156e-05,0.05776,0.1935
9723,5,5.140965e-05,0.08702,0.2121
9724,5,5.139778e-05,0.10545,0.2820
9725,5,5.138597e-05,0.09235,0.2134
9726,5,5.137420e-05,0.16278,0.3647
9727,5,5.136249e-05,0.14454,0.2754
9728,5,5.135083e-05,0.13549,0.3047
9729,5,5.133921e-05,0.08382,0.2307
9730,5,5.132765e-05,0.09584,0.2676
9731,5,5.131613e-05,0.16324,0.2985
9732,5,5.130467e-05,0.17656,0.3199
9733,5,5.129325e-05,0.09858,0.2687
9734,5,5.128189e-05,0.09010,0.2369
9735,5,5.127058e-05,0.07959,0.2367
9736,5,5.125931e-05,0.10233,0.2340
9737,5,5.124810e-05,0.10761,0.2286
9738,5,5.123693e-05,0.09742,0.2588
9739,5,5.122582e-05,0.14925,0.2851
9740,5,5.121476e-05,0.13097,0.3553
9741,5,5.120374e-05,0.13372,0.2851
9742,5,5.119278e-05,0.04862,0.1768
9743,5,5.118187e-05,0.12170,0.2941
9744,5,5.117100e-05,0.11346,0.2357
9745,5,5.116019e-05,0.10935,0.2469
9746,5,5.114943e-05,0.11784,0.3720
9747,5,5.113871e-05,0.09113,0.2322
9748,5,5.112805e-05,0.15027,0.2875
9749,5,5.111744e-05,0.08309,0.1877
9750,5,5.110688e-05,0.11796,0.2592
9751,5,5.109636e-05,0.17226,0.3496
9752,5,5.108590e-05,0.10934,0.3439
9753,5,5.107549e-05,0.07697,0.1976
9754,5,5.106513e-05,0.07757,0.2077
9755,5,5.105481e-05,0.10221,0.3168
9756,5,5.104455e-05,0.07619,0.2528
9757,5,5.103434e-05,0.08471,0.2162
9758,5,5.102418e-05,0.11496,0.3050
9759,5,5.101407e-05,0.13400,0.3292
9760,5,5.100401e-05,0.10265,0.2677
9761,5,5.099399e-05,0.07566,0.2189
9762,5,5.098403e-05,0.09141,0.2513
9763,5,5.097412e-05,0.10512,0.2476
9764,5,5.096426e-05,0.14493,0.3024
9765,5,5.095445e-05,0.13908,0.2924
9766,5,5.094469e-05,0.08707,0.2330
9767,5,5.093498e-05,0.12457,0.2524
9768,5,5.092532e-05,0.10906,0.2487
9769,5,5.091571e-05,0.11545,0.2558
9770,5,5.090615e-05,0.13805,0.3754
9771,5,5.089664e-05,0.10008,0.2579
9772,5,5.088718e-05,0.09887,0.3194
9773,5,5.087777e-05,0.09705,0.2365
9774,5,5.086841e-05,0.11561,0.3220
9775,5,5.085910e-05,0.09521,0.2355
9776,5,5.084984e-05,0.09421,0.2271
9777,5,5.084063e-05,0.12018,0.3026
9778,5,5.083147e-05,0.07291,0.2533
9779,5,5.082236e-05,0.07199,0.2060
9780,5,5.081330e-05,0.08527,0.2447
9781,5,5.080429e-05,0.10606,0.2399
9782,5,5.079533e-05,0.09799,0.2816
9783,5,5.078642e-05,0.16589,0.3391
9784,5,5.077756e-05,0.14467,0.3177
9785,5,5.076876e-05,0.15891,0.3933
9786,5,5.076000e-05,0.09361,0.2565
9787,5,5.075129e-05,0.11108,0.3505
9788,5,5.074263e-05,0.14904,0.3267
9789,5,5.073402e-05,0.14068,0.3355
9790,5,5.072547e-05,0.11267,0.3110
9791,5,5.071696e-05,0.10632,0.2628
9792,5,5.070850e-05,0.12735,0.3120
9793,5,5.070009e-05,0.14977,0.3130
9794,5,5.069174e-05,0.10440,0.2805
9795,5,5.068343e-05,0.12152,0.3014
9796,5,5.067517e-05,0.09289,0.2834
9797,5,5.066696e-05,0.10191,0.2892
9798,5,5.065881e-05,0.13779,0.2672
9799,5,5.065070e-05,0.10207,0.2921
9800,5,5.064265e-05,0.11964,0.2501
9801,5,5.063464e-05,0.07713,0.2530
9802,5,5.062668e-05,0.09306,0.2384
9803,5,5.061878e-05,0.12505,0.2828
9804,5,5.061092e-05,0.11067,0.2818
9805,5,5.060312e-05,0.10323,0.2433
9806,5,5.059536e-05,0.08231,0.2432
9807,5,5.058766e-05,0.10801,0.2319
9808,5,5.058000e-05,0.11105,0.3114
9809,5,5.057240e-05,0.09939,0.2744
9810,5,5.056484e-05,0.08476,0.2377
9811,5,5.055734e-05,0.12694,0.2516
9812,5,5.054988e-05,0.10534,0.2586
9813,5,5.054248e-05,0.09810,0.2504
9814,5,5.053512e-05,0.13199,0.2972
9815,5,5.052782e-05,0.12474,0.2603
9816,5,5.052056e-05,0.07156,0.2139
9817,5,5.051336e-05,0.07568,0.1893
9818,5,5.050621e-05,0.10323,0.2122
9819,5,5.049910e-05,0.08548,0.2419
9820,5,5.049205e-05,0.10590,0.2679
9821,5,5.048505e-05,0.12540,0.3133
9822,5,5.047810e-05,0.12877,0.2496
9823,5,5.047119e-05,0.14654,0.2783
9824,5,5.046434e-05,0.09019,0.2540
9825,5,5.045754e-05,0.07460,0.2638
9826,5,5.045079e-05,0.10383,0.2360
9827,5,5.044408e-05,0.12164,0.2356
9828,5,5.043743e-05,0.07078,0.1915
9829,5,5.043083e-05,0.09920,0.2208
9830,5,5.042428e-05,0.11136,0.1926
9831,5,5.041778e-05,0.08985,0.3058
9832,5,5.041133e-05,0.10409,0.2386
9833,5,5.040493e-05,0.09981,0.2660
9834,5,5.039857e-05,0.10787,0.2209
9835,5,5.039227e-05,0.12452,0.3406
9836,5,5.038602e-05,0.10821,0.2995
9837,5,5.037982e-05,0.10549,0.3359
9838,5,5.037367e-05,0.11270,0.3381
9839,5,5.036757e-05,0.12648,0.2707
9840,5,5.036152e-05,0.11161,0.3000
9841,5,5.035552e-05,0.13206,0.3159
9842,5,5.034957e-05,0.16016,0.3601
9843,5,5.034368e-05,0.15237,0.3407
9844,5,5.033783e-05,0.11250,0.2453
9845,5,5.033203e-05,0.09778,0.2434
9846,5,5.032628e-05,0.14336,0.2970
9847,5,5.032058e-05,0.09101,0.2355
9848,5,5.031493e-05,0.07995,0.2144
9849,5,5.030933e-05,0.07587,0.2314
9850,5,5.030379e-05,0.09213,0.2795
9851,5,5.029829e-05,0.10836,0.2888
9852,5,5.029284e-05,0.06040,0.1829
9853,5,5.028744e-05,0.06638,0.2082
9854,5,5.028210e-05,0.12681,0.2691
9855,5,5.027680e-05,0.12129,0.2737
9856,5,5.027155e-05,0.10042,0.2449
9857,5,5.026636e-05,0.11521,0.2771
9858,5,5.026121e-05,0.14298,0.2623
9859,5,5.025611e-05,0.10405,0.2616
9860,5,5.025107e-05,0.12261,0.3080
9861,5,5.024607e-05,0.11386,0.2701
9862,5,5.024113e-05,0.08573,0.2913
9863,5,5.023623e-05,0.12263,0.3004
9864,5,5.023139e-05,0.12275,0.2996
9865,5,5.022659e-05,0.06657,0.1963
9866,5,5.022185e-05,0.08233,0.2352
9867,5,5.021715e-05,0.12925,0.2587
9868,5,5.021251e-05,0.08119,0.2360
9869,5,5.020791e-05,0.14355,0.2780
9870,5,5.020337e-05,0.09924,0.2775
9871,5,5.019887e-05,0.13337,0.3049
9872,5,5.019443e-05,0.10910,0.2630
9873,5,5.019004e-05,0.18062,0.3905
9874,5,5.018569e-05,0.10403,0.2540
9875,5,5.018140e-05,0.11392,0.3184
9876,5,5.017716e-05,0.15477,0.2765
9877,5,5.017297e-05,0.13518,0.2725
9878,5,5.016882e-05,0.08226,0.2303
9879,5,5.016473e-05,0.14752,0.2994
9880,5,5.016069e-05,0.13112,0.3054
9881,5,5.015670e-05,0.12011,0.2872
9882,5,5.015275e-05,0.11478,0.2538
9883,5,5.014886e-05,0.11605,0.2514
9884,5,5.014502e-05,0.15516,0.3146
9885,5,5.014123e-05,0.12385,0.3191
9886,5,5.013749e-05,0.12404,0.2679
9887,5,5.013380e-05,0.09297,0.2295
9888,5,5.013016e-05,0.09519,0.2511
9889,5,5.012657e-05,0.10432,0.3056
9890,5,5.012303e-05,0.08417,0.2339
9891,5,5.011954e-05,0.15985,0.2682
9892,5,5.011610e-05,0.10907,0.2672
9893,5,5.011271e-05,0.10367,0.2210
9894,5,5.010937e-05,0.15006,0.3119
9895,5,5.010608e-05,0.10827,0.2460
9896,5,5.010284e-05,0.05187,0.1732
9897,5,5.009965e-05,0.10864,0.2798
9898,5,5.009652e-05,0.06803,0.2033
9899,5,5.009343e-05,0.10118,0.2213
9900,5,5.009039e-05,0.15645,0.3495
9901,5,5.008740e-05,0.11887,0.2682
9902,5,5.008446e-05,0.09622,0.2237
9903,5,5.008158e-05,0.07459,0.2045
9904,5,5.007874e-05,0.12062,0.2456
9905,5,5.007595e-05,0.11179,0.2807
9906,5,5.007322e-05,0.09795,0.3068
9907,5,5.007053e-05,0.07903,0.2103
9908,5,5.006789e-05,0.09970,0.2410
9909,5,5.006531e-05,0.09077,0.2649
9910,5,5.006277e-05,0.08737,0.3014
9911,5,5.006029e-05,0.09952,0.2474
9912,5,5.005785e-05,0.11387,0.3130
9913,5,5.005546e-05,0.07448,0.2016
9914,5,5.005313e-05,0.08155,0.2701
9915,5,5.005084e-05,0.07067,0.1906
9916,5,5.004861e-05,0.10178,0.3281
9917,5,5.004643e-05,0.13955,0.2858
9918,5,5.004429e-05,0.11293,0.3491
9919,5,5.004221e-05,0.12623,0.2999
9920,5,5.004017e-05,0.10751,0.3620
9921,5,5.003819e-05,0.10629,0.2614
9922,5,5.003626e-05,0.11545,0.2616
9923,5,5.003437e-05,0.11649,0.2156
9924,5,5.003254e-05,0.10986,0.2700
9925,5,5.003076e-05,0.14339,0.2867
9926,5,5.002903e-05,0.15666,0.2723
9927,5,5.002734e-05,0.09940,0.2578
9928,5,5.002571e-05,0.13118,0.3019
9929,5,5.002413e-05,0.13293,0.3050
9930,5,5.002260e-05,0.09437,0.2307
9931,5,5.002112e-05,0.15099,0.2765
9932,5,5.001969e-05,0.14827,0.2896
9933,5,5.001830e-05,0.09098,0.2769
9934,5,5.001697e-05,0.11265,0.2192
9935,5,5.001569e-05,0.07927,0.2480
9936,5,5.001446e-05,0.11346,0.2706
9937,5,5.001328e-05,0.14377,0.3380
9938,5,5.001215e-05,0.14682,0.3212
9939,5,5.001107e-05,0.13762,0.3052
9940,5,5.001004e-05,0.09212,0.2504
9941,5,5.000906e-05,0.08087,0.2404
9942,5,5.000814e-05,0.10284,0.2614
9943,5,5.000726e-05,0.11117,0.2704
9944,5,5.000643e-05,0.13483,0.2879
9945,5,5.000565e-05,0.09477,0.3117
9946,5,5.000492e-05,0.11284,0.2624
9947,5,5.000424e-05,0.11282,0.2531
9948,5,5.000362e-05,0.10373,0.2623
9949,5,5.000304e-05,0.12507,0.2823
9950,5,5.000251e-05,0.09914,0.3095
9951,5,5.000203e-05,0.06789,0.1822
9952,5,5.000161e-05,0.08376,0.2698
9953,5,5.000123e-05,0.08169,0.2208
9954,5,5.000090e-05,0.10931,0.2631
9955,5,5.000063e-05,0.13397,0.2751
9956,5,5.000040e-05,0.10717,0.3454
9957,5,5.000023e-05,0.07564,0.2030
9958,5,5.000010e-05,0.12833,0.3223
9959,5,5.000003e-05,0.10147,0.3159
