step,epoch,lr,loss,grad_norm
0,1,3.355705e-06,0.78461,3.2734
1,1,6.711409e-06,0.76399,1.1305
2,1,1.006711e-05,0.77107,1.1291
3,1,1.342282e-05,0.75336,1.4784
4,1,1.677852e-05,0.77538,1.8933
5,1,2.013423e-05,0.74319,1.0154
6,1,2.348993e-05,0.73742,1.5091
7,1,2.684564e-05,0.72007,1.0441
8,1,3.020134e-05,0.77619,1.2359
9,1,3.355705e-05,0.74805,1.1429
10,1,3.691275e-05,0.75304,1.3857
11,1,4.026846e-05,0.75195,1.0997
12,1,4.362416e-05,0.77763,1.2937
13,1,4.697987e-05,0.73216,1.2893
14,1,5.033557e-05,0.71679,1.0667
15,1,5.369128e-05,0.71969,1.2944
16,1,5.704698e-05,0.78247,1.7824
17,1,6.040268e-05,0.74180,1.3394
18,1,6.375839e-05,0.73302,1.8242
19,1,6.711409e-05,0.75240,1.1136
20,1,7.046980e-05,0.72296,1.2752
21,1,7.382550e-05,0.69690,1.5133
22,1,7.718121e-05,0.76387,1.2670
23,1,8.053691e-05,0.72433,1.3576
24,1,8.389262e-05,0.72571,1.1638
25,1,8.724832e-05,0.79081,1.2396
26,1,9.060403e-05,0.74616,1.1583
27,1,9.395973e-05,0.74923,1.0344
28,1,9.731544e-05,0.72841,1.3676
29,1,1.006711e-04,0.75620,2.3882
30,1,1.040268e-04,0.72500,1.1199
31,1,1.073826e-04,0.73110,1.4848
32,1,1.107383e-04,0.72372,1.3824
33,1,1.140940e-04,0.75087,1.1963
34,1,1.174497e-04,0.72438,1.1637
35,1,1.208054e-04,0.72214,1.2395
36,1,1.241611e-04,0.73040,1.0478
37,1,1.275168e-04,0.76563,2.0772
38,1,1.308725e-04,0.69995,1.1882
39,1,1.342282e-04,0.69174,1.0987
40,1,1.375839e-04,0.71134,1.5130
41,1,1.409396e-04,0.72691,1.3336
42,1,1.442953e-04,0.70544,1.0631
43,1,1.476510e-04,0.69619,1.0618
44,1,1.510067e-04,0.68605,1.1647
45,1,1.543624e-04,0.70530,1.4603
46,1,1.577181e-04,0.73819,2.9421
47,1,1.610738e-04,0.74046,1.7400
48,1,1.644295e-04,0.72046,1.2756
49,1,1.677852e-04,0.65813,1.0476
50,1,1.711409e-04,0.72103,1.1291
51,1,1.744966e-04,0.66176,1.0586
52,1,1.778523e-04,0.68005,1.0250
53,1,1.812081e-04,0.67506,1.0210
54,1,1.845638e-04,0.69949,1.0958
55,1,1.879195e-04,0.67355,1.0670
56,1,1.912752e-04,0.70973,1.2795
57,1,1.946309e-04,0.65184,1.1485
58,1,1.979866e-04,0.66546,1.1010
59,1,2.013423e-04,0.70526,1.2101
60,1,2.046980e-04,0.69340,1.0479
61,1,2.080537e-04,0.69436,1.7497
62,1,2.114094e-04,0.71112,1.6703
63,1,2.147651e-04,0.73013,1.3764
64,1,2.181208e-04,0.67494,1.2258
65,1,2.214765e-04,0.66832,1.1109
66,1,2.248322e-04,0.66655,1.2217
67,1,2.281879e-04,0.67550,1.4732
68,1,2.315436e-04,0.69144,0.9791
69,1,2.348993e-04,0.69753,1.0524
70,1,2.382550e-04,0.59504,0.9229
71,1,2.416107e-04,0.64746,1.4377
72,1,2.449664e-04,0.66962,1.1714
73,1,2.483221e-04,0.67120,1.9365
74,1,2.516779e-04,0.61447,1.9858
75,1,2.550336e-04,0.65657,1.4934
76,1,2.583893e-04,0.65491,1.0770
77,1,2.617450e-04,0.64867,1.0018
78,1,2.651007e-04,0.63249,1.0234
79,1,2.684564e-04,0.65294,1.1349
80,1,2.718121e-04,0.65333,1.1710
81,1,2.751678e-04,0.63748,1.6456
82,1,2.785235e-04,0.67437,1.0718
83,1,2.818792e-04,0.62737,1.4333
84,1,2.852349e-04,0.62339,0.9923
85,1,2.885906e-04,0.65086,2.0811
86,1,2.919463e-04,0.63768,0.9832
87,1,2.953020e-04,0.65371,0.9756
88,1,2.986577e-04,0.65774,1.3656
89,1,3.020134e-04,0.62414,1.5617
90,1,3.053691e-04,0.63545,1.4009
91,1,3.087248e-04,0.63946,0.9752
92,1,3.120805e-04,0.62473,1.0506
93,1,3.154362e-04,0.61822,1.0112
94,1,3.187919e-04,0.58486,1.0093
95,1,3.221477e-04,0.63745,1.1529
96,1,3.255034e-04,0.60996,1.0908
97,1,3.288591e-04,0.58727,0.9942
98,1,3.322148e-04,0.57222,1.1083
99,1,3.355705e-04,0.60540,1.0162
100,1,3.389262e-04,0.65046,1.6617
101,1,3.422819e-04,0.58731,1.1932
102,1,3.456376e-04,0.61101,0.9872
103,1,3.489933e-04,0.58034,0.9235
104,1,3.523490e-04,0.57549,1.0716
105,1,3.557047e-04,0.58648,1.3221
106,1,3.590604e-04,0.60314,1.3775
107,1,3.624161e-04,0.60194,1.6723
108,1,3.657718e-04,0.57772,0.9746
109,1,3.691275e-04,0.55690,0.9227
110,1,3.724832e-04,0.61071,1.0957
111,1,3.758389e-04,0.55889,0.9135
112,1,3.791946e-04,0.54673,0.9477
113,1,3.825503e-04,0.57166,0.9570
114,1,3.859060e-04,0.55791,0.9363
115,1,3.892617e-04,0.58771,1.5530
116,1,3.926174e-04,0.56646,0.9358
117,1,3.959732e-04,0.63361,0.9720
118,1,3.993289e-04,0.53957,1.1306
119,1,4.026846e-04,0.56375,0.9502
120,1,4.060403e-04,0.55157,1.6825
121,1,4.093960e-04,0.54549,1.1902
122,1,4.127517e-04,0.58124,1.3018
123,1,4.161074e-04,0.56025,1.3612
124,1,4.194631e-04,0.55457,1.3792
125,1,4.228188e-04,0.58093,0.9968
126,1,4.261745e-04,0.55055,1.0303
127,1,4.295302e-04,0.50885,0.9847
128,1,4.328859e-04,0.60632,1.0652
129,1,4.362416e-04,0.50145,0.9309
130,1,4.395973e-04,0.56794,0.9656
131,1,4.429530e-04,0.57687,1.4020
132,1,4.463087e-04,0.54246,1.1804
133,1,4.496644e-04,0.54763,0.9262
134,1,4.530201e-04,0.55532,1.3500
135,1,4.563758e-04,0.58495,1.7492
136,1,4.597315e-04,0.58817,1.4498
137,1,4.630872e-04,0.48756,0.8410
138,1,4.664430e-04,0.51378,1.0128
139,1,4.697987e-04,0.49933,1.7979
140,1,4.731544e-04,0.46458,2.3692
141,1,4.765101e-04,0.51664,0.9881
142,1,4.798658e-04,0.53562,1.3362
143,1,4.832215e-04,0.49249,1.8277
144,1,4.865772e-04,0.46809,1.1566
145,1,4.899329e-04,0.52714,1.7435
146,1,4.932886e-04,0.54662,1.0211
147,1,4.966443e-04,0.49056,1.0728
148,1,5.000000e-04,0.48502,1.3154
149,1,5.033557e-04,0.51045,0.9807
150,1,5.067114e-04,0.50124,0.9036
151,1,5.100671e-04,0.50931,1.4191
152,1,5.134228e-04,0.49363,0.9077
153,1,5.167785e-04,0.49930,0.9051
154,1,5.201342e-04,0.45103,0.9733
155,1,5.234899e-04,0.54884,1.8375
156,1,5.268456e-04,0.49189,0.9510
157,1,5.302013e-04,0.47029,0.9704
158,1,5.335570e-04,0.56192,1.1314
159,1,5.369128e-04,0.54298,1.0783
160,1,5.402685e-04,0.48049,1.8772
161,1,5.436242e-04,0.47978,0.9522
162,1,5.469799e-04,0.46371,0.8654
163,1,5.503356e-04,0.51574,0.9144
164,1,5.536913e-04,0.49052,1.4194
165,1,5.570470e-04,0.47599,1.2554
166,1,5.604027e-04,0.46034,0.8842
167,1,5.637584e-04,0.51198,2.2767
168,1,5.671141e-04,0.47591,1.7761
169,1,5.704698e-04,0.47732,1.3423
170,1,5.738255e-04,0.50364,0.9299
171,1,5.771812e-04,0.49363,1.2807
172,1,5.805369e-04,0.49701,0.8864
173,1,5.838926e-04,0.46914,0.8616
174,1,5.872483e-04,0.47683,1.0158
175,1,5.906040e-04,0.47189,0.9308
176,1,5.939597e-04,0.51593,1.2137
177,1,5.973154e-04,0.55970,1.4489
178,1,6.006711e-04,0.47888,1.0535
179,1,6.040268e-04,0.44391,1.2172
180,1,6.073826e-04,0.47812,1.4067
181,1,6.107383e-04,0.43427,1.7612
182,1,6.140940e-04,0.40582,0.9286
183,1,6.174497e-04,0.51357,2.3913
184,1,6.208054e-04,0.43735,0.9735
185,1,6.241611e-04,0.50181,1.2205
186,1,6.275168e-04,0.43139,1.0941
187,1,6.308725e-04,0.44233,1.4357
188,1,6.342282e-04,0.40370,1.0810
189,1,6.375839e-04,0.46182,1.3846
190,1,6.409396e-04,0.44123,1.0570
191,1,6.442953e-04,0.41750,0.9563
192,1,6.476510e-04,0.46200,0.9723
193,1,6.510067e-04,0.47581,1.2931
194,1,6.543624e-04,0.36721,1.5347
195,1,6.577181e-04,0.41366,0.8834
196,1,6.610738e-04,0.43886,1.5063
197,1,6.644295e-04,0.42307,0.8283
198,1,6.677852e-04,0.46739,0.9646
199,1,6.711409e-04,0.44685,0.9387
200,1,6.744966e-04,0.49162,2.2166
201,1,6.778523e-04,0.42654,0.8765
202,1,6.812081e-04,0.49017,0.9521
203,1,6.845638e-04,0.41077,0.9439
204,1,6.879195e-04,0.44851,1.0498
205,1,6.912752e-04,0.42158,0.8528
206,1,6.946309e-04,0.40670,0.8368
207,1,6.979866e-04,0.43401,1.4956
208,1,7.013423e-04,0.42617,1.4237
209,1,7.046980e-04,0.43394,1.0750
210,1,7.080537e-04,0.45237,1.4617
211,1,7.114094e-04,0.44560,1.4080
212,1,7.147651e-04,0.40448,0.9330
213,1,7.181208e-04,0.44901,1.8735
214,1,7.214765e-04,0.46407,1.8354
215,1,7.248322e-04,0.39384,1.1042
216,1,7.281879e-04,0.39773,0.9688
217,1,7.315436e-04,0.39259,1.1591
218,1,7.348993e-04,0.39693,1.0828
219,1,7.382550e-04,0.41719,1.9017
220,1,7.416107e-04,0.39573,1.4562
221,1,7.449664e-04,0.44598,1.2645
222,1,7.483221e-04,0.43498,2.1819
223,1,7.516779e-04,0.48636,1.5085
224,1,7.550336e-04,0.43122,1.8542
225,1,7.583893e-04,0.48318,1.6333
226,1,7.617450e-04,0.42632,1.4201
227,1,7.651007e-04,0.42139,0.8291
228,1,7.684564e-04,0.43752,0.9297
229,1,7.718121e-04,0.45139,1.4969
230,1,7.751678e-04,0.43917,0.9179
231,1,7.785235e-04,0.37470,0.8861
232,1,7.818792e-04,0.45567,2.1212
233,1,7.852349e-04,0.40785,1.4557
234,1,7.885906e-04,0.38113,1.0676
235,1,7.919463e-04,0.37329,0.8173
236,1,7.953020e-04,0.39977,0.8189
237,1,7.986577e-04,0.38052,1.2833
238,1,8.020134e-04,0.32948,0.8190
239,1,8.053691e-04,0.49131,1.2652
240,1,8.087248e-04,0.40419,1.5682
241,1,8.120805e-04,0.48208,2.7003
242,1,8.154362e-04,0.41023,0.8612
243,1,8.187919e-04,0.35705,1.0754
244,1,8.221477e-04,0.39085,1.4575
245,1,8.255034e-04,0.37315,1.4624
246,1,8.288591e-04,0.43876,1.1179
247,1,8.322148e-04,0.37332,1.4310
248,1,8.355705e-04,0.40114,1.5284
249,1,8.389262e-04,0.40841,0.9066
250,1,8.422819e-04,0.42571,1.7449
251,1,8.456376e-04,0.40335,1.3481
252,1,8.489933e-04,0.44676,1.2905
253,1,8.523490e-04,0.39155,1.0018
254,1,8.557047e-04,0.38999,0.9736
255,1,8.590604e-04,0.30611,1.0381
256,1,8.624161e-04,0.43427,1.4242
257,1,8.657718e-04,0.39750,0.8685
258,1,8.691275e-04,0.37833,1.9719
259,1,8.724832e-04,0.34188,0.8517
260,1,8.758389e-04,0.37249,0.8956
261,1,8.791946e-04,0.41658,1.9706
262,1,8.825503e-04,0.40649,1.4920
263,1,8.859060e-04,0.42315,0.8848
264,1,8.892617e-04,0.39048,1.7094
265,1,8.926174e-04,0.37313,1.1808
266,1,8.959732e-04,0.39156,1.3290
267,1,8.993289e-04,0.40250,1.2485
268,1,9.026846e-04,0.41702,1.1512
269,1,9.060403e-04,0.40703,0.9928
270,1,9.093960e-04,0.35814,0.8111
271,1,9.127517e-04,0.36083,1.0416
272,1,9.161074e-04,0.35344,0.8728
273,1,9.194631e-04,0.37064,0.9408
274,1,9.228188e-04,0.38314,1.0653
275,1,9.261745e-04,0.43296,0.9619
276,1,9.295302e-04,0.37712,0.8316
277,1,9.328859e-04,0.42092,1.0064
278,1,9.362416e-04,0.40034,0.9533
279,1,9.395973e-04,0.35736,1.2910
280,1,9.429530e-04,0.35628,1.0697
281,1,9.463087e-04,0.35588,0.8392
282,1,9.496644e-04,0.35055,0.8059
283,1,9.530201e-04,0.41328,1.6627
284,1,9.563758e-04,0.32621,0.9058
285,1,9.597315e-04,0.38053,1.1149
286,1,9.630872e-04,0.39243,0.9263
287,1,9.664430e-04,0.31759,0.8762
288,1,9.697987e-04,0.38296,0.9683
289,1,9.731544e-04,0.37999,1.0594
290,1,9.765101e-04,0.39733,1.4659
291,1,9.798658e-04,0.36246,0.8334
292,1,9.832215e-04,0.31350,0.8630
293,1,9.865772e-04,0.34328,0.9653
294,1,9.899329e-04,0.40625,0.8797
295,1,9.932886e-04,0.34497,1.1532
296,1,9.966443e-04,0.26003,0.7416
297,1,1.000000e-03,0.36695,0.9136
298,1,1.000000e-03,0.31408,1.3077
299,1,1.000000e-03,0.32589,1.1026
300,1,9.999999e-04,0.37011,1.0291
301,1,9.999998e-04,0.31864,0.7742
302,1,9.999996e-04,0.37537,0.9502
303,1,9.999994e-04,0.37000,1.2775
304,1,9.999991e-04,0.36481,0.8644
305,1,9.999988e-04,0.30136,1.0362
306,1,9.999984e-04,0.33169,0.8254
307,1,9.999980e-04,0.34782,1.5646
308,1,9.999975e-04,0.43659,2.6605
309,1,9.999970e-04,0.41179,1.5065
310,1,9.999964e-04,0.32327,0.7934
311,1,9.999958e-04,0.36649,1.3725
312,1,9.999951e-04,0.33425,0.8821
313,1,9.999944e-04,0.34358,1.4930
314,1,9.999936e-04,0.35308,1.3774
315,1,9.999927e-04,0.34885,1.4209
316,1,9.999919e-04,0.36456,1.6128
317,1,9.999909e-04,0.44288,1.3260
318,1,9.999900e-04,0.37451,0.8734
319,1,9.999889e-04,0.29966,0.7522
320,1,9.999878e-04,0.29627,0.7782
321,1,9.999867e-04,0.26040,0.7518
322,1,9.999855e-04,0.44201,1.8942
323,1,9.999843e-04,0.37507,1.3954
324,1,9.999830e-04,0.35384,1.5766
325,1,9.999817e-04,0.33766,1.5402
326,1,9.999803e-04,0.33520,0.9574
327,1,9.999789e-04,0.35933,1.9317
328,1,9.999774e-04,0.36340,1.0453
329,1,9.999759e-04,0.32917,1.8744
330,1,9.999743e-04,0.43206,1.2498
331,1,9.999727e-04,0.37249,0.9085
332,1,9.999710e-04,0.27755,0.8495
333,1,9.999692e-04,0.36623,1.1809
334,1,9.999675e-04,0.32258,1.2196
335,1,9.999656e-04,0.33183,1.2292
336,1,9.999637e-04,0.34109,1.2243
337,1,9.999618e-04,0.30560,0.8000
338,1,9.999598e-04,0.34675,1.1907
339,1,9.999578e-04,0.29204,1.0138
340,1,9.999557e-04,0.33018,0.7946
341,1,9.999536e-04,0.32136,0.8780
342,1,9.999514e-04,0.35890,0.9554
343,1,9.999492e-04,0.34382,1.1095
344,1,9.999469e-04,0.33669,1.1860
345,1,9.999445e-04,0.33025,1.0980
346,1,9.999422e-04,0.33556,0.9258
347,1,9.999397e-04,0.36236,1.4352
348,1,9.999372e-04,0.30593,1.2687
349,1,9.999347e-04,0.31112,0.8168
350,1,9.999321e-04,0.36177,1.0607
351,1,9.999295e-04,0.30771,0.8334
352,1,9.999268e-04,0.38103,0.8912
353,1,9.999240e-04,0.31699,0.9979
354,1,9.999213e-04,0.29737,1.2320
355,1,9.999184e-04,0.27674,0.9564
356,1,9.999155e-04,0.40565,1.4935
357,1,9.999126e-04,0.37777,1.5635
358,1,9.999096e-04,0.27351,0.9682
359,1,9.999066e-04,0.29355,1.0122
360,1,9.999035e-04,0.41164,0.9817
361,1,9.999003e-04,0.32005,0.8108
362,1,9.998972e-04,0.26744,0.7752
363,1,9.998939e-04,0.30129,0.7344
364,1,9.998906e-04,0.35116,1.2524
365,1,9.998873e-04,0.30495,0.8019
366,1,9.998839e-04,0.35350,0.9589
367,1,9.998805e-04,0.33151,0.9573
368,1,9.998770e-04,0.33012,1.0305
369,1,9.998734e-04,0.35764,0.9321
370,1,9.998698e-04,0.35884,0.8368
371,1,9.998662e-04,0.38348,0.8924
372,1,9.998625e-04,0.36789,1.5859
373,1,9.998588e-04,0.33133,1.3712
374,1,9.998550e-04,0.31232,2.1647
375,1,9.998511e-04,0.36913,1.5429
376,1,9.998472e-04,0.30762,1.7442
377,1,9.998433e-04,0.31348,1.6949
378,1,9.998393e-04,0.32661,0.9639
379,1,9.998353e-04,0.29555,0.8393
380,1,9.998312e-04,0.34160,0.7888
381,1,9.998270e-04,0.36079,1.3667
382,1,9.998228e-04,0.32000,2.2926
383,1,9.998186e-04,0.32222,1.0040
384,1,9.998143e-04,0.39287,2.1848
385,1,9.998100e-04,0.30805,0.9218
386,1,9.998056e-04,0.31604,0.8610
387,1,9.998011e-04,0.33814,0.9342
388,1,9.997966e-04,0.33145,1.9062
389,1,9.997921e-04,0.30405,1.9902
390,1,9.997875e-04,0.25683,0.7759
391,1,9.997828e-04,0.37416,1.1107
392,1,9.997782e-04,0.27315,1.8173
393,1,9.997734e-04,0.30607,0.9297
394,1,9.997686e-04,0.32985,1.1358
395,1,9.997638e-04,0.29298,0.8249
396,1,9.997589e-04,0.29157,1.2835
397,1,9.997539e-04,0.31942,1.0911
398,1,9.997489e-04,0.30774,1.5148
399,1,9.997439e-04,0.29151,0.9114
400,1,9.997388e-04,0.29608,1.4045
401,1,9.997336e-04,0.27043,0.8998
402,1,9.997284e-04,0.30608,0.7915
403,1,9.997232e-04,0.28516,0.9288
404,1,9.997179e-04,0.30470,1.5199
405,1,9.997126e-04,0.29911,1.2277
406,1,9.997072e-04,0.32840,0.8093
407,1,9.997017e-04,0.31942,2.4080
408,1,9.996962e-04,0.27114,0.9171
409,1,9.996907e-04,0.31001,1.2348
410,1,9.996851e-04,0.31469,0.8388
411,1,9.996794e-04,0.39348,3.0918
412,1,9.996737e-04,0.33364,1.2954
413,1,9.996680e-04,0.28333,2.0361
414,1,9.996622e-04,0.29015,1.3734
415,1,9.996563e-04,0.33023,1.1157
416,1,9.996504e-04,0.23773,1.1413
417,1,9.996445e-04,0.33739,2.2746
418,1,9.996385e-04,0.33684,1.6637
419,1,9.996324e-04,0.26936,1.4277
420,1,9.996263e-04,0.27750,0.9837
421,1,9.996202e-04,0.27738,1.1436
422,1,9.996140e-04,0.32946,0.8740
423,1,9.996077e-04,0.25176,0.7531
424,1,9.996014e-04,0.32827,1.3462
425,1,9.995951e-04,0.41072,1.0892
426,1,9.995887e-04,0.32545,1.1627
427,1,9.995822e-04,0.28121,0.9998
428,1,9.995757e-04,0.31139,1.3064
429,1,9.995692e-04,0.29098,1.2031
430,1,9.995626e-04,0.31121,0.8111
431,1,9.995559e-04,0.27870,1.2281
432,1,9.995492e-04,0.29898,0.8426
433,1,9.995425e-04,0.29475,1.1741
434,1,9.995357e-04,0.34354,1.2554
435,1,9.995288e-04,0.37898,1.3821
436,1,9.995219e-04,0.32024,0.8815
437,1,9.995150e-04,0.31902,1.0359
438,1,9.995079e-04,0.28154,1.5985
439,1,9.995009e-04,0.30774,0.8824
440,1,9.994938e-04,0.29853,1.0494
441,1,9.994866e-04,0.30875,1.9407
442,1,9.994794e-04,0.33681,1.7472
443,1,9.994722e-04,0.36256,1.3236
444,1,9.994649e-04,0.30599,1.1453
445,1,9.994575e-04,0.30161,0.8375
446,1,9.994501e-04,0.33307,1.5671
447,1,9.994427e-04,0.34384,1.5662
448,1,9.994352e-04,0.25037,1.8748
449,1,9.994276e-04,0.27995,1.1500
450,1,9.994200e-04,0.32964,2.0152
451,1,9.994123e-04,0.32590,1.0601
452,1,9.994046e-04,0.25627,1.4672
453,1,9.993969e-04,0.27704,0.7496
454,1,9.993891e-04,0.30979,1.1317
455,1,9.993812e-04,0.31222,2.3892
456,1,9.993733e-04,0.29961,0.8126
457,1,9.993654e-04,0.29316,0.8260
458,1,9.993574e-04,0.27793,0.8141
459,1,9.993493e-04,0.30533,1.0500
460,1,9.993412e-04,0.24005,0.7305
461,1,9.993330e-04,0.24604,0.7628
462,1,9.993248e-04,0.31770,0.8666
463,1,9.993166e-04,0.29491,0.8922
464,1,9.993083e-04,0.26874,0.8184
465,1,9.992999e-04,0.25875,0.7926
466,1,9.992915e-04,0.28004,0.9647
467,1,9.992830e-04,0.33240,1.0892
468,1,9.992745e-04,0.25905,1.1840
469,1,9.992660e-04,0.29792,0.8099
470,1,9.992574e-04,0.36723,1.1034
471,1,9.992487e-04,0.27304,1.6776
472,1,9.992400e-04,0.29430,0.8940
473,1,9.992312e-04,0.27560,0.8573
474,1,9.992224e-04,0.35362,1.8222
475,1,9.992136e-04,0.28049,0.9646
476,1,9.992047e-04,0.25250,0.7092
477,1,9.991957e-04,0.29120,0.8573
478,1,9.991867e-04,0.28940,1.0568
479,1,9.991776e-04,0.25921,0.8804
480,1,9.991685e-04,0.26296,0.8190
481,1,9.991594e-04,0.33705,0.8731
482,1,9.991502e-04,0.26660,0.8269
483,1,9.991409e-04,0.29541,1.7182
484,1,9.991316e-04,0.30231,0.8008
485,1,9.991222e-04,0.24787,0.6956
486,1,9.991128e-04,0.29192,0.8433
487,1,9.991034e-04,0.28513,0.8259
488,1,9.990939e-04,0.30219,0.8742
489,1,9.990843e-04,0.32241,1.0482
490,1,9.990747e-04,0.23502,0.7111
491,1,9.990650e-04,0.32204,0.9856
492,1,9.990553e-04,0.21628,0.7864
493,1,9.990456e-04,0.28523,0.9073
494,1,9.990357e-04,0.31231,1.2338
495,1,9.990259e-04,0.39869,0.9630
496,1,9.990160e-04,0.22659,0.6918
497,1,9.990060e-04,0.28985,0.8037
498,1,9.989960e-04,0.25414,0.7945
499,1,9.989859e-04,0.29675,1.3010
500,1,9.989758e-04,0.29424,1.4286
501,1,9.989657e-04,0.29917,1.9624
502,1,9.989554e-04,0.28614,1.1460
503,1,9.989452e-04,0.28328,0.8811
504,1,9.989349e-04,0.25434,1.5200
505,1,9.989245e-04,0.24728,0.7664
506,1,9.989141e-04,0.32225,1.3491
507,1,9.989036e-04,0.27730,1.7208
508,1,9.988931e-04,0.27250,1.0903
509,1,9.988826e-04,0.25506,1.4833
510,1,9.988719e-04,0.28415,0.9662
511,1,9.988613e-04,0.26451,1.2595
512,1,9.988506e-04,0.22183,0.6989
513,1,9.988398e-04,0.28066,1.5149
514,1,9.988290e-04,0.24415,0.7749
515,1,9.988181e-04,0.26426,1.3035
516,1,9.988072e-04,0.25180,0.7694
517,1,9.987963e-04,0.28121,0.8846
518,1,9.987852e-04,0.29009,1.1589
519,1,9.987742e-04,0.26437,0.8476
520,1,9.987631e-04,0.33443,0.9102
521,1,9.987519e-04,0.21180,0.7720
522,1,9.987407e-04,0.27262,0.8518
523,1,9.987294e-04,0.28295,1.7643
524,1,9.987181e-04,0.29247,1.2827
525,1,9.987067e-04,0.31548,1.2238
526,1,9.986953e-04,0.27960,0.8395
527,1,9.986839e-04,0.34043,1.0779
528,1,9.986724e-04,0.26620,1.3115
529,1,9.986608e-04,0.31483,1.5717
530,1,9.986492e-04,0.22158,0.7601
531,1,9.986375e-04,0.39887,1.0520
532,1,9.986258e-04,0.28306,0.7639
533,1,9.986140e-04,0.26047,0.8278
534,1,9.986022e-04,0.28004,1.0680
535,1,9.985904e-04,0.26097,1.5883
536,1,9.985784e-04,0.25074,0.8186
537,1,9.985665e-04,0.27706,1.7785
538,1,9.985545e-04,0.29952,1.1100
539,1,9.985424e-04,0.29485,0.8588
540,1,9.985303e-04,0.26522,1.1407
541,1,9.985181e-04,0.31210,1.7414
542,1,9.985059e-04,0.25901,0.8583
543,1,9.984936e-04,0.25270,1.3730
544,1,9.984813e-04,0.31127,0.8459
545,1,9.984689e-04,0.28132,0.7860
546,1,9.984565e-04,0.27610,0.7820
547,1,9.984441e-04,0.25545,0.7666
548,1,9.984316e-04,0.33724,1.2402
549,1,9.984190e-04,0.25851,1.2497
550,1,9.984064e-04,0.31740,1.0800
551,1,9.983937e-04,0.29807,0.8976
552,1,9.983810e-04,0.26749,1.1874
553,1,9.983682e-04,0.23282,0.7946
554,1,9.983554e-04,0.34519,1.7746
555,1,9.983425e-04,0.29075,1.1877
556,1,9.983296e-04,0.26003,0.9756
557,1,9.983167e-04,0.31976,2.0162
558,1,9.983036e-04,0.25717,0.9316
559,1,9.982906e-04,0.24875,1.2629
560,1,9.982775e-04,0.31840,1.0779
561,1,9.982643e-04,0.30104,0.9003
562,1,9.982511e-04,0.24994,1.2171
563,1,9.982378e-04,0.20843,0.8470
564,1,9.982245e-04,0.29903,1.6924
565,1,9.982111e-04,0.26781,1.2059
566,1,9.981977e-04,0.29806,1.6494
567,1,9.981842e-04,0.23750,0.6750
568,1,9.981707e-04,0.22977,0.7313
569,1,9.981572e-04,0.28302,0.9861
570,1,9.981435e-04,0.23859,1.0667
571,1,9.981299e-04,0.24607,0.7530
572,1,9.981162e-04,0.29002,1.6546
573,1,9.981024e-04,0.23482,0.9181
574,1,9.980886e-04,0.26519,0.8667
575,1,9.980747e-04,0.23288,0.8348
576,1,9.980608e-04,0.24268,0.8824
577,1,9.980468e-04,0.35383,0.9888
578,1,9.980328e-04,0.23079,0.9182
579,1,9.980187e-04,0.27954,0.8067
580,1,9.980046e-04,0.27654,1.0395
581,1,9.979905e-04,0.34667,1.2798
582,1,9.979762e-04,0.26576,0.7899
583,1,9.979620e-04,0.24281,1.0246
584,1,9.979477e-04,0.29346,1.1088
585,1,9.979333e-04,0.28320,0.7900
586,1,9.979189e-04,0.28990,1.3068
587,1,9.979044e-04,0.28633,0.8491
588,1,9.978899e-04,0.26066,1.0291
589,1,9.978753e-04,0.32025,0.8938
590,1,9.978607e-04,0.24835,1.0524
591,1,9.978460e-04,0.24889,0.7690
592,1,9.978313e-04,0.28890,0.9592
593,1,9.978166e-04,0.22919,0.7105
594,1,9.978017e-04,0.26201,0.9194
595,1,9.977869e-04,0.37569,1.0541
596,1,9.977720e-04,0.26809,0.9942
597,1,9.977570e-04,0.27841,1.1809
598,1,9.977420e-04,0.25473,0.7926
599,1,9.977269e-04,0.26244,1.2706
600,1,9.977118e-04,0.31720,0.8723
601,1,9.976966e-04,0.30321,0.8681
602,1,9.976814e-04,0.26522,1.0216
603,1,9.976661e-04,0.23392,1.2891
604,1,9.976508e-04,0.35220,1.2179
605,1,9.976355e-04,0.31966,1.9272
606,1,9.976201e-04,0.32139,1.1641
607,1,9.976046e-04,0.29097,1.5032
608,1,9.975891e-04,0.21286,0.6689
609,1,9.975735e-04,0.25415,0.8605
610,1,9.975579e-04,0.28537,0.9199
611,1,9.975422e-04,0.29978,0.9031
612,1,9.975265e-04,0.22914,1.2308
613,1,9.975107e-04,0.28211,0.9303
614,1,9.974949e-04,0.39742,1.7587
615,1,9.974791e-04,0.21351,1.2197
616,1,9.974631e-04,0.26839,1.1263
617,1,9.974472e-04,0.25683,0.8275
618,1,9.974312e-04,0.27283,0.7804
619,1,9.974151e-04,0.28092,0.8243
620,1,9.973990e-04,0.28675,1.8977
621,1,9.973828e-04,0.34003,1.8558
622,1,9.973666e-04,0.32671,1.6751
623,1,9.973503e-04,0.28738,1.5711
624,1,9.973340e-04,0.22790,1.0843
625,1,9.973176e-04,0.27944,0.8635
626,1,9.973012e-04,0.22929,0.6933
627,1,9.972848e-04,0.27775,0.8033
628,1,9.972683e-04,0.23101,1.9243
629,1,9.972517e-04,0.24861,0.8689
630,1,9.972351e-04,0.28388,1.0516
631,1,9.972184e-04,0.40330,1.9961
632,1,9.972017e-04,0.26884,1.7400
633,1,9.971849e-04,0.27954,0.8685
634,1,9.971681e-04,0.20581,0.9585
635,1,9.971512e-04,0.21684,0.6628
636,1,9.971343e-04,0.28903,0.9476
637,1,9.971174e-04,0.24396,0.9225
638,1,9.971004e-04,0.25425,1.1832
639,1,9.970833e-04,0.26999,1.7255
640,1,9.970662e-04,0.34922,0.8694
641,1,9.970490e-04,0.23462,0.7681
642,1,9.970318e-04,0.25471,1.2361
643,1,9.970145e-04,0.26284,0.8788
644,1,9.969972e-04,0.31274,0.9821
645,1,9.969799e-04,0.27528,1.6204
646,1,9.969624e-04,0.30529,1.6711
647,1,9.969450e-04,0.31216,1.0461
648,1,9.969275e-04,0.23012,0.7483
649,1,9.969099e-04,0.28444,1.0634
650,1,9.968923e-04,0.29131,0.8200
651,1,9.968746e-04,0.20895,1.5436
652,1,9.968569e-04,0.24745,0.7707
653,1,9.968392e-04,0.21292,1.3683
654,1,9.968213e-04,0.25827,0.8291
655,1,9.968035e-04,0.30490,0.8464
656,1,9.967856e-04,0.21818,0.9025
657,1,9.967676e-04,0.30154,1.2894
658,1,9.967496e-04,0.24081,0.8879
659,1,9.967315e-04,0.20901,0.7227
660,1,9.967134e-04,0.26219,1.5930
661,1,9.966953e-04,0.28331,0.8394
662,1,9.966770e-04,0.29855,1.2390
663,1,9.966588e-04,0.31469,0.8788
664,1,9.966405e-04,0.21059,0.9846
665,1,9.966221e-04,0.31258,0.8519
666,1,9.966037e-04,0.28472,0.7716
667,1,9.965852e-04,0.25562,1.1062
668,1,9.965667e-04,0.23805,1.2681
669,1,9.965482e-04,0.30792,1.1445
670,1,9.965296e-04,0.21815,0.7657
671,1,9.965109e-04,0.27587,1.2579
672,1,9.964922e-04,0.25305,1.1812
673,1,9.964734e-04,0.33053,0.9855
674,1,9.964546e-04,0.29239,1.0193
675,1,9.964358e-04,0.31633,1.1478
676,1,9.964168e-04,0.25841,0.7619
677,1,9.963979e-04,0.27861,1.1578
678,1,9.963789e-04,0.33748,1.3214
679,1,9.963598e-04,0.26152,0.7673
680,1,9.963407e-04,0.28484,0.7820
681,1,9.963215e-04,0.27830,0.8014
682,1,9.963023e-04,0.25423,1.5419
683,1,9.962831e-04,0.30794,0.9025
684,1,9.962638e-04,0.32737,0.8589
685,1,9.962444e-04,0.26187,1.0686
686,1,9.962250e-04,0.29261,0.9305
687,1,9.962055e-04,0.20320,0.7161
688,1,9.961860e-04,0.20909,0.8384
689,1,9.961665e-04,0.27248,0.7322
690,1,9.961469e-04,0.23588,1.7126
691,1,9.961272e-04,0.25177,1.6649
692,1,9.961075e-04,0.27743,0.8989
693,1,9.960878e-04,0.22401,0.6914
694,1,9.960679e-04,0.26981,0.8041
695,1,9.960481e-04,0.25815,1.0800
696,1,9.960282e-04,0.23825,0.8219
697,1,9.960082e-04,0.22167,0.8145
698,1,9.959882e-04,0.22982,1.2235
699,1,9.959682e-04,0.24523,0.9408
700,1,9.959481e-04,0.22105,0.9613
701,1,9.959279e-04,0.26490,0.7579
702,1,9.959077e-04,0.22397,0.8836
703,1,9.958874e-04,0.28621,0.7504
704,1,9.958671e-04,0.25639,1.0975
705,1,9.958468e-04,0.23370,1.1435
706,1,9.958264e-04,0.20009,0.6905
707,1,9.958059e-04,0.23054,0.6928
708,1,9.957854e-04,0.25433,2.0881
709,1,9.957649e-04,0.28902,1.3458
710,1,9.957443e-04,0.27950,0.9681
711,1,9.957236e-04,0.31142,0.9413
712,1,9.957029e-04,0.20632,0.7721
713,1,9.956822e-04,0.28346,0.9017
714,1,9.956614e-04,0.23467,0.8684
715,1,9.956405e-04,0.26591,1.6340
716,1,9.956196e-04,0.25735,1.6080
717,1,9.955987e-04,0.33513,2.3527
718,1,9.955777e-04,0.23484,0.9294
719,1,9.955566e-04,0.22572,1.2350
720,1,9.955355e-04,0.24525,0.7652
721,1,9.955144e-04,0.24126,1.1194
722,1,9.954932e-04,0.22690,1.7944
723,1,9.954719e-04,0.22147,1.7274
724,1,9.954506e-04,0.28053,0.7863
725,1,9.954293e-04,0.30662,0.9232
726,1,9.954079e-04,0.31122,1.2694
727,1,9.953864e-04,0.23282,0.8143
728,1,9.953649e-04,0.30247,1.5387
729,1,9.953434e-04,0.24681,1.7359
730,1,9.953218e-04,0.28221,1.6392
731,1,9.953001e-04,0.20279,1.3436
732,1,9.952784e-04,0.25069,0.9104
733,1,9.952567e-04,0.23464,1.2196
734,1,9.952349e-04,0.25181,1.6246
735,1,9.952130e-04,0.28468,1.0795
736,1,9.951911e-04,0.27059,0.7951
737,1,9.951692e-04,0.25546,0.8560
738,1,9.951472e-04,0.25546,1.1929
739,1,9.951251e-04,0.22012,0.8888
740,1,9.951030e-04,0.24515,0.7657
741,1,9.950809e-04,0.21342,0.7689
742,1,9.950587e-04,0.26928,0.7693
743,1,9.950365e-04,0.27901,1.1536
744,1,9.950142e-04,0.23607,0.8442
745,1,9.949918e-04,0.17759,0.9269
746,1,9.949694e-04,0.25626,1.2879
747,1,9.949470e-04,0.23236,0.7648
748,1,9.949245e-04,0.26032,1.4442
749,1,9.949020e-04,0.23551,0.9281
750,1,9.948794e-04,0.23874,1.7651
751,1,9.948567e-04,0.27038,1.4962
752,1,9.948340e-04,0.18325,1.4164
753,1,9.948113e-04,0.27809,0.8571
754,1,9.947885e-04,0.23693,0.9447
755,1,9.947657e-04,0.32439,1.7537
756,1,9.947428e-04,0.25753,1.1329
757,1,9.947198e-04,0.30204,2.2505
758,1,9.946968e-04,0.25669,0.8246
759,1,9.946738e-04,0.30985,0.9433
760,1,9.946507e-04,0.20516,1.2760
761,1,9.946276e-04,0.22164,2.0087
762,1,9.946044e-04,0.22785,0.8710
763,1,9.945811e-04,0.26179,1.3389
764,1,9.945579e-04,0.29585,1.0749
765,1,9.945345e-04,0.24049,0.9787
766,1,9.945111e-04,0.30649,1.0350
767,1,9.944877e-04,0.26491,1.9177
768,1,9.944642e-04,0.19239,0.9280
769,1,9.944407e-04,0.25497,0.7757
770,1,9.944171e-04,0.24645,1.8969
771,1,9.943935e-04,0.20137,0.9223
772,1,9.943698e-04,0.22998,1.0869
773,1,9.943460e-04,0.34184,1.0676
774,1,9.943223e-04,0.23924,1.2252
775,1,9.942984e-04,0.31215,2.7575
776,1,9.942745e-04,0.24636,0.9720
777,1,9.942506e-04,0.17453,0.6964
778,1,9.942266e-04,0.24744,1.9372
779,1,9.942026e-04,0.25362,0.9122
780,1,9.941785e-04,0.28634,0.8241
781,1,9.941544e-04,0.24974,0.8615
782,1,9.941302e-04,0.27457,0.9705
783,1,9.941060e-04,0.27065,1.3084
784,1,9.940817e-04,0.26749,1.2491
785,1,9.940574e-04,0.32907,2.3908
786,1,9.940330e-04,0.21491,0.7834
787,1,9.940086e-04,0.29595,1.3759
788,1,9.939841e-04,0.24400,1.0574
789,1,9.939595e-04,0.25784,0.9301
790,1,9.939350e-04,0.24756,0.8039
791,1,9.939103e-04,0.26256,1.0425
792,1,9.938857e-04,0.31138,1.3405
793,1,9.938609e-04,0.22176,1.5180
794,1,9.938362e-04,0.20136,0.8244
795,1,9.938113e-04,0.29171,1.1664
796,1,9.937865e-04,0.26238,0.8349
797,1,9.937615e-04,0.26907,1.0543
798,1,9.937366e-04,0.27957,1.0111
799,1,9.937115e-04,0.28784,1.4638
800,1,9.936865e-04,0.22397,0.9098
801,1,9.936613e-04,0.30500,3.5222
802,1,9.936362e-04,0.26719,1.2009
803,1,9.936110e-04,0.23113,0.8202
804,1,9.935857e-04,0.25072,0.7318
805,1,9.935604e-04,0.30819,1.7979
806,1,9.935350e-04,0.30104,2.0147
807,1,9.935096e-04,0.23562,1.1522
808,1,9.934841e-04,0.26735,0.7752
809,1,9.934586e-04,0.22955,0.7395
810,1,9.934330e-04,0.23269,1.6204
811,1,9.934074e-04,0.18772,0.8847
812,1,9.933817e-04,0.27947,1.0073
813,1,9.933560e-04,0.25178,0.8213
814,1,9.933302e-04,0.22217,0.7256
815,1,9.933044e-04,0.30859,1.3755
816,1,9.932786e-04,0.23415,0.7252
817,1,9.932527e-04,0.29753,0.7969
818,1,9.932267e-04,0.24759,1.1163
819,1,9.932007e-04,0.19264,0.6470
820,1,9.931746e-04,0.22920,1.3357
821,1,9.931485e-04,0.22571,0.7663
822,1,9.931223e-04,0.21681,0.7630
823,1,9.930961e-04,0.28232,0.8095
824,1,9.930699e-04,0.23862,0.6862
825,1,9.930436e-04,0.24770,0.9775
826,1,9.930172e-04,0.23780,1.1655
827,1,9.929908e-04,0.22676,0.8667
828,1,9.929643e-04,0.23721,0.8344
829,1,9.929378e-04,0.19507,0.8746
830,1,9.929113e-04,0.23265,0.7829
831,1,9.928846e-04,0.31834,1.9395
832,1,9.928580e-04,0.31519,0.8983
833,1,9.928313e-04,0.28278,0.8932
834,1,9.928045e-04,0.20469,0.8547
835,1,9.927777e-04,0.23885,0.9912
836,1,9.927509e-04,0.26588,0.7803
837,1,9.927240e-04,0.24339,0.7760
838,1,9.926970e-04,0.26093,0.8135
839,1,9.926700e-04,0.26100,0.8526
840,1,9.926430e-04,0.30275,1.3133
841,1,9.926159e-04,0.24435,0.8642
842,1,9.925887e-04,0.22819,1.2303
843,1,9.925615e-04,0.26452,1.8234
844,1,9.925342e-04,0.20370,1.7023
845,1,9.925069e-04,0.23578,1.3669
846,1,9.924796e-04,0.26138,1.5416
847,1,9.924522e-04,0.24262,1.2166
848,1,9.924248e-04,0.23013,1.3361
849,1,9.923973e-04,0.16600,0.7971
850,1,9.923697e-04,0.20498,0.7552
851,1,9.923421e-04,0.24081,0.7726
852,1,9.923145e-04,0.19397,0.7182
853,1,9.922868e-04,0.26378,1.3435
854,1,9.922590e-04,0.18785,0.6959
855,1,9.922312e-04,0.26250,1.0836
856,1,9.922034e-04,0.32053,0.9708
857,1,9.921755e-04,0.25169,1.0599
858,1,9.921476e-04,0.21246,0.8675
859,1,9.921196e-04,0.21154,1.3102
860,1,9.920915e-04,0.25020,2.2400
861,1,9.920634e-04,0.26677,0.7808
862,1,9.920353e-04,0.25500,1.1718
863,1,9.920071e-04,0.30168,1.3646
864,1,9.919789e-04,0.25059,0.7968
865,1,9.919506e-04,0.31264,0.9774
866,1,9.919222e-04,0.23425,1.3490
867,1,9.918938e-04,0.28533,1.2091
868,1,9.918654e-04,0.23007,0.9466
869,1,9.918369e-04,0.32319,0.8548
870,1,9.918084e-04,0.22774,0.8116
871,1,9.917798e-04,0.24671,2.5307
872,1,9.917512e-04,0.30442,0.8955
873,1,9.917225e-04,0.26093,0.9369
874,1,9.916938e-04,0.24661,0.9898
875,1,9.916650e-04,0.23728,1.5048
876,1,9.916361e-04,0.26764,1.5440
877,1,9.916073e-04,0.25988,0.8556
878,1,9.915783e-04,0.24163,0.7055
879,1,9.915494e-04,0.23591,0.8944
880,1,9.915203e-04,0.26798,0.8171
881,1,9.914913e-04,0.25360,1.0665
882,1,9.914621e-04,0.20353,1.3577
883,1,9.914330e-04,0.22621,0.9025
884,1,9.914037e-04,0.21825,0.9537
885,1,9.913745e-04,0.27650,1.1330
886,1,9.913451e-04,0.25449,0.8671
887,1,9.913158e-04,0.26527,0.8469
888,1,9.912863e-04,0.18829,1.0369
889,1,9.912569e-04,0.28289,1.2251
890,1,9.912273e-04,0.29201,0.8386
891,1,9.911978e-04,0.21280,0.6886
892,1,9.911681e-04,0.24288,1.4581
893,1,9.911385e-04,0.18117,0.6366
894,1,9.911088e-04,0.22296,0.7659
895,1,9.910790e-04,0.21131,0.7336
896,1,9.910492e-04,0.18772,0.6676
897,1,9.910193e-04,0.18755,0.6107
898,1,9.909894e-04,0.20914,0.6608
899,1,9.909594e-04,0.28762,1.5210
900,1,9.909294e-04,0.25817,0.7831
901,1,9.908994e-04,0.20669,0.7269
902,1,9.908692e-04,0.24658,0.8252
903,1,9.908391e-04,0.18893,1.0899
904,1,9.908089e-04,0.19738,0.6564
905,1,9.907786e-04,0.27176,1.0694
906,1,9.907483e-04,0.26477,1.0412
907,1,9.907179e-04,0.27199,0.7851
908,1,9.906875e-04,0.22522,0.8113
909,1,9.906571e-04,0.27782,0.8650
910,1,9.906266e-04,0.23779,1.0103
911,1,9.905960e-04,0.19658,0.6710
912,1,9.905654e-04,0.21931,0.9014
913,1,9.905348e-04,0.21592,0.8147
914,1,9.905041e-04,0.29417,0.8755
915,1,9.904733e-04,0.20414,0.8033
916,1,9.904425e-04,0.23844,0.9935
917,1,9.904116e-04,0.30135,0.9901
918,1,9.903807e-04,0.23897,0.8232
919,1,9.903498e-04,0.18027,0.7357
920,1,9.903188e-04,0.25115,0.8572
921,1,9.902878e-04,0.21286,0.6494
922,1,9.902567e-04,0.33038,2.2016
923,1,9.902255e-04,0.23280,1.5315
924,1,9.901943e-04,0.31682,0.8704
925,1,9.901631e-04,0.28476,1.4296
926,1,9.901318e-04,0.21329,0.7657
927,1,9.901004e-04,0.24136,0.7798
928,1,9.900690e-04,0.27089,0.8443
929,1,9.900376e-04,0.26948,1.0712
930,1,9.900061e-04,0.24220,1.6393
931,1,9.899746e-04,0.23026,0.9537
932,1,9.899430e-04,0.24274,0.9820
933,1,9.899113e-04,0.24512,0.8003
934,1,9.898797e-04,0.20958,1.2746
935,1,9.898479e-04,0.22998,0.9432
936,1,9.898161e-04,0.30492,0.8946
937,1,9.897843e-04,0.27536,0.8924
938,1,9.897524e-04,0.23154,0.9860
939,1,9.897205e-04,0.29942,1.1091
940,1,9.896885e-04,0.26267,1.1003
941,1,9.896565e-04,0.29332,0.9127
942,1,9.896244e-04,0.33628,0.9329
943,1,9.895923e-04,0.21539,1.5490
944,1,9.895601e-04,0.26518,1.2561
945,1,9.895279e-04,0.26066,2.1154
946,1,9.894956e-04,0.26013,0.8916
947,1,9.894633e-04,0.25228,0.8723
948,1,9.894309e-04,0.32280,0.9171
949,1,9.893985e-04,0.28272,0.8781
950,1,9.893660e-04,0.22228,0.7148
951,1,9.893335e-04,0.17948,0.6803
952,1,9.893009e-04,0.26069,0.8967
953,1,9.892683e-04,0.22175,0.7819
954,1,9.892356e-04,0.25351,0.9707
955,1,9.892029e-04,0.21996,0.7852
956,1,9.891701e-04,0.25284,1.5304
957,1,9.891373e-04,0.21496,0.7577
958,1,9.891044e-04,0.21944,1.4433
959,1,9.890715e-04,0.25483,1.2745
960,1,9.890386e-04,0.22575,1.1680
961,1,9.890055e-04,0.26270,1.3975
962,1,9.889725e-04,0.25572,1.2583
963,1,9.889394e-04,0.19747,0.6640
964,1,9.889062e-04,0.17143,0.7776
965,1,9.888730e-04,0.23033,0.7830
966,1,9.888397e-04,0.27221,0.7941
967,1,9.888064e-04,0.22513,0.8979
968,1,9.887731e-04,0.22282,0.9035
969,1,9.887397e-04,0.20576,0.8811
970,1,9.887062e-04,0.25895,1.2391
971,1,9.886727e-04,0.25614,1.6175
972,1,9.886392e-04,0.28703,1.0315
973,1,9.886056e-04,0.27414,0.8616
974,1,9.885719e-04,0.22037,0.8375
975,1,9.885382e-04,0.22565,1.1602
976,1,9.885045e-04,0.21719,0.8089
977,1,9.884707e-04,0.25829,2.1897
978,1,9.884368e-04,0.25004,2.1198
979,1,9.884029e-04,0.21886,2.1121
980,1,9.883690e-04,0.20812,1.3218
981,1,9.883350e-04,0.23302,0.8744
982,1,9.883009e-04,0.30686,1.4011
983,1,9.882669e-04,0.24107,1.6718
984,1,9.882327e-04,0.20833,1.7838
985,1,9.881985e-04,0.27242,1.9835
986,1,9.881643e-04,0.22219,0.7711
987,1,9.881300e-04,0.30805,1.3569
988,1,9.880957e-04,0.23740,0.7238
989,1,9.880613e-04,0.18717,0.6730
990,1,9.880268e-04,0.26419,1.7849
991,1,9.879924e-04,0.20305,1.3525
992,1,9.879578e-04,0.29293,1.6985
993,1,9.879233e-04,0.25099,1.1528
994,1,9.878886e-04,0.26284,1.0323
995,1,9.878539e-04,0.21279,1.3695
996,1,9.878192e-04,0.19156,1.0074
997,1,9.877844e-04,0.25017,1.0608
998,1,9.877496e-04,0.29493,1.0311
999,1,9.877147e-04,0.22156,0.9475
1000,1,9.876798e-04,0.22034,1.8440
1001,1,9.876448e-04,0.28715,0.8269
1002,1,9.876098e-04,0.25856,0.9928
1003,1,9.875748e-04,0.27251,0.7591
1004,1,9.875396e-04,0.24279,0.7255
1005,1,9.875045e-04,0.27086,1.6520
1006,1,9.874693e-04,0.26512,0.7515
1007,1,9.874340e-04,0.25950,1.4681
1008,1,9.873987e-04,0.22622,0.7833
1009,1,9.873633e-04,0.23028,0.9223
1010,1,9.873279e-04,0.25408,1.0466
1011,1,9.872924e-04,0.21646,0.8935
1012,1,9.872569e-04,0.21965,0.7876
1013,1,9.872214e-04,0.20079,0.9000
1014,1,9.871858e-04,0.19128,0.8049
1015,1,9.871501e-04,0.19981,0.6919
1016,1,9.871144e-04,0.25263,1.1525
1017,1,9.870786e-04,0.20217,1.2546
1018,1,9.870428e-04,0.16228,0.8566
1019,1,9.870070e-04,0.18824,1.4292
1020,1,9.869711e-04,0.16996,0.5968
1021,1,9.869351e-04,0.23649,1.6198
1022,1,9.868991e-04,0.21762,1.3316
1023,1,9.868631e-04,0.26761,1.2839
1024,1,9.868270e-04,0.20438,1.2202
1025,1,9.867908e-04,0.17657,0.8386
1026,1,9.867547e-04,0.20985,0.7549
1027,1,9.867184e-04,0.23381,1.2254
1028,1,9.866821e-04,0.21013,0.9232
1029,1,9.866458e-04,0.28376,1.7246
1030,1,9.866094e-04,0.18972,1.5846
1031,1,9.865730e-04,0.24479,1.9855
1032,1,9.865365e-04,0.23046,1.4471
1033,1,9.864999e-04,0.23160,2.1221
1034,1,9.864633e-04,0.27055,0.9035
1035,1,9.864267e-04,0.19311,0.7409
1036,1,9.863900e-04,0.24781,0.8150
1037,1,9.863533e-04,0.29294,1.4580
1038,1,9.863165e-04,0.19598,1.6431
1039,1,9.862797e-04,0.28355,1.9084
1040,1,9.862428e-04,0.21033,1.5537
1041,1,9.862059e-04,0.19731,0.7652
1042,1,9.861689e-04,0.30367,1.0064
1043,1,9.861319e-04,0.24611,0.7691
1044,1,9.860948e-04,0.25570,0.7768
1045,1,9.860577e-04,0.24990,1.5079
1046,1,9.860205e-04,0.22859,0.8327
1047,1,9.859833e-04,0.20504,1.0334
1048,1,9.859460e-04,0.20786,1.4140
1049,1,9.859087e-04,0.18889,0.7024
1050,1,9.858714e-04,0.25017,0.7879
1051,1,9.858340e-04,0.22198,0.7277
1052,1,9.857965e-04,0.22378,0.9360
1053,1,9.857590e-04,0.21647,0.7721
1054,1,9.857214e-04,0.20676,0.8388
1055,1,9.856838e-04,0.19967,0.8069
1056,1,9.856462e-04,0.19460,0.6720
1057,1,9.856085e-04,0.25734,0.8179
1058,1,9.855707e-04,0.23917,1.2117
1059,1,9.855329e-04,0.21541,0.7021
1060,1,9.854950e-04,0.21847,0.6965
1061,1,9.854571e-04,0.24868,0.7978
1062,1,9.854192e-04,0.17300,0.6416
1063,1,9.853812e-04,0.19834,1.0471
1064,1,9.853432e-04,0.24219,0.7767
1065,1,9.853051e-04,0.22894,0.7513
1066,1,9.852669e-04,0.24807,0.8356
1067,1,9.852287e-04,0.31984,0.9058
1068,1,9.851905e-04,0.26466,1.3284
1069,1,9.851522e-04,0.25801,1.0823
1070,1,9.851139e-04,0.26241,0.9895
1071,1,9.850755e-04,0.22513,1.2623
1072,1,9.850370e-04,0.21307,0.9484
1073,1,9.849985e-04,0.19519,0.6728
1074,1,9.849600e-04,0.21530,0.8873
1075,1,9.849214e-04,0.25179,1.0177
1076,1,9.848828e-04,0.31927,1.3787
1077,1,9.848441e-04,0.20315,0.8587
1078,1,9.848054e-04,0.21610,0.8955
1079,1,9.847666e-04,0.21107,0.8680
1080,1,9.847278e-04,0.21580,1.1389
1081,1,9.846889e-04,0.24976,1.1759
1082,1,9.846500e-04,0.20217,0.7861
1083,1,9.846110e-04,0.19110,0.9602
1084,1,9.845720e-04,0.27647,1.0670
1085,1,9.845329e-04,0.23726,1.2609
1086,1,9.844938e-04,0.20119,1.1728
1087,1,9.844547e-04,0.25774,0.7893
1088,1,9.844155e-04,0.19232,0.7352
1089,1,9.843762e-04,0.20611,0.8755
1090,1,9.843369e-04,0.14181,0.6819
1091,1,9.842975e-04,0.23571,1.3366
1092,1,9.842581e-04,0.23916,2.2128
1093,1,9.842187e-04,0.21354,1.4469
1094,1,9.841792e-04,0.23365,1.7339
1095,1,9.841396e-04,0.24394,0.8131
1096,1,9.841000e-04,0.16932,0.9108
1097,1,9.840603e-04,0.24977,1.8025
1098,1,9.840206e-04,0.21874,1.3368
1099,1,9.839809e-04,0.25917,0.7870
1100,1,9.839411e-04,0.21716,0.9426
1101,1,9.839013e-04,0.26008,1.9084
1102,1,9.838614e-04,0.18381,0.7239
1103,1,9.838214e-04,0.24589,0.8038
1104,1,9.837814e-04,0.20920,0.9354
1105,1,9.837414e-04,0.29221,1.1716
1106,1,9.837013e-04,0.24369,1.5453
1107,1,9.836612e-04,0.22147,1.8193
1108,1,9.836210e-04,0.20086,1.5466
1109,1,9.835808e-04,0.21443,1.2945
1110,1,9.835405e-04,0.23892,1.2639
1111,1,9.835002e-04,0.23810,2.1281
1112,1,9.834598e-04,0.18294,0.5989
1113,1,9.834193e-04,0.26051,0.7674
1114,1,9.833789e-04,0.26307,0.8961
1115,1,9.833384e-04,0.21588,0.9104
1116,1,9.832978e-04,0.18396,0.6722
1117,1,9.832572e-04,0.25155,1.5983
1118,1,9.832165e-04,0.23834,1.5048
1119,1,9.831758e-04,0.22912,1.1824
1120,1,9.831350e-04,0.18918,0.7556
1121,1,9.830942e-04,0.19940,0.7237
1122,1,9.830533e-04,0.18484,1.9173
1123,1,9.830124e-04,0.23366,1.7323
1124,1,9.829715e-04,0.18245,0.8399
1125,1,9.829305e-04,0.22732,0.8127
1126,1,9.828894e-04,0.24428,0.7509
1127,1,9.828483e-04,0.25060,1.0980
1128,1,9.828071e-04,0.25114,1.6939
1129,1,9.827659e-04,0.23256,1.1101
1130,1,9.827247e-04,0.23299,0.7962
1131,1,9.826834e-04,0.22436,0.6625
1132,1,9.826421e-04,0.19201,0.6914
1133,1,9.826007e-04,0.23761,0.8906
1134,1,9.825592e-04,0.19901,0.7181
1135,1,9.825177e-04,0.22288,0.7362
1136,1,9.824762e-04,0.20723,1.1042
1137,1,9.824346e-04,0.27561,1.0120
1138,1,9.823930e-04,0.15089,0.7160
1139,1,9.823513e-04,0.22867,0.6902
1140,1,9.823095e-04,0.21129,0.9415
1141,1,9.822678e-04,0.22175,0.7436
1142,1,9.822259e-04,0.23261,1.2116
1143,1,9.821841e-04,0.18712,0.7593
1144,1,9.821421e-04,0.26145,1.1751
1145,1,9.821001e-04,0.23180,1.3990
1146,1,9.820581e-04,0.22766,1.6020
1147,1,9.820161e-04,0.24350,2.0778
1148,1,9.819739e-04,0.23293,0.8996
1149,1,9.819318e-04,0.18014,0.6735
1150,1,9.818895e-04,0.27837,0.8294
1151,1,9.818473e-04,0.20002,0.7396
1152,1,9.818050e-04,0.19403,0.7764
1153,1,9.817626e-04,0.22017,1.0756
1154,1,9.817202e-04,0.23938,0.8899
1155,1,9.816777e-04,0.18153,0.6895
1156,1,9.816352e-04,0.21270,0.7939
1157,1,9.815927e-04,0.22993,0.9637
1158,1,9.815501e-04,0.29508,0.8094
1159,1,9.815074e-04,0.26639,0.9418
1160,1,9.814647e-04,0.27101,0.8483
1161,1,9.814220e-04,0.27723,1.8769
1162,1,9.813792e-04,0.24643,0.9581
1163,1,9.813363e-04,0.22857,0.9487
1164,1,9.812935e-04,0.27412,0.7876
1165,1,9.812505e-04,0.20822,0.6865
1166,1,9.812075e-04,0.25838,0.8221
1167,1,9.811645e-04,0.28330,0.9585
1168,1,9.811214e-04,0.20206,1.0536
1169,1,9.810783e-04,0.24207,1.6823
1170,1,9.810351e-04,0.25099,1.2365
1171,1,9.809919e-04,0.25169,1.0906
1172,1,9.809486e-04,0.23322,0.8791
1173,1,9.809052e-04,0.24334,1.1561
1174,1,9.808619e-04,0.32119,1.2574
1175,1,9.808185e-04,0.23543,0.8221
1176,1,9.807750e-04,0.20327,0.8271
1177,1,9.807315e-04,0.21735,0.7415
1178,1,9.806879e-04,0.21310,0.8795
1179,1,9.806443e-04,0.20997,1.0007
1180,1,9.806006e-04,0.20791,1.0134
1181,1,9.805569e-04,0.25154,0.8055
1182,1,9.805131e-04,0.21132,0.6574
1183,1,9.804693e-04,0.19845,0.7554
1184,1,9.804255e-04,0.24137,0.9046
1185,1,9.803816e-04,0.26040,0.8327
1186,1,9.803376e-04,0.23281,1.0557
1187,1,9.802936e-04,0.17200,0.9948
1188,1,9.802496e-04,0.22844,1.2768
1189,1,9.802055e-04,0.24456,1.0076
1190,1,9.801613e-04,0.19829,0.7229
1191,1,9.801171e-04,0.31687,0.8666
1192,1,9.800729e-04,0.28566,1.3958
1193,1,9.800286e-04,0.27598,2.7531
1194,1,9.799843e-04,0.24337,1.6447
1195,1,9.799399e-04,0.20055,1.1798
1196,1,9.798955e-04,0.22339,1.6646
1197,1,9.798510e-04,0.26153,1.0505
1198,1,9.798064e-04,0.22265,0.7769
1199,1,9.797619e-04,0.20525,0.8425
1200,1,9.797172e-04,0.17322,1.3371
1201,1,9.796726e-04,0.24647,1.2232
1202,1,9.796278e-04,0.23046,1.1547
1203,1,9.795831e-04,0.19210,0.6395
1204,1,9.795383e-04,0.27270,0.9888
1205,1,9.794934e-04,0.22448,1.4389
1206,1,9.794485e-04,0.19493,0.6704
1207,1,9.794035e-04,0.27974,1.2032
1208,1,9.793585e-04,0.29737,2.4036
1209,1,9.793134e-04,0.19258,1.0388
1210,1,9.792683e-04,0.19341,1.5003
1211,1,9.792232e-04,0.23964,0.6871
1212,1,9.791780e-04,0.20806,1.0100
1213,1,9.791327e-04,0.25692,1.4469
1214,1,9.790874e-04,0.17654,1.6755
1215,1,9.790421e-04,0.23533,1.0953
1216,1,9.789967e-04,0.27888,1.1361
1217,1,9.789512e-04,0.27051,1.3034
1218,1,9.789058e-04,0.21651,0.7550
1219,1,9.788602e-04,0.24985,1.4500
1220,1,9.788146e-04,0.20670,0.7457
1221,1,9.787690e-04,0.26486,0.8487
1222,1,9.787233e-04,0.27226,0.9573
1223,1,9.786776e-04,0.24895,1.2091
1224,1,9.786318e-04,0.20096,0.9754
1225,1,9.785860e-04,0.21683,0.6761
1226,1,9.785401e-04,0.20580,0.6615
1227,1,9.784942e-04,0.32470,1.6231
1228,1,9.784482e-04,0.25468,1.1613
1229,1,9.784022e-04,0.25715,0.9819
1230,1,9.783561e-04,0.24128,0.7677
1231,1,9.783100e-04,0.19329,0.7043
1232,1,9.782638e-04,0.19453,0.9777
1233,1,9.782176e-04,0.22373,0.7787
1234,1,9.781714e-04,0.20734,0.9070
1235,1,9.781251e-04,0.27460,0.9428
1236,1,9.780787e-04,0.22270,1.1869
1237,1,9.780323e-04,0.19332,1.0381
1238,1,9.779859e-04,0.21895,0.9205
1239,1,9.779394e-04,0.23451,0.9223
1240,1,9.778928e-04,0.16239,1.1113
1241,1,9.778462e-04,0.18227,0.8574
1242,1,9.777996e-04,0.25081,0.9299
1243,1,9.777529e-04,0.28902,0.8568
1244,1,9.777062e-04,0.16338,0.6242
1245,1,9.776594e-04,0.21518,1.2323
1246,1,9.776126e-04,0.22040,0.8104
1247,1,9.775657e-04,0.21319,0.8676
1248,1,9.775187e-04,0.27398,1.1436
1249,1,9.774718e-04,0.20915,0.7809
1250,1,9.774247e-04,0.19334,1.0590
1251,1,9.773777e-04,0.21307,1.4758
1252,1,9.773306e-04,0.22637,1.5299
1253,1,9.772834e-04,0.27815,0.8865
1254,1,9.772362e-04,0.21499,0.9447
1255,1,9.771889e-04,0.20921,0.7882
1256,1,9.771416e-04,0.25667,0.7798
1257,1,9.770942e-04,0.22831,0.7871
1258,1,9.770468e-04,0.21505,0.7823
1259,1,9.769994e-04,0.25207,1.5686
1260,1,9.769519e-04,0.20642,1.0892
1261,1,9.769043e-04,0.21677,1.2318
1262,1,9.768567e-04,0.20524,0.6868
1263,1,9.768091e-04,0.22017,0.8417
1264,1,9.767614e-04,0.22892,1.6995
1265,1,9.767136e-04,0.23799,1.4935
1266,1,9.766659e-04,0.23092,0.7586
1267,1,9.766180e-04,0.20977,0.7771
1268,1,9.765701e-04,0.28689,1.3814
1269,1,9.765222e-04,0.25863,1.3252
1270,1,9.764742e-04,0.17565,0.6635
1271,1,9.764262e-04,0.26362,1.8740
1272,1,9.763781e-04,0.19257,1.2101
1273,1,9.763300e-04,0.21669,1.4052
1274,1,9.762818e-04,0.19840,1.2696
1275,1,9.762336e-04,0.25119,1.1339
1276,1,9.761853e-04,0.20785,0.9228
1277,1,9.761370e-04,0.25841,0.8641
1278,1,9.760887e-04,0.24874,1.5375
1279,1,9.760403e-04,0.32744,2.0569
1280,1,9.759918e-04,0.25344,1.0498
1281,1,9.759433e-04,0.26392,0.8127
1282,1,9.758948e-04,0.15688,0.6234
1283,1,9.758462e-04,0.22429,0.8835
1284,1,9.757975e-04,0.23974,1.0867
1285,1,9.757488e-04,0.23236,0.7657
1286,1,9.757001e-04,0.21527,0.7070
1287,1,9.756513e-04,0.19483,1.0314
1288,1,9.756024e-04,0.17467,0.6463
1289,1,9.755536e-04,0.22217,0.6807
1290,1,9.755046e-04,0.18198,0.8267
1291,1,9.754556e-04,0.18541,1.1696
1292,1,9.754066e-04,0.19088,0.8241
1293,1,9.753575e-04,0.23511,0.9714
1294,1,9.753084e-04,0.24543,1.2916
1295,1,9.752592e-04,0.22640,1.4904
1296,1,9.752100e-04,0.26666,1.3163
1297,1,9.751608e-04,0.17544,0.7610
1298,1,9.751114e-04,0.21605,1.0133
1299,1,9.750621e-04,0.23092,1.0015
1300,1,9.750127e-04,0.20552,0.9108
1301,1,9.749632e-04,0.20349,0.7193
1302,1,9.749137e-04,0.17354,1.3111
1303,1,9.748642e-04,0.17841,0.6902
1304,1,9.748146e-04,0.24573,1.0094
1305,1,9.747649e-04,0.22391,1.0140
1306,1,9.747152e-04,0.25245,1.0472
1307,1,9.746655e-04,0.22776,1.0294
1308,1,9.746157e-04,0.25764,0.9262
1309,1,9.745659e-04,0.18120,0.6862
1310,1,9.745160e-04,0.19798,0.7802
1311,1,9.744660e-04,0.18134,0.6424
1312,1,9.744161e-04,0.24967,0.8237
1313,1,9.743660e-04,0.19907,0.7148
1314,1,9.743160e-04,0.17031,1.0046
1315,1,9.742658e-04,0.22755,0.9344
1316,1,9.742157e-04,0.16401,0.6491
1317,1,9.741654e-04,0.27765,1.1208
1318,1,9.741152e-04,0.19007,0.6414
1319,1,9.740649e-04,0.20586,0.7650
1320,1,9.740145e-04,0.19842,0.9988
1321,1,9.739641e-04,0.26016,1.6483
1322,1,9.739136e-04,0.15567,1.0280
1323,1,9.738631e-04,0.18796,0.7911
1324,1,9.738126e-04,0.25285,0.7619
1325,1,9.737620e-04,0.19544,0.8990
1326,1,9.737114e-04,0.21105,0.7272
1327,1,9.736607e-04,0.29820,1.0127
1328,1,9.736099e-04,0.20132,0.7184
1329,1,9.735591e-04,0.21579,1.0594
1330,1,9.735083e-04,0.20140,0.7533
1331,1,9.734574e-04,0.23289,1.0476
1332,1,9.734065e-04,0.20309,1.1606
1333,1,9.733555e-04,0.21320,0.7375
1334,1,9.733045e-04,0.19545,0.9961
1335,1,9.732534e-04,0.22208,0.7676
1336,1,9.732023e-04,0.17304,0.8603
1337,1,9.731511e-04,0.22390,0.8751
1338,1,9.730999e-04,0.20805,0.7734
1339,1,9.730487e-04,0.19599,0.9570
1340,1,9.729973e-04,0.18083,0.6499
1341,1,9.729460e-04,0.25779,1.1482
1342,1,9.728946e-04,0.17318,0.6797
1343,1,9.728431e-04,0.22019,0.8004
1344,1,9.727916e-04,0.21117,1.2054
1345,1,9.727401e-04,0.21512,1.2142
1346,1,9.726885e-04,0.21284,0.7160
1347,1,9.726369e-04,0.23752,0.9527
1348,1,9.725852e-04,0.23096,1.2119
1349,1,9.725334e-04,0.20812,1.0702
1350,1,9.724817e-04,0.19493,1.0641
1351,1,9.724298e-04,0.27867,1.3520
1352,1,9.723780e-04,0.23835,1.5043
1353,1,9.723260e-04,0.21020,0.9249
1354,1,9.722741e-04,0.20642,0.8728
1355,1,9.722220e-04,0.19693,1.0312
1356,1,9.721700e-04,0.24111,1.3639
1357,1,9.721179e-04,0.26300,2.7911
1358,1,9.720657e-04,0.20738,1.2504
1359,1,9.720135e-04,0.28308,1.7365
1360,1,9.719612e-04,0.23311,1.2399
1361,1,9.719089e-04,0.22727,1.0471
1362,1,9.718566e-04,0.22441,1.3343
1363,1,9.718042e-04,0.20159,0.9228
1364,1,9.717518e-04,0.15423,1.4457
1365,1,9.716993e-04,0.13735,0.7975
1366,1,9.716467e-04,0.20279,0.8096
1367,1,9.715941e-04,0.23943,1.0369
1368,1,9.715415e-04,0.15375,0.7229
1369,1,9.714888e-04,0.29318,0.9290
1370,1,9.714361e-04,0.19246,1.3555
1371,1,9.713833e-04,0.19718,1.5011
1372,1,9.713305e-04,0.20391,0.9026
1373,1,9.712776e-04,0.18990,1.2339
1374,1,9.712247e-04,0.24727,0.8729
1375,1,9.711718e-04,0.21407,1.4066
1376,1,9.711188e-04,0.24246,0.7938
1377,1,9.710657e-04,0.18233,1.0217
1378,1,9.710126e-04,0.26791,1.3845
1379,1,9.709594e-04,0.26025,0.8293
1380,1,9.709062e-04,0.18920,0.8543
1381,1,9.708530e-04,0.20964,0.8636
1382,1,9.707997e-04,0.28131,1.0037
1383,1,9.707464e-04,0.21423,0.9778
1384,1,9.706930e-04,0.21386,1.0922
1385,1,9.706395e-04,0.24553,1.1641
1386,1,9.705861e-04,0.24834,0.7613
1387,1,9.705325e-04,0.28158,1.1674
1388,1,9.704790e-04,0.23069,0.7305
1389,1,9.704253e-04,0.21447,0.7492
1390,1,9.703717e-04,0.21967,0.7776
1391,1,9.703180e-04,0.19846,0.9918
1392,1,9.702642e-04,0.24538,0.8158
1393,1,9.702104e-04,0.24393,1.3224
1394,1,9.701565e-04,0.16933,0.8832
1395,1,9.701026e-04,0.13962,0.6107
1396,1,9.700487e-04,0.19431,1.0748
1397,1,9.699947e-04,0.18734,0.6250
1398,1,9.699406e-04,0.22605,0.8984
1399,1,9.698865e-04,0.19878,0.7182
1400,1,9.698324e-04,0.23246,0.9204
1401,1,9.697782e-04,0.22457,0.8769
1402,1,9.697240e-04,0.26745,0.9293
1403,1,9.696697e-04,0.22504,0.6941
1404,1,9.696154e-04,0.17175,0.9182
1405,1,9.695610e-04,0.18943,0.6139
1406,1,9.695066e-04,0.17237,0.7369
1407,1,9.694521e-04,0.26969,1.4612
1408,1,9.693976e-04,0.21573,0.7189
1409,1,9.693430e-04,0.25761,1.0335
1410,1,9.692884e-04,0.19716,0.7101
1411,1,9.692337e-04,0.20550,0.7785
1412,1,9.691790e-04,0.17981,0.6371
1413,1,9.691243e-04,0.17689,0.7923
1414,1,9.690695e-04,0.21399,1.9505
1415,1,9.690146e-04,0.23042,1.4559
1416,1,9.689598e-04,0.20622,1.2255
1417,1,9.689048e-04,0.20113,0.6874
1418,1,9.688498e-04,0.21764,0.8089
1419,1,9.687948e-04,0.23304,0.8036
1420,1,9.687397e-04,0.22574,0.9380
1421,1,9.686846e-04,0.23529,1.8147
1422,1,9.686294e-04,0.20466,0.7181
1423,1,9.685742e-04,0.14084,0.5624
1424,1,9.685189e-04,0.15429,0.8436
1425,1,9.684636e-04,0.14400,0.7202
1426,1,9.684083e-04,0.28009,1.2852
1427,1,9.683528e-04,0.19919,1.1434
1428,1,9.682974e-04,0.19974,0.6310
1429,1,9.682419e-04,0.18142,1.1862
1430,1,9.681863e-04,0.25195,0.8787
1431,1,9.681307e-04,0.26406,1.4530
1432,1,9.680751e-04,0.17079,1.0665
1433,1,9.680194e-04,0.21352,0.7207
1434,1,9.679637e-04,0.27499,1.3298
1435,1,9.679079e-04,0.16672,0.5827
1436,1,9.678521e-04,0.23414,0.7421
1437,1,9.677962e-04,0.16847,0.8127
1438,1,9.677403e-04,0.17026,0.6543
1439,1,9.676843e-04,0.22117,0.8000
1440,1,9.676283e-04,0.21022,0.7969
1441,1,9.675722e-04,0.19596,0.7403
1442,1,9.675161e-04,0.19463,0.7242
1443,1,9.674600e-04,0.16220,0.6984
1444,1,9.674037e-04,0.20444,1.0229
1445,1,9.673475e-04,0.23532,1.5323
1446,1,9.672912e-04,0.25655,1.5245
1447,1,9.672349e-04,0.25281,0.7866
1448,1,9.671785e-04,0.25099,2.0321
1449,1,9.671220e-04,0.25967,1.6079
1450,1,9.670655e-04,0.19117,0.7071
1451,1,9.670090e-04,0.20962,0.7316
1452,1,9.669524e-04,0.16228,0.6995
1453,1,9.668958e-04,0.19761,1.3869
1454,1,9.668391e-04,0.24814,0.9434
1455,1,9.667824e-04,0.14450,0.7969
1456,1,9.667257e-04,0.23361,0.7302
1457,1,9.666688e-04,0.16123,0.7245
1458,1,9.666120e-04,0.24275,1.4170
1459,1,9.665551e-04,0.20347,0.8296
1460,1,9.664981e-04,0.20095,0.6845
1461,1,9.664411e-04,0.22806,0.7718
1462,1,9.663841e-04,0.22483,0.9080
1463,1,9.663270e-04,0.20692,1.3669
1464,1,9.662699e-04,0.20142,0.7703
1465,1,9.662127e-04,0.22450,0.9078
1466,1,9.661554e-04,0.20615,0.7534
1467,1,9.660982e-04,0.18414,1.5403
1468,1,9.660408e-04,0.23951,0.8771
1469,1,9.659835e-04,0.20593,0.8794
1470,1,9.659260e-04,0.31254,1.3262
1471,1,9.658686e-04,0.18707,1.3865
1472,1,9.658111e-04,0.18952,0.7513
1473,1,9.657535e-04,0.22789,0.8078
1474,1,9.656959e-04,0.20247,0.9315
1475,1,9.656383e-04,0.21388,1.0397
1476,1,9.655806e-04,0.19535,0.7984
1477,1,9.655228e-04,0.21172,0.7809
1478,1,9.654650e-04,0.19750,0.7124
1479,1,9.654072e-04,0.20426,1.1405
1480,1,9.653493e-04,0.21904,0.7973
1481,1,9.652914e-04,0.20354,0.8004
1482,1,9.652334e-04,0.14940,0.7196
1483,1,9.651754e-04,0.20023,0.8759
1484,1,9.651173e-04,0.21485,1.1438
1485,1,9.650592e-04,0.19852,0.8952
1486,1,9.650010e-04,0.19593,1.1167
1487,1,9.649428e-04,0.21724,1.4264
1488,1,9.648846e-04,0.24509,0.8101
1489,1,9.648263e-04,0.16766,0.9181
1490,1,9.647679e-04,0.20514,0.9377
1491,1,9.647095e-04,0.15090,0.6761
1492,1,9.646511e-04,0.23497,0.9643
1493,1,9.645926e-04,0.23278,0.7963
1494,1,9.645340e-04,0.22415,0.9141
1495,1,9.644755e-04,0.29614,1.0322
1496,1,9.644168e-04,0.25116,0.8565
1497,1,9.643582e-04,0.23535,0.9804
1498,1,9.642994e-04,0.21958,0.9453
1499,1,9.642407e-04,0.18953,0.6558
1500,1,9.641819e-04,0.20700,1.3834
1501,1,9.641230e-04,0.18127,0.6413
1502,1,9.640641e-04,0.19369,1.2834
1503,1,9.640051e-04,0.17273,0.8093
1504,1,9.639461e-04,0.17414,1.2746
1505,1,9.638871e-04,0.18282,0.7729
1506,1,9.638280e-04,0.26846,1.4496
1507,1,9.637689e-04,0.23859,0.8558
1508,1,9.637097e-04,0.23325,0.9771
1509,1,9.636504e-04,0.19298,0.7087
1510,1,9.635912e-04,0.20149,0.8936
1511,1,9.635318e-04,0.17105,0.6973
1512,1,9.634725e-04,0.23504,0.9692
1513,1,9.634131e-04,0.17897,1.1584
1514,1,9.633536e-04,0.18026,0.6125
1515,1,9.632941e-04,0.19998,0.8848
1516,1,9.632345e-04,0.15924,0.7329
1517,1,9.631749e-04,0.21168,0.8154
1518,1,9.631153e-04,0.24606,1.6323
1519,1,9.630556e-04,0.22665,1.0767
1520,1,9.629958e-04,0.18197,1.0459
1521,1,9.629361e-04,0.21259,0.7325
1522,1,9.628762e-04,0.15107,0.6068
1523,1,9.628163e-04,0.13984,0.9370
1524,1,9.627564e-04,0.27475,0.9014
1525,1,9.626964e-04,0.20091,1.5898
1526,1,9.626364e-04,0.20736,1.0309
1527,1,9.625764e-04,0.19664,0.6907
1528,1,9.625162e-04,0.23295,0.7521
1529,1,9.624561e-04,0.21460,1.1463
1530,1,9.623959e-04,0.16936,0.8305
1531,1,9.623356e-04,0.26664,1.9862
1532,1,9.622753e-04,0.27801,1.3864
1533,1,9.622150e-04,0.17416,0.7914
1534,1,9.621546e-04,0.20528,0.6820
1535,1,9.620942e-04,0.15857,0.6732
1536,1,9.620337e-04,0.20660,0.7340
1537,1,9.619732e-04,0.17389,0.7771
1538,1,9.619126e-04,0.11772,0.5911
1539,1,9.618520e-04,0.21901,1.1472
1540,1,9.617913e-04,0.22950,1.4807
1541,1,9.617306e-04,0.22002,1.0256
1542,1,9.616698e-04,0.24796,1.7063
1543,1,9.616090e-04,0.20784,0.9556
1544,1,9.615482e-04,0.24393,1.5447
1545,1,9.614873e-04,0.23962,1.3996
1546,1,9.614263e-04,0.20104,0.7221
1547,1,9.613653e-04,0.19872,0.7401
1548,1,9.613043e-04,0.19456,0.7216
1549,1,9.612432e-04,0.22888,1.2048
1550,1,9.611821e-04,0.28563,1.2880
1551,1,9.611209e-04,0.25656,1.0255
1552,1,9.610597e-04,0.16221,0.8836
1553,1,9.609984e-04,0.20129,1.0750
1554,1,9.609371e-04,0.18066,0.8377
1555,1,9.608758e-04,0.21208,0.7164
1556,1,9.608144e-04,0.16017,0.7002
1557,1,9.607529e-04,0.18977,1.4691
1558,1,9.606914e-04,0.20009,0.8451
1559,1,9.606299e-04,0.21988,1.0863
1560,1,9.605683e-04,0.20418,0.9083
1561,1,9.605067e-04,0.17977,0.7443
1562,1,9.604450e-04,0.17372,0.8148
1563,1,9.603832e-04,0.21758,0.9553
1564,1,9.603215e-04,0.30435,1.8070
1565,1,9.602597e-04,0.20481,0.8630
1566,1,9.601978e-04,0.25826,1.1345
1567,1,9.601359e-04,0.14992,0.6949
1568,1,9.600739e-04,0.23179,1.2559
1569,1,9.600119e-04,0.26234,1.0147
1570,1,9.599499e-04,0.24126,1.4961
1571,1,9.598878e-04,0.23975,1.6170
1572,1,9.598256e-04,0.13337,0.5642
1573,1,9.597634e-04,0.16133,0.8175
1574,1,9.597012e-04,0.20188,1.6122
1575,1,9.596389e-04,0.16929,0.7517
1576,1,9.595766e-04,0.18199,1.0594
1577,1,9.595142e-04,0.20868,0.9464
1578,1,9.594518e-04,0.13711,0.8026
1579,1,9.593894e-04,0.24060,0.7980
1580,1,9.593269e-04,0.17420,1.1285
1581,1,9.592643e-04,0.16716,0.7650
1582,1,9.592017e-04,0.21659,1.1436
1583,1,9.591391e-04,0.26855,1.8816
1584,1,9.590764e-04,0.17756,0.9141
1585,1,9.590136e-04,0.18551,0.7907
1586,1,9.589508e-04,0.20684,0.8682
1587,1,9.588880e-04,0.20147,1.3999
1588,1,9.588251e-04,0.18407,0.6601
1589,1,9.587622e-04,0.26484,0.9023
1590,1,9.586992e-04,0.27593,1.2139
1591,1,9.586362e-04,0.18890,1.1204
1592,1,9.585732e-04,0.26067,0.7908
1593,1,9.585101e-04,0.18785,0.6868
1594,1,9.584469e-04,0.17392,0.8793
1595,1,9.583837e-04,0.22809,1.2677
1596,1,9.583205e-04,0.19048,0.6547
1597,1,9.582572e-04,0.28315,2.1926
1598,1,9.581939e-04,0.14655,0.7184
1599,1,9.581305e-04,0.15892,0.8363
1600,1,9.580671e-04,0.25892,0.8348
1601,1,9.580036e-04,0.19757,0.8862
1602,1,9.579401e-04,0.23680,0.7642
1603,1,9.578765e-04,0.20272,1.8892
1604,1,9.578129e-04,0.20894,0.9517
1605,1,9.577492e-04,0.19407,0.7221
1606,1,9.576855e-04,0.17762,0.6828
1607,1,9.576218e-04,0.17840,0.8009
1608,1,9.575580e-04,0.23366,1.4755
1609,1,9.574942e-04,0.22874,0.9078
1610,1,9.574303e-04,0.27068,0.7687
1611,1,9.573664e-04,0.21023,0.7469
1612,1,9.573024e-04,0.18352,0.7100
1613,1,9.572384e-04,0.19475,0.9729
1614,1,9.571743e-04,0.20145,0.8627
1615,1,9.571102e-04,0.19897,0.7642
1616,1,9.570460e-04,0.23512,0.8936
1617,1,9.569818e-04,0.18340,1.0153
1618,1,9.569176e-04,0.22410,0.7441
1619,1,9.568533e-04,0.21592,1.4881
1620,1,9.567889e-04,0.17005,0.7542
1621,1,9.567246e-04,0.18427,0.8958
1622,1,9.566601e-04,0.16686,1.1000
1623,1,9.565957e-04,0.20265,0.8094
1624,1,9.565311e-04,0.16897,0.8191
1625,1,9.564666e-04,0.18943,0.7248
1626,1,9.564019e-04,0.20052,0.6703
1627,1,9.563373e-04,0.26405,1.8613
1628,1,9.562726e-04,0.22436,0.9318
1629,1,9.562078e-04,0.20622,1.4272
1630,1,9.561430e-04,0.17577,1.5126
1631,1,9.560782e-04,0.19713,0.6928
1632,1,9.560133e-04,0.18701,0.8093
1633,1,9.559484e-04,0.27000,0.8640
1634,1,9.558834e-04,0.21056,0.7025
1635,1,9.558184e-04,0.19706,1.1164
1636,1,9.557533e-04,0.20253,0.8187
1637,1,9.556882e-04,0.19872,0.8441
1638,1,9.556230e-04,0.20089,1.3394
1639,1,9.555578e-04,0.21543,0.8813
1640,1,9.554926e-04,0.19682,0.7143
1641,1,9.554273e-04,0.22370,0.7766
1642,1,9.553619e-04,0.21100,0.7515
1643,1,9.552965e-04,0.20539,1.2754
1644,1,9.552311e-04,0.22758,0.9138
1645,1,9.551656e-04,0.23614,0.9536
1646,1,9.551001e-04,0.24424,0.8378
1647,1,9.550345e-04,0.18512,1.3685
1648,1,9.549689e-04,0.19151,0.7325
1649,1,9.549033e-04,0.18832,0.7686
1650,1,9.548376e-04,0.20233,0.6821
1651,1,9.547718e-04,0.18311,1.4568
1652,1,9.547060e-04,0.15189,0.6558
1653,1,9.546402e-04,0.20908,0.8598
1654,1,9.545743e-04,0.21525,0.8878
1655,1,9.545083e-04,0.22730,0.7709
1656,1,9.544424e-04,0.21100,0.8277
1657,1,9.543763e-04,0.15983,0.8489
1658,1,9.543103e-04,0.19212,0.8438
1659,1,9.542442e-04,0.21470,0.7170
1660,1,9.541780e-04,0.24299,0.8355
1661,1,9.541118e-04,0.23774,1.9795
1662,1,9.540455e-04,0.17389,0.6626
1663,1,9.539792e-04,0.24595,1.5468
1664,1,9.539129e-04,0.15972,1.3227
1665,1,9.538465e-04,0.18555,0.6836
1666,1,9.537801e-04,0.23440,1.2141
1667,1,9.537136e-04,0.17149,1.0420
1668,1,9.536471e-04,0.20856,0.7642
1669,1,9.535805e-04,0.16792,0.6639
1670,1,9.535139e-04,0.26866,1.2973
1671,1,9.534472e-04,0.18625,0.9019
1672,1,9.533805e-04,0.23493,1.0148
1673,1,9.533138e-04,0.22746,0.8038
1674,1,9.532470e-04,0.21852,1.0847
1675,1,9.531801e-04,0.22468,1.1724
1676,1,9.531133e-04,0.27384,1.7966
1677,1,9.530463e-04,0.20821,1.2737
1678,1,9.529794e-04,0.17542,1.4537
1679,1,9.529123e-04,0.15269,1.1900
1680,1,9.528453e-04,0.21725,0.7183
1681,1,9.527782e-04,0.27989,1.5660
1682,1,9.527110e-04,0.25587,0.7922
1683,1,9.526438e-04,0.21375,1.3574
1684,1,9.525766e-04,0.20064,0.9522
1685,1,9.525093e-04,0.19866,1.0369
1686,1,9.524419e-04,0.14999,1.5614
1687,1,9.523745e-04,0.19244,0.8818
1688,1,9.523071e-04,0.32176,2.1497
1689,1,9.522396e-04,0.20470,1.6771
1690,1,9.521721e-04,0.20767,0.6952
1691,1,9.521046e-04,0.18105,1.5065
1692,1,9.520369e-04,0.23727,1.2641
1693,1,9.519693e-04,0.21584,0.9090
1694,1,9.519016e-04,0.23877,0.9902
1695,1,9.518338e-04,0.14448,0.6288
1696,1,9.517661e-04,0.20108,1.1335
1697,1,9.516982e-04,0.14127,0.6797
1698,1,9.516303e-04,0.22161,1.9386
1699,1,9.515624e-04,0.18211,0.8142
1700,1,9.514944e-04,0.26905,1.5552
1701,1,9.514264e-04,0.19205,1.0647
1702,1,9.513584e-04,0.27395,0.8650
1703,1,9.512903e-04,0.18864,0.9231
1704,1,9.512221e-04,0.18734,0.9899
1705,1,9.511539e-04,0.23382,0.9052
1706,1,9.510857e-04,0.20247,0.7649
1707,1,9.510174e-04,0.16361,0.7777
1708,1,9.509491e-04,0.17593,1.1483
1709,1,9.508807e-04,0.19660,1.7278
1710,1,9.508123e-04,0.15180,0.7896
1711,1,9.507438e-04,0.22394,0.9475
1712,1,9.506753e-04,0.21153,0.6795
1713,1,9.506067e-04,0.20743,0.8950
1714,1,9.505381e-04,0.20816,0.9348
1715,1,9.504695e-04,0.23192,0.7764
1716,1,9.504008e-04,0.24191,1.6930
1717,1,9.503321e-04,0.19874,0.6662
1718,1,9.502633e-04,0.19030,0.7384
1719,1,9.501945e-04,0.23546,0.9993
1720,1,9.501256e-04,0.19698,1.2571
1721,1,9.500567e-04,0.18307,1.0278
1722,1,9.499877e-04,0.18965,0.6795
1723,1,9.499187e-04,0.22415,0.7891
1724,1,9.498497e-04,0.21197,1.0681
1725,1,9.497806e-04,0.20732,0.8604
1726,1,9.497114e-04,0.18045,1.7112
1727,1,9.496422e-04,0.26299,2.8775
1728,1,9.495730e-04,0.17914,1.1546
1729,1,9.495037e-04,0.20816,0.7389
1730,1,9.494344e-04,0.24372,0.8436
1731,1,9.493651e-04,0.25346,0.8893
1732,1,9.492956e-04,0.16691,0.9758
1733,1,9.492262e-04,0.24348,1.1136
1734,1,9.491567e-04,0.14495,1.0461
1735,1,9.490872e-04,0.20321,0.8431
1736,1,9.490176e-04,0.23325,0.9607
1737,1,9.489479e-04,0.21486,0.6976
1738,1,9.488783e-04,0.21618,0.6869
1739,1,9.488085e-04,0.27073,1.4195
1740,1,9.487388e-04,0.15859,0.5948
1741,1,9.486689e-04,0.20781,0.8751
1742,1,9.485991e-04,0.20409,0.7930
1743,1,9.485292e-04,0.19030,0.8608
1744,1,9.484592e-04,0.22927,1.6785
1745,1,9.483892e-04,0.17706,0.9521
1746,1,9.483192e-04,0.18017,0.7837
1747,1,9.482491e-04,0.21429,1.1002
1748,1,9.481790e-04,0.20701,0.7790
1749,1,9.481088e-04,0.19746,0.9708
1750,1,9.480386e-04,0.22351,0.9405
1751,1,9.479684e-04,0.22093,1.1666
1752,1,9.478981e-04,0.17102,0.8518
1753,1,9.478277e-04,0.15282,0.7248
1754,1,9.477573e-04,0.15649,0.6266
1755,1,9.476869e-04,0.15939,1.2016
1756,1,9.476164e-04,0.20461,1.0066
1757,1,9.475459e-04,0.18757,1.8230
1758,1,9.474753e-04,0.18507,0.6496
1759,1,9.474047e-04,0.17086,0.8033
1760,1,9.473340e-04,0.21886,0.8654
1761,1,9.472633e-04,0.21612,0.7204
1762,1,9.471925e-04,0.20662,1.8358
1763,1,9.471218e-04,0.22737,1.4552
1764,1,9.470509e-04,0.21244,2.1158
1765,1,9.469800e-04,0.13709,1.3239
1766,1,9.469091e-04,0.14778,1.1867
1767,1,9.468381e-04,0.16014,0.7319
1768,1,9.467671e-04,0.19761,0.7633
1769,1,9.466960e-04,0.22473,0.8458
1770,1,9.466249e-04,0.21910,1.3507
1771,1,9.465538e-04,0.29854,1.9345
1772,1,9.464826e-04,0.22150,1.7300
1773,1,9.464113e-04,0.25200,2.8941
1774,1,9.463401e-04,0.16522,1.4089
1775,1,9.462687e-04,0.21951,1.5205
1776,1,9.461973e-04,0.21930,0.8474
1777,1,9.461259e-04,0.20476,1.1265
1778,1,9.460545e-04,0.17666,1.0888
1779,1,9.459829e-04,0.22822,1.0997
1780,1,9.459114e-04,0.22215,2.1041
1781,1,9.458398e-04,0.20880,1.0799
1782,1,9.457682e-04,0.17082,0.7874
1783,1,9.456965e-04,0.19186,0.7120
1784,1,9.456247e-04,0.22951,0.7359
1785,1,9.455530e-04,0.17018,0.8754
1786,1,9.454811e-04,0.16160,0.8374
1787,1,9.454093e-04,0.20349,0.7933
1788,1,9.453374e-04,0.18206,0.7760
1789,1,9.452654e-04,0.23504,2.0206
1790,1,9.451934e-04,0.19609,0.8203
1791,1,9.451214e-04,0.18036,0.9420
1792,1,9.450493e-04,0.17106,1.1191
1793,1,9.449771e-04,0.16073,0.7051
1794,1,9.449050e-04,0.23771,0.7867
1795,1,9.448328e-04,0.23362,1.2830
1796,1,9.447605e-04,0.19439,0.9544
1797,1,9.446882e-04,0.22011,0.9200
1798,1,9.446158e-04,0.16982,0.7382
1799,1,9.445434e-04,0.15786,0.8542
1800,1,9.444710e-04,0.14763,0.8123
1801,1,9.443985e-04,0.18863,0.8999
1802,1,9.443260e-04,0.20622,1.2472
1803,1,9.442534e-04,0.28289,0.9923
1804,1,9.441808e-04,0.20377,0.9469
1805,1,9.441081e-04,0.18792,1.0662
1806,1,9.440354e-04,0.21989,0.8125
1807,1,9.439626e-04,0.27318,1.4740
1808,1,9.438898e-04,0.18080,1.3651
1809,1,9.438170e-04,0.19466,1.0363
1810,1,9.437441e-04,0.18107,0.9189
1811,1,9.436712e-04,0.18201,0.8324
1812,1,9.435982e-04,0.15451,0.6447
1813,1,9.435252e-04,0.20643,0.7667
1814,1,9.434521e-04,0.24810,1.5125
1815,1,9.433790e-04,0.16203,0.8539
1816,1,9.433059e-04,0.20225,1.3715
1817,1,9.432327e-04,0.18902,0.7317
1818,1,9.431594e-04,0.20211,0.8616
1819,1,9.430862e-04,0.24431,0.9355
1820,1,9.430128e-04,0.23805,0.8594
1821,1,9.429395e-04,0.17466,0.7784
1822,1,9.428660e-04,0.15345,0.9368
1823,1,9.427926e-04,0.15433,0.7082
1824,1,9.427191e-04,0.13545,0.6718
1825,1,9.426455e-04,0.21397,1.1553
1826,1,9.425719e-04,0.23362,0.8960
1827,1,9.424983e-04,0.25096,1.2026
1828,1,9.424246e-04,0.22340,0.7897
1829,1,9.423509e-04,0.25674,1.7332
1830,1,9.422771e-04,0.17991,0.7271
1831,1,9.422033e-04,0.20286,0.8089
1832,1,9.421295e-04,0.20086,1.4740
1833,1,9.420555e-04,0.13150,0.6276
1834,1,9.419816e-04,0.21938,0.8785
1835,1,9.419076e-04,0.14803,0.7354
1836,1,9.418336e-04,0.21080,1.8555
1837,1,9.417595e-04,0.16947,0.7927
1838,1,9.416854e-04,0.14990,0.7451
1839,1,9.416112e-04,0.21636,0.7511
1840,1,9.415370e-04,0.18643,0.7421
1841,1,9.414627e-04,0.26279,0.9516
1842,1,9.413884e-04,0.25791,1.2391
1843,1,9.413141e-04,0.20770,0.7780
1844,1,9.412397e-04,0.23273,1.1713
1845,1,9.411653e-04,0.18645,2.0792
1846,1,9.410908e-04,0.16280,0.8836
1847,1,9.410163e-04,0.22697,1.0006
1848,1,9.409417e-04,0.15727,0.8547
1849,1,9.408671e-04,0.14616,1.3440
1850,1,9.407925e-04,0.24589,0.8382
1851,1,9.407178e-04,0.18075,0.9639
1852,1,9.406430e-04,0.19702,0.8332
1853,1,9.405683e-04,0.21180,2.3078
1854,1,9.404934e-04,0.17661,0.7571
1855,1,9.404186e-04,0.19643,1.2014
1856,1,9.403437e-04,0.19193,0.7496
1857,1,9.402687e-04,0.16421,1.2589
1858,1,9.401937e-04,0.23943,1.1570
1859,1,9.401186e-04,0.20251,0.9868
1860,1,9.400436e-04,0.17439,0.8513
1861,1,9.399684e-04,0.19048,1.1513
1862,1,9.398932e-04,0.28614,1.0165
1863,1,9.398180e-04,0.21722,0.6965
1864,1,9.397428e-04,0.19845,0.7090
1865,1,9.396675e-04,0.15892,0.6664
1866,1,9.395921e-04,0.19982,0.8507
1867,1,9.395167e-04,0.25018,1.0205
1868,1,9.394413e-04,0.26232,0.9232
1869,1,9.393658e-04,0.18934,0.6601
1870,1,9.392903e-04,0.19704,1.4624
1871,1,9.392147e-04,0.18359,1.0452
1872,1,9.391391e-04,0.20168,0.6984
1873,1,9.390634e-04,0.16580,0.8782
1874,1,9.389877e-04,0.18391,0.7853
1875,1,9.389120e-04,0.18931,0.8735
1876,1,9.388362e-04,0.23787,1.0908
1877,1,9.387603e-04,0.18633,0.6667
1878,1,9.386845e-04,0.17747,0.7964
1879,1,9.386085e-04,0.19017,1.7462
1880,1,9.385326e-04,0.22945,1.3072
1881,1,9.384566e-04,0.20178,0.8412
1882,1,9.383805e-04,0.20671,0.8322
1883,1,9.383044e-04,0.16686,0.7953
1884,1,9.382283e-04,0.17731,1.9082
1885,1,9.381521e-04,0.24388,1.1811
1886,1,9.380759e-04,0.20060,1.6822
1887,1,9.379996e-04,0.20801,0.9071
1888,1,9.379233e-04,0.19456,0.7400
1889,1,9.378469e-04,0.23441,1.1082
1890,1,9.377705e-04,0.21566,2.2061
1891,1,9.376941e-04,0.23040,1.1587
1892,1,9.376176e-04,0.22467,1.3480
1893,1,9.375410e-04,0.15806,0.9205
1894,1,9.374645e-04,0.20024,0.7763
1895,1,9.373878e-04,0.23702,0.7498
1896,1,9.373112e-04,0.16996,0.6862
1897,1,9.372345e-04,0.24072,0.8517
1898,1,9.371577e-04,0.17736,0.6729
1899,1,9.370809e-04,0.18750,1.5197
1900,1,9.370041e-04,0.22076,2.1240
1901,1,9.369272e-04,0.12986,0.8921
1902,1,9.368503e-04,0.20247,0.8356
1903,1,9.367733e-04,0.20912,1.1303
1904,1,9.366963e-04,0.18516,0.6841
1905,1,9.366192e-04,0.25723,1.0056
1906,1,9.365421e-04,0.17449,0.9669
1907,1,9.364650e-04,0.17452,0.9316
1908,1,9.363878e-04,0.23437,0.7990
1909,1,9.363106e-04,0.18476,0.8012
1910,1,9.362333e-04,0.17403,0.7705
1911,1,9.361560e-04,0.23085,0.8860
1912,1,9.360786e-04,0.15953,0.6816
1913,1,9.360012e-04,0.22546,0.8534
1914,1,9.359238e-04,0.18293,1.1616
1915,1,9.358463e-04,0.19812,1.1955
1916,1,9.357687e-04,0.26230,1.1849
1917,1,9.356912e-04,0.18132,0.6405
1918,1,9.356135e-04,0.11678,0.7328
1919,1,9.355359e-04,0.20049,0.6720
1920,1,9.354582e-04,0.21246,0.7214
1921,1,9.353804e-04,0.24089,0.8268
1922,1,9.353026e-04,0.18304,0.9451
1923,1,9.352248e-04,0.15136,0.7360
1924,1,9.351469e-04,0.18219,0.7476
1925,1,9.350690e-04,0.22104,1.6316
1926,1,9.349910e-04,0.16854,0.8340
1927,1,9.349130e-04,0.20766,0.8131
1928,1,9.348349e-04,0.21959,1.8051
1929,1,9.347569e-04,0.19172,1.0909
1930,1,9.346787e-04,0.24597,0.9033
1931,1,9.346005e-04,0.22004,1.0402
1932,1,9.345223e-04,0.17264,0.6417
1933,1,9.344440e-04,0.21841,0.8367
1934,1,9.343657e-04,0.21363,1.7617
1935,1,9.342874e-04,0.26233,2.4537
1936,1,9.342089e-04,0.15558,0.8379
1937,1,9.341305e-04,0.16511,0.7159
1938,1,9.340520e-04,0.17213,1.0158
1939,1,9.339735e-04,0.28413,0.8405
1940,1,9.338949e-04,0.21234,1.8270
1941,1,9.338163e-04,0.18332,0.7459
1942,1,9.337376e-04,0.22043,0.9234
1943,1,9.336589e-04,0.21430,0.7078
1944,1,9.335802e-04,0.27608,0.9153
1945,1,9.335014e-04,0.23335,1.1200
1946,1,9.334226e-04,0.22846,0.7682
1947,1,9.333437e-04,0.22626,1.2132
1948,1,9.332648e-04,0.17297,0.7988
1949,1,9.331858e-04,0.22717,2.1959
1950,1,9.331068e-04,0.21556,1.1751
1951,1,9.330277e-04,0.20661,0.7724
1952,1,9.329486e-04,0.17423,0.6764
1953,1,9.328695e-04,0.20131,0.7189
1954,1,9.327903e-04,0.17673,1.5005
1955,1,9.327111e-04,0.18587,1.3769
1956,1,9.326318e-04,0.20410,1.7386
1957,1,9.325525e-04,0.13991,1.0964
1958,1,9.324732e-04,0.17662,0.6673
1959,1,9.323938e-04,0.16826,0.6748
1960,1,9.323144e-04,0.20784,1.6458
1961,1,9.322349e-04,0.21690,1.7859
1962,1,9.321554e-04,0.14807,0.9655
1963,1,9.320758e-04,0.22946,0.7270
1964,1,9.319962e-04,0.17584,0.6823
1965,1,9.319165e-04,0.17804,0.9824
1966,1,9.318368e-04,0.25919,0.8005
1967,1,9.317571e-04,0.23801,2.0458
1968,1,9.316773e-04,0.20013,1.0268
1969,1,9.315975e-04,0.15519,0.8102
1970,1,9.315176e-04,0.18378,0.6574
1971,1,9.314377e-04,0.18063,0.6742
1972,1,9.313578e-04,0.18304,0.7369
1973,1,9.312778e-04,0.17136,0.7022
1974,1,9.311977e-04,0.16667,0.7838
1975,1,9.311176e-04,0.19196,0.8716
1976,1,9.310375e-04,0.17803,0.7167
1977,1,9.309573e-04,0.23678,1.4980
1978,1,9.308771e-04,0.17441,1.6381
1979,1,9.307969e-04,0.21591,1.5599
1980,1,9.307166e-04,0.22105,0.7821
1981,1,9.306362e-04,0.19041,1.3105
1982,1,9.305559e-04,0.18559,1.1330
1983,1,9.304754e-04,0.22562,0.8105
1984,1,9.303950e-04,0.16629,0.8531
1985,1,9.303144e-04,0.18884,1.4848
1986,1,9.302339e-04,0.23148,1.1693
1987,1,9.301533e-04,0.23403,0.9078
1988,1,9.300727e-04,0.17552,0.9476
1989,1,9.299920e-04,0.18507,0.7295
1990,1,9.299112e-04,0.17075,0.6628
1991,1,9.298305e-04,0.25650,1.8667
1992,2,9.297497e-04,0.18594,0.8252
1993,2,9.296688e-04,0.16660,0.7001
1994,2,9.295879e-04,0.20993,0.8089
1995,2,9.295070e-04,0.26449,0.8209
1996,2,9.294260e-04,0.24307,1.0244
1997,2,9.293450e-04,0.17066,0.8816
1998,2,9.292639e-04,0.17981,1.1608
1999,2,9.291828e-04,0.19671,1.1037
2000,2,9.291016e-04,0.15335,0.9859
2001,2,9.290204e-04,0.15148,0.8480
2002,2,9.289392e-04,0.22321,1.3921
2003,2,9.288579e-04,0.19852,0.7328
2004,2,9.287766e-04,0.25504,0.8336
2005,2,9.286952e-04,0.18524,1.4572
2006,2,9.286138e-04,0.15639,1.0127
2007,2,9.285324e-04,0.15849,1.2061
2008,2,9.284509e-04,0.20214,1.0780
2009,2,9.283693e-04,0.18940,0.7391
2010,2,9.282878e-04,0.19953,1.5914
2011,2,9.282061e-04,0.17150,1.0759
2012,2,9.281245e-04,0.18304,0.6934
2013,2,9.280428e-04,0.21455,1.0955
2014,2,9.279610e-04,0.20966,1.2969
2015,2,9.278792e-04,0.13435,0.6015
2016,2,9.277974e-04,0.15600,0.9708
2017,2,9.277155e-04,0.19819,0.8101
2018,2,9.276336e-04,0.22160,0.8566
2019,2,9.275516e-04,0.20473,0.8122
2020,2,9.274696e-04,0.17658,1.2405
2021,2,9.273876e-04,0.23825,0.9327
2022,2,9.273055e-04,0.11935,0.6170
2023,2,9.272233e-04,0.18141,0.7132
2024,2,9.271412e-04,0.21817,0.7625
2025,2,9.270589e-04,0.11206,0.5837
2026,2,9.269767e-04,0.17182,0.6933
2027,2,9.268944e-04,0.16234,0.6789
2028,2,9.268120e-04,0.11521,1.5179
2029,2,9.267296e-04,0.24034,1.2350
2030,2,9.266472e-04,0.15233,0.7652
2031,2,9.265647e-04,0.12980,0.9104
2032,2,9.264822e-04,0.18632,1.1652
2033,2,9.263997e-04,0.19808,0.7351
2034,2,9.263171e-04,0.19172,0.8692
2035,2,9.262344e-04,0.17283,0.8883
2036,2,9.261517e-04,0.18021,0.8404
2037,2,9.260690e-04,0.16829,0.8973
2038,2,9.259862e-04,0.22224,1.8213
2039,2,9.259034e-04,0.21923,1.5897
2040,2,9.258206e-04,0.21535,0.9924
2041,2,9.257377e-04,0.16040,1.4709
2042,2,9.256547e-04,0.13532,0.6358
2043,2,9.255717e-04,0.14983,0.6830
2044,2,9.254887e-04,0.18360,1.7345
2045,2,9.254057e-04,0.17525,1.2110
2046,2,9.253225e-04,0.19075,0.9131
2047,2,9.252394e-04,0.18985,0.6775
2048,2,9.251562e-04,0.16178,0.6991
2049,2,9.250730e-04,0.21685,0.7406
2050,2,9.249897e-04,0.14535,0.6134
2051,2,9.249064e-04,0.15286,0.8936
2052,2,9.248230e-04,0.18497,0.8233
2053,2,9.247396e-04,0.18690,1.6350
2054,2,9.246561e-04,0.22215,0.7548
2055,2,9.245727e-04,0.17296,0.8065
2056,2,9.244891e-04,0.18437,0.7004
2057,2,9.244055e-04,0.17692,0.6763
2058,2,9.243219e-04,0.22181,1.3001
2059,2,9.242383e-04,0.17886,0.7197
2060,2,9.241546e-04,0.17294,1.6012
2061,2,9.240708e-04,0.14935,1.5512
2062,2,9.239870e-04,0.11211,0.6564
2063,2,9.239032e-04,0.20290,0.8519
2064,2,9.238193e-04,0.19314,1.0820
2065,2,9.237354e-04,0.16386,0.6334
2066,2,9.236515e-04,0.18394,0.6550
2067,2,9.235675e-04,0.18674,0.7308
2068,2,9.234834e-04,0.15498,0.7287
2069,2,9.233994e-04,0.17770,0.9202
2070,2,9.233152e-04,0.18074,0.8233
2071,2,9.232311e-04,0.11588,0.7976
2072,2,9.231469e-04,0.13482,0.6473
2073,2,9.230626e-04,0.20029,1.5736
2074,2,9.229783e-04,0.18466,0.8823
2075,2,9.228940e-04,0.15321,0.9604
2076,2,9.228096e-04,0.17956,0.6610
2077,2,9.227252e-04,0.19275,0.6759
2078,2,9.226407e-04,0.20785,1.7166
2079,2,9.225562e-04,0.15894,0.9489
2080,2,9.224717e-04,0.24444,0.8098
2081,2,9.223871e-04,0.13807,0.7496
2082,2,9.223025e-04,0.19134,1.8571
2083,2,9.222178e-04,0.15468,0.9010
2084,2,9.221331e-04,0.18887,1.1875
2085,2,9.220483e-04,0.16611,0.6817
2086,2,9.219635e-04,0.19608,0.7062
2087,2,9.218787e-04,0.21312,0.7602
2088,2,9.217938e-04,0.18211,0.6830
2089,2,9.217089e-04,0.15867,0.7330
2090,2,9.216239e-04,0.21225,1.0994
2091,2,9.215389e-04,0.19259,1.0410
2092,2,9.214539e-04,0.20372,0.7803
2093,2,9.213688e-04,0.15878,0.6769
2094,2,9.212837e-04,0.19578,1.3322
2095,2,9.211985e-04,0.20238,0.9658
2096,2,9.211133e-04,0.17609,1.3298
2097,2,9.210280e-04,0.21211,0.8143
2098,2,9.209427e-04,0.14900,0.5758
2099,2,9.208574e-04,0.22033,1.0732
2100,2,9.207720e-04,0.15867,0.7660
2101,2,9.206866e-04,0.14124,0.8355
2102,2,9.206011e-04,0.23849,0.8613
2103,2,9.205156e-04,0.18326,1.0346
2104,2,9.204301e-04,0.17695,0.5971
2105,2,9.203445e-04,0.14533,0.7759
2106,2,9.202588e-04,0.22363,1.0497
2107,2,9.201732e-04,0.15006,0.7201
2108,2,9.200874e-04,0.15298,0.7101
2109,2,9.200017e-04,0.19167,1.8006
2110,2,9.199159e-04,0.25195,2.8079
2111,2,9.198300e-04,0.16481,2.4790
2112,2,9.197442e-04,0.16440,0.7109
2113,2,9.196582e-04,0.20921,1.3847
2114,2,9.195723e-04,0.25314,0.9721
2115,2,9.194863e-04,0.18317,0.7172
2116,2,9.194002e-04,0.17869,1.0164
2117,2,9.193141e-04,0.25091,1.6438
2118,2,9.192280e-04,0.18243,0.8713
2119,2,9.191418e-04,0.18652,1.4293
2120,2,9.190556e-04,0.20684,0.8968
2121,2,9.189693e-04,0.16435,1.0529
2122,2,9.188830e-04,0.18950,0.9257
2123,2,9.187967e-04,0.16863,0.6727
2124,2,9.187103e-04,0.15794,0.7242
2125,2,9.186239e-04,0.21328,0.7813
2126,2,9.185374e-04,0.16743,1.2562
2127,2,9.184509e-04,0.18947,0.8654
2128,2,9.183643e-04,0.21448,1.1323
2129,2,9.182778e-04,0.16267,0.8747
2130,2,9.181911e-04,0.15938,0.7901
2131,2,9.181044e-04,0.19016,0.8604
2132,2,9.180177e-04,0.16556,0.7060
2133,2,9.179310e-04,0.16150,1.6002
2134,2,9.178442e-04,0.17609,0.6938
2135,2,9.177573e-04,0.20896,2.6224
2136,2,9.176704e-04,0.17155,1.0873
2137,2,9.175835e-04,0.15657,1.0655
2138,2,9.174966e-04,0.17685,1.1681
2139,2,9.174096e-04,0.23244,1.0522
2140,2,9.173225e-04,0.14842,1.4224
2141,2,9.172354e-04,0.18210,0.8957
2142,2,9.171483e-04,0.17825,1.0930
2143,2,9.170611e-04,0.14733,0.7857
2144,2,9.169739e-04,0.17772,0.7676
2145,2,9.168866e-04,0.23769,0.9585
2146,2,9.167993e-04,0.24078,0.6800
2147,2,9.167120e-04,0.18858,0.9239
2148,2,9.166246e-04,0.21702,0.6635
2149,2,9.165372e-04,0.21440,0.7708
2150,2,9.164497e-04,0.19684,0.8202
2151,2,9.163622e-04,0.15973,0.8645
2152,2,9.162747e-04,0.19856,0.6222
2153,2,9.161871e-04,0.18058,0.8824
2154,2,9.160995e-04,0.18893,1.0718
2155,2,9.160118e-04,0.21113,1.2649
2156,2,9.159241e-04,0.21215,0.9970
2157,2,9.158363e-04,0.19461,1.4411
2158,2,9.157485e-04,0.14475,0.7981
2159,2,9.156607e-04,0.15807,0.7195
2160,2,9.155728e-04,0.21645,0.9192
2161,2,9.154849e-04,0.15206,0.8843
2162,2,9.153969e-04,0.16912,0.9318
2163,2,9.153089e-04,0.18736,0.7318
2164,2,9.152209e-04,0.22234,0.8043
2165,2,9.151328e-04,0.18434,1.5349
2166,2,9.150447e-04,0.21775,1.5875
2167,2,9.149565e-04,0.23213,0.7918
2168,2,9.148683e-04,0.22849,0.8606
2169,2,9.147801e-04,0.14346,1.0095
2170,2,9.146918e-04,0.19758,0.8564
2171,2,9.146035e-04,0.21587,0.8658
2172,2,9.145151e-04,0.15157,0.6980
2173,2,9.144267e-04,0.15043,0.7344
2174,2,9.143382e-04,0.16867,1.8236
2175,2,9.142497e-04,0.18544,0.7455
2176,2,9.141612e-04,0.16783,1.3158
2177,2,9.140726e-04,0.19276,0.8725
2178,2,9.139840e-04,0.18443,0.8998
2179,2,9.138953e-04,0.13422,0.6823
2180,2,9.138066e-04,0.23408,0.8960
2181,2,9.137179e-04,0.15141,0.6877
2182,2,9.136291e-04,0.12501,0.9173
2183,2,9.135403e-04,0.15401,1.3026
2184,2,9.134514e-04,0.22630,0.8651
2185,2,9.133625e-04,0.19635,0.9366
2186,2,9.132736e-04,0.18348,1.2334
2187,2,9.131846e-04,0.14585,0.6857
2188,2,9.130955e-04,0.22823,1.1237
2189,2,9.130065e-04,0.21078,0.9075
2190,2,9.129174e-04,0.23649,0.8588
2191,2,9.128282e-04,0.22583,0.7595
2192,2,9.127390e-04,0.16136,0.6599
2193,2,9.126498e-04,0.20577,0.7030
2194,2,9.125605e-04,0.12622,0.6130
2195,2,9.124712e-04,0.15195,1.6534
2196,2,9.123818e-04,0.17070,1.2327
2197,2,9.122924e-04,0.21581,1.4132
2198,2,9.122030e-04,0.18459,1.2105
2199,2,9.121135e-04,0.17764,1.1269
2200,2,9.120240e-04,0.19417,0.7910
2201,2,9.119344e-04,0.15546,0.7987
2202,2,9.118448e-04,0.20218,1.0444
2203,2,9.117552e-04,0.15748,1.2563
2204,2,9.116655e-04,0.20139,0.8169
2205,2,9.115758e-04,0.19406,1.2061
2206,2,9.114860e-04,0.19281,0.8154
2207,2,9.113962e-04,0.17664,0.9192
2208,2,9.113064e-04,0.18939,0.6877
2209,2,9.112165e-04,0.17351,1.4120
2210,2,9.111265e-04,0.24838,2.2651
2211,2,9.110366e-04,0.17734,0.8160
2212,2,9.109466e-04,0.19464,1.0304
2213,2,9.108565e-04,0.16755,0.9897
2214,2,9.107664e-04,0.17930,0.8038
2215,2,9.106763e-04,0.24374,0.7555
2216,2,9.105861e-04,0.15016,1.4588
2217,2,9.104959e-04,0.13652,0.9801
2218,2,9.104056e-04,0.13724,1.3294
2219,2,9.103153e-04,0.17874,1.4705
2220,2,9.102250e-04,0.17300,1.0645
2221,2,9.101346e-04,0.19969,1.1169
2222,2,9.100442e-04,0.15804,0.9988
2223,2,9.099537e-04,0.21988,0.7554
2224,2,9.098632e-04,0.22005,1.6104
2225,2,9.097727e-04,0.17991,0.9492
2226,2,9.096821e-04,0.18243,0.7049
2227,2,9.095915e-04,0.12517,0.5396
2228,2,9.095008e-04,0.16956,0.9674
2229,2,9.094101e-04,0.14138,0.5693
2230,2,9.093194e-04,0.16440,1.7263
2231,2,9.092286e-04,0.18372,0.7563
2232,2,9.091378e-04,0.22687,0.9556
2233,2,9.090469e-04,0.19619,1.0584
2234,2,9.089560e-04,0.16795,0.6274
2235,2,9.088650e-04,0.21499,0.8376
2236,2,9.087741e-04,0.17269,1.1360
2237,2,9.086830e-04,0.20315,0.7319
2238,2,9.085920e-04,0.25570,1.7830
2239,2,9.085009e-04,0.18440,0.8479
2240,2,9.084097e-04,0.14955,1.1707
2241,2,9.083185e-04,0.17210,0.9178
2242,2,9.082273e-04,0.15073,0.9058
2243,2,9.081360e-04,0.21981,1.2701
2244,2,9.080447e-04,0.20106,0.6742
2245,2,9.079533e-04,0.14177,0.8282
2246,2,9.078620e-04,0.14049,0.8188
2247,2,9.077705e-04,0.15279,0.6819
2248,2,9.076790e-04,0.12449,0.5832
2249,2,9.075875e-04,0.18424,0.6641
2250,2,9.074960e-04,0.14299,0.9271
2251,2,9.074044e-04,0.18064,0.6803
2252,2,9.073127e-04,0.21248,0.9472
2253,2,9.072211e-04,0.24455,1.3712
2254,2,9.071293e-04,0.14105,0.8061
2255,2,9.070376e-04,0.23843,1.2816
2256,2,9.069458e-04,0.12887,1.0046
2257,2,9.068540e-04,0.19525,0.6920
2258,2,9.067621e-04,0.18039,0.8318
2259,2,9.066702e-04,0.16242,1.1396
2260,2,9.065782e-04,0.22186,0.8975
2261,2,9.064862e-04,0.18662,0.7079
2262,2,9.063942e-04,0.24029,1.6514
2263,2,9.063021e-04,0.20463,1.2366
2264,2,9.062100e-04,0.19280,0.7981
2265,2,9.061178e-04,0.18056,0.9466
2266,2,9.060256e-04,0.19591,0.8514
2267,2,9.059334e-04,0.15944,0.7055
2268,2,9.058411e-04,0.20667,0.7703
2269,2,9.057488e-04,0.15054,0.7288
2270,2,9.056564e-04,0.19344,1.9373
2271,2,9.055640e-04,0.18642,1.2988
2272,2,9.054715e-04,0.16127,1.5738
2273,2,9.053791e-04,0.19456,1.0482
2274,2,9.052865e-04,0.23244,1.4089
2275,2,9.051940e-04,0.13040,0.7321
2276,2,9.051014e-04,0.19992,1.3967
2277,2,9.050087e-04,0.18769,1.8616
2278,2,9.049160e-04,0.18205,1.0355
2279,2,9.048233e-04,0.17365,0.7113
2280,2,9.047306e-04,0.18371,1.7124
2281,2,9.046378e-04,0.24446,1.4940
2282,2,9.045449e-04,0.25178,1.0563
2283,2,9.044520e-04,0.23740,1.7119
2284,2,9.043591e-04,0.22521,1.0712
2285,2,9.042661e-04,0.16323,0.6483
2286,2,9.041731e-04,0.25323,1.8758
2287,2,9.040801e-04,0.12697,1.2209
2288,2,9.039870e-04,0.15762,1.4727
2289,2,9.038939e-04,0.24257,2.6708
2290,2,9.038007e-04,0.17472,1.1351
2291,2,9.037075e-04,0.18907,1.5778
2292,2,9.036143e-04,0.26764,1.2547
2293,2,9.035210e-04,0.20729,0.8338
2294,2,9.034276e-04,0.21724,0.8427
2295,2,9.033343e-04,0.19943,1.3664
2296,2,9.032409e-04,0.14307,1.2452
2297,2,9.031474e-04,0.18391,1.4506
2298,2,9.030539e-04,0.20308,1.4012
2299,2,9.029604e-04,0.17886,1.0544
2300,2,9.028669e-04,0.17271,1.7082
2301,2,9.027732e-04,0.21689,0.7525
2302,2,9.026796e-04,0.24368,0.9208
2303,2,9.025859e-04,0.17591,1.2484
2304,2,9.024922e-04,0.21505,1.3950
2305,2,9.023984e-04,0.20164,1.0423
2306,2,9.023046e-04,0.13574,0.5689
2307,2,9.022108e-04,0.20978,1.1044
2308,2,9.021169e-04,0.17732,0.8174
2309,2,9.020230e-04,0.20042,0.8798
2310,2,9.019290e-04,0.20610,0.9679
2311,2,9.018350e-04,0.16786,0.9690
2312,2,9.017410e-04,0.19966,0.7928
2313,2,9.016469e-04,0.16930,0.9239
2314,2,9.015528e-04,0.19357,0.8781
2315,2,9.014586e-04,0.25384,1.2047
2316,2,9.013644e-04,0.17155,0.6237
2317,2,9.012701e-04,0.18149,0.7129
2318,2,9.011759e-04,0.12933,0.6856
2319,2,9.010815e-04,0.18492,0.7577
2320,2,9.009872e-04,0.15376,0.6247
2321,2,9.008928e-04,0.20963,1.2349
2322,2,9.007983e-04,0.15258,1.1102
2323,2,9.007038e-04,0.23475,0.8182
2324,2,9.006093e-04,0.17321,0.7235
2325,2,9.005148e-04,0.16226,1.4819
2326,2,9.004202e-04,0.18533,1.0283
2327,2,9.003255e-04,0.16741,0.8399
2328,2,9.002308e-04,0.16046,1.0794
2329,2,9.001361e-04,0.24106,1.2802
2330,2,9.000414e-04,0.17028,0.7441
2331,2,8.999466e-04,0.24395,1.2670
2332,2,8.998517e-04,0.12368,0.8645
2333,2,8.997568e-04,0.23442,1.5309
2334,2,8.996619e-04,0.15547,0.8899
2335,2,8.995670e-04,0.18830,0.9658
2336,2,8.994720e-04,0.19490,0.7932
2337,2,8.993769e-04,0.18108,0.9765
2338,2,8.992819e-04,0.16876,0.8545
2339,2,8.991867e-04,0.16861,1.3999
2340,2,8.990916e-04,0.19487,1.5529
2341,2,8.989964e-04,0.18581,1.2015
2342,2,8.989012e-04,0.20132,0.7574
2343,2,8.988059e-04,0.15388,0.9863
2344,2,8.987106e-04,0.21643,0.6993
2345,2,8.986152e-04,0.20868,0.8403
2346,2,8.985198e-04,0.13960,0.6551
2347,2,8.984244e-04,0.18277,1.3258
2348,2,8.983289e-04,0.23767,1.1045
2349,2,8.982334e-04,0.20249,2.1497
2350,2,8.981379e-04,0.19106,2.1044
2351,2,8.980423e-04,0.20837,1.3431
2352,2,8.979466e-04,0.22385,1.1731
2353,2,8.978510e-04,0.21117,1.8211
2354,2,8.977553e-04,0.19203,0.8423
2355,2,8.976595e-04,0.14515,1.6729
2356,2,8.975637e-04,0.20617,0.9661
2357,2,8.974679e-04,0.18344,1.1556
2358,2,8.973720e-04,0.21785,0.9827
2359,2,8.972761e-04,0.16968,1.0991
2360,2,8.971802e-04,0.18232,0.7828
2361,2,8.970842e-04,0.12455,1.1612
2362,2,8.969882e-04,0.15857,0.6380
2363,2,8.968921e-04,0.19078,1.6576
2364,2,8.967960e-04,0.16464,1.3851
2365,2,8.966999e-04,0.16189,0.9560
2366,2,8.966037e-04,0.17185,0.8095
2367,2,8.965075e-04,0.16445,0.9217
2368,2,8.964112e-04,0.20850,1.0376
2369,2,8.963149e-04,0.12559,1.3251
2370,2,8.962186e-04,0.15948,1.4414
2371,2,8.961222e-04,0.18002,0.8812
2372,2,8.960258e-04,0.13762,0.6054
2373,2,8.959293e-04,0.14898,0.6160
2374,2,8.958328e-04,0.20244,0.7707
2375,2,8.957363e-04,0.18125,0.7369
2376,2,8.956397e-04,0.16125,0.7260
2377,2,8.955431e-04,0.18730,0.8732
2378,2,8.954465e-04,0.11331,0.8940
2379,2,8.953498e-04,0.13922,0.7872
2380,2,8.952531e-04,0.23818,1.8279
2381,2,8.951563e-04,0.19259,1.1154
2382,2,8.950595e-04,0.12819,0.6801
2383,2,8.949626e-04,0.27231,2.1773
2384,2,8.948657e-04,0.16701,1.0475
2385,2,8.947688e-04,0.14670,0.6617
2386,2,8.946719e-04,0.11968,0.4943
2387,2,8.945749e-04,0.27099,0.9314
2388,2,8.944778e-04,0.12081,0.5719
2389,2,8.943807e-04,0.16707,0.9669
2390,2,8.942836e-04,0.21757,0.8913
2391,2,8.941864e-04,0.21447,1.5962
2392,2,8.940892e-04,0.22958,1.2820
2393,2,8.939920e-04,0.14341,0.5758
2394,2,8.938947e-04,0.17877,0.7387
2395,2,8.937974e-04,0.19246,0.7355
2396,2,8.937001e-04,0.15962,0.6648
2397,2,8.936027e-04,0.16604,0.7053
2398,2,8.935052e-04,0.18944,1.0956
2399,2,8.934078e-04,0.21527,1.8788
2400,2,8.933103e-04,0.21952,1.6988
2401,2,8.932127e-04,0.16599,0.8981
2402,2,8.931151e-04,0.20884,0.9804
2403,2,8.930175e-04,0.17252,1.0125
2404,2,8.929198e-04,0.19199,0.7274
2405,2,8.928221e-04,0.19617,0.7851
2406,2,8.927244e-04,0.17322,0.7521
2407,2,8.926266e-04,0.19996,1.7364
2408,2,8.925288e-04,0.14691,0.9200
2409,2,8.924309e-04,0.21950,1.0594
2410,2,8.923330e-04,0.23280,1.1930
2411,2,8.922351e-04,0.18287,0.7568
2412,2,8.921371e-04,0.23419,2.1316
2413,2,8.920391e-04,0.14612,1.4406
2414,2,8.919410e-04,0.18197,2.0648
2415,2,8.918429e-04,0.13092,0.8312
2416,2,8.917448e-04,0.18355,1.1822
2417,2,8.916466e-04,0.18074,1.1664
2418,2,8.915484e-04,0.20662,0.9130
2419,2,8.914502e-04,0.18769,0.8147
2420,2,8.913519e-04,0.24203,1.3916
2421,2,8.912536e-04,0.23351,1.6762
2422,2,8.911552e-04,0.22683,1.5102
2423,2,8.910568e-04,0.27936,2.8421
2424,2,8.909583e-04,0.18736,1.3672
2425,2,8.908599e-04,0.23327,1.0094
2426,2,8.907613e-04,0.15477,0.7119
2427,2,8.906628e-04,0.17561,0.7346
2428,2,8.905642e-04,0.19065,0.8210
2429,2,8.904656e-04,0.18527,1.0580
2430,2,8.903669e-04,0.16848,0.8310
2431,2,8.902682e-04,0.18554,0.8243
2432,2,8.901694e-04,0.21514,0.8215
2433,2,8.900706e-04,0.18126,0.9485
2434,2,8.899718e-04,0.15563,0.6811
2435,2,8.898729e-04,0.13346,0.6069
2436,2,8.897740e-04,0.19811,0.9241
2437,2,8.896751e-04,0.14100,1.2337
2438,2,8.895761e-04,0.15396,1.4910
2439,2,8.894771e-04,0.21699,1.0711
2440,2,8.893780e-04,0.13994,0.6446
2441,2,8.892789e-04,0.18142,0.7813
2442,2,8.891798e-04,0.17008,0.6208
2443,2,8.890806e-04,0.16272,0.7698
2444,2,8.889814e-04,0.18200,0.7214
2445,2,8.888821e-04,0.20242,1.3289
2446,2,8.887829e-04,0.18438,0.7324
2447,2,8.886835e-04,0.20962,0.9428
2448,2,8.885842e-04,0.17415,0.7891
2449,2,8.884847e-04,0.12252,0.7428
2450,2,8.883853e-04,0.14824,1.0008
2451,2,8.882858e-04,0.14375,0.9136
2452,2,8.881863e-04,0.18246,0.6795
2453,2,8.880867e-04,0.17743,1.7916
2454,2,8.879871e-04,0.26793,2.0601
2455,2,8.878875e-04,0.17189,1.7411
2456,2,8.877878e-04,0.22659,2.4711
2457,2,8.876881e-04,0.20667,1.3598
2458,2,8.875884e-04,0.20741,1.1790
2459,2,8.874886e-04,0.18291,0.7475
2460,2,8.873887e-04,0.12978,1.0311
2461,2,8.872889e-04,0.19586,1.4201
2462,2,8.871890e-04,0.23873,1.4870
2463,2,8.870890e-04,0.19919,1.0816
2464,2,8.869890e-04,0.18320,0.7053
2465,2,8.868890e-04,0.22352,0.8223
2466,2,8.867890e-04,0.15480,0.6119
2467,2,8.866889e-04,0.17672,1.0189
2468,2,8.865887e-04,0.16600,0.7486
2469,2,8.864886e-04,0.19567,0.7204
2470,2,8.863884e-04,0.15260,1.1056
2471,2,8.862881e-04,0.24898,0.7716
2472,2,8.861878e-04,0.16163,0.7533
2473,2,8.860875e-04,0.21351,0.8604
2474,2,8.859871e-04,0.17553,1.7208
2475,2,8.858867e-04,0.19134,1.1485
2476,2,8.857863e-04,0.21158,1.2887
2477,2,8.856858e-04,0.18388,0.6791
2478,2,8.855853e-04,0.19775,1.0135
2479,2,8.854847e-04,0.15878,0.8852
2480,2,8.853841e-04,0.14655,0.6237
2481,2,8.852835e-04,0.19060,1.0137
2482,2,8.851828e-04,0.16890,1.9639
2483,2,8.850821e-04,0.22412,1.4737
2484,2,8.849814e-04,0.11544,1.1097
2485,2,8.848806e-04,0.20756,0.7686
2486,2,8.847798e-04,0.21434,1.1094
2487,2,8.846789e-04,0.14427,1.3212
2488,2,8.845780e-04,0.16944,0.8757
2489,2,8.844771e-04,0.20033,1.1084
2490,2,8.843761e-04,0.23445,0.9546
2491,2,8.842751e-04,0.14310,0.6370
2492,2,8.841741e-04,0.11564,0.7654
2493,2,8.840730e-04,0.19742,1.5971
2494,2,8.839719e-04,0.20797,1.1056
2495,2,8.838707e-04,0.17912,0.9838
2496,2,8.837695e-04,0.16540,0.7209
2497,2,8.836683e-04,0.14208,0.6636
2498,2,8.835670e-04,0.24749,1.7721
2499,2,8.834657e-04,0.25709,0.9841
2500,2,8.833643e-04,0.18386,1.1341
2501,2,8.832629e-04,0.19713,1.6016
2502,2,8.831615e-04,0.14782,0.8990
2503,2,8.830600e-04,0.23640,1.6316
2504,2,8.829585e-04,0.16371,0.9173
2505,2,8.828570e-04,0.20424,0.6795
2506,2,8.827554e-04,0.19869,0.8036
2507,2,8.826538e-04,0.23900,0.7724
2508,2,8.825521e-04,0.16183,0.7181
2509,2,8.824504e-04,0.25891,0.8398
2510,2,8.823487e-04,0.17579,0.7668
2511,2,8.822469e-04,0.14785,1.4814
2512,2,8.821451e-04,0.15271,0.7885
2513,2,8.820433e-04,0.19713,0.6786
2514,2,8.819414e-04,0.17323,0.7063
2515,2,8.818395e-04,0.14618,0.6622
2516,2,8.817375e-04,0.17604,0.8939
2517,2,8.816355e-04,0.18825,0.7832
2518,2,8.815335e-04,0.24619,0.8913
2519,2,8.814314e-04,0.17650,0.6736
2520,2,8.813293e-04,0.17633,0.7074
2521,2,8.812272e-04,0.14493,1.1229
2522,2,8.811250e-04,0.15441,0.9493
2523,2,8.810228e-04,0.17905,1.5089
2524,2,8.809205e-04,0.17910,0.6886
2525,2,8.808182e-04,0.24276,1.2159
2526,2,8.807159e-04,0.17479,0.7785
2527,2,8.806135e-04,0.19881,1.0161
2528,2,8.805111e-04,0.15348,0.9956
2529,2,8.804086e-04,0.19486,0.9106
2530,2,8.803062e-04,0.18688,0.6649
2531,2,8.802036e-04,0.15094,0.7747
2532,2,8.801011e-04,0.18953,0.7745
2533,2,8.799985e-04,0.20268,0.9232
2534,2,8.798958e-04,0.21368,1.0947
2535,2,8.797932e-04,0.17210,0.7326
2536,2,8.796905e-04,0.12483,0.8152
2537,2,8.795877e-04,0.12261,0.5631
2538,2,8.794849e-04,0.20708,0.7565
2539,2,8.793821e-04,0.17524,0.6773
2540,2,8.792792e-04,0.18909,1.2415
2541,2,8.791764e-04,0.16726,0.9275
2542,2,8.790734e-04,0.23532,1.0759
2543,2,8.789704e-04,0.23038,0.9512
2544,2,8.788674e-04,0.18193,0.7451
2545,2,8.787644e-04,0.18524,1.2615
2546,2,8.786613e-04,0.20392,0.8102
2547,2,8.785582e-04,0.14896,1.5845
2548,2,8.784550e-04,0.20780,0.7406
2549,2,8.783518e-04,0.20864,0.9956
2550,2,8.782486e-04,0.23711,0.9405
2551,2,8.781453e-04,0.19172,0.8700
2552,2,8.780420e-04,0.20195,0.7903
2553,2,8.779387e-04,0.18445,0.6858
2554,2,8.778353e-04,0.15362,0.8748
2555,2,8.777319e-04,0.18111,1.2201
2556,2,8.776284e-04,0.21099,1.1787
2557,2,8.775249e-04,0.19362,0.8796
2558,2,8.774214e-04,0.17091,1.0158
2559,2,8.773178e-04,0.18052,0.8975
2560,2,8.772142e-04,0.18896,0.8388
2561,2,8.771106e-04,0.21198,0.9810
2562,2,8.770069e-04,0.17106,1.0164
2563,2,8.769032e-04,0.14491,0.8041
2564,2,8.767994e-04,0.20794,0.7473
2565,2,8.766956e-04,0.19435,1.0120
2566,2,8.765918e-04,0.18251,0.6700
2567,2,8.764879e-04,0.18138,0.7704
2568,2,8.763840e-04,0.23476,0.9012
2569,2,8.762801e-04,0.21919,0.8275
2570,2,8.761761e-04,0.17779,0.8670
2571,2,8.760721e-04,0.08782,0.4601
2572,2,8.759680e-04,0.14302,1.0684
2573,2,8.758639e-04,0.16928,0.8356
2574,2,8.757598e-04,0.16642,0.7823
2575,2,8.756556e-04,0.14691,0.5842
2576,2,8.755514e-04,0.17487,0.7116
2577,2,8.754472e-04,0.18935,0.8939
2578,2,8.753429e-04,0.20845,0.7689
2579,2,8.752386e-04,0.20316,0.7309
2580,2,8.751343e-04,0.16719,1.5643
2581,2,8.750299e-04,0.14383,0.6817
2582,2,8.749255e-04,0.16840,1.0048
2583,2,8.748210e-04,0.16668,1.0489
2584,2,8.747165e-04,0.18080,0.8763
2585,2,8.746120e-04,0.12827,0.7120
2586,2,8.745074e-04,0.16477,1.2124
2587,2,8.744028e-04,0.19951,0.7932
2588,2,8.742981e-04,0.25624,0.9069
2589,2,8.741935e-04,0.17981,1.1095
2590,2,8.740887e-04,0.20028,1.0178
2591,2,8.739840e-04,0.25378,0.9677
2592,2,8.738792e-04,0.21508,0.7620
2593,2,8.737744e-04,0.14651,0.6811
2594,2,8.736695e-04,0.17103,2.0677
2595,2,8.735646e-04,0.18046,0.8129
2596,2,8.734596e-04,0.21026,1.1385
2597,2,8.733547e-04,0.14862,0.7583
2598,2,8.732497e-04,0.20591,1.2359
2599,2,8.731446e-04,0.19545,0.8531
2600,2,8.730395e-04,0.18810,0.7410
2601,2,8.729344e-04,0.20708,0.9459
2602,2,8.728292e-04,0.20236,1.1437
2603,2,8.727240e-04,0.13852,0.6965
2604,2,8.726188e-04,0.18564,1.1313
2605,2,8.725135e-04,0.14632,1.2997
2606,2,8.724082e-04,0.17692,0.7528
2607,2,8.723029e-04,0.16949,0.7440
2608,2,8.721975e-04,0.12598,0.6787
2609,2,8.720921e-04,0.21032,1.2484
2610,2,8.719866e-04,0.19517,1.4480
2611,2,8.718811e-04,0.18416,0.9209
2612,2,8.717756e-04,0.18449,1.6963
2613,2,8.716700e-04,0.17101,0.7062
2614,2,8.715644e-04,0.28514,0.9411
2615,2,8.714588e-04,0.20255,0.9621
2616,2,8.713531e-04,0.15888,0.6512
2617,2,8.712474e-04,0.19295,1.3550
2618,2,8.711417e-04,0.15727,0.5681
2619,2,8.710359e-04,0.10027,0.4841
2620,2,8.709301e-04,0.17157,1.0479
2621,2,8.708242e-04,0.14691,1.0526
2622,2,8.707183e-04,0.14815,0.7751
2623,2,8.706124e-04,0.15052,0.6342
2624,2,8.705064e-04,0.19683,0.6994
2625,2,8.704004e-04,0.21498,1.1127
2626,2,8.702944e-04,0.14867,0.6399
2627,2,8.701883e-04,0.13143,0.5558
2628,2,8.700822e-04,0.21993,1.1211
2629,2,8.699760e-04,0.21621,1.4517
2630,2,8.698698e-04,0.13447,0.6445
2631,2,8.697636e-04,0.16928,0.9855
2632,2,8.696574e-04,0.21129,0.9380
2633,2,8.695511e-04,0.20693,0.9965
2634,2,8.694447e-04,0.16122,1.0049
2635,2,8.693384e-04,0.16114,0.8907
2636,2,8.692319e-04,0.21410,1.8255
2637,2,8.691255e-04,0.22631,0.7590
2638,2,8.690190e-04,0.17721,0.7846
2639,2,8.689125e-04,0.14667,1.0190
2640,2,8.688060e-04,0.13672,1.2585
2641,2,8.686994e-04,0.20157,1.2329
2642,2,8.685928e-04,0.18593,1.1954
2643,2,8.684861e-04,0.15735,1.1332
2644,2,8.683794e-04,0.16154,0.6751
2645,2,8.682727e-04,0.12722,0.8669
2646,2,8.681659e-04,0.12442,0.5960
2647,2,8.680591e-04,0.16525,0.7856
2648,2,8.679523e-04,0.17426,0.7675
2649,2,8.678454e-04,0.25942,0.8255
2650,2,8.677385e-04,0.21004,0.8316
2651,2,8.676315e-04,0.12765,0.5129
2652,2,8.675245e-04,0.15710,0.9466
2653,2,8.674175e-04,0.19010,0.7612
2654,2,8.673104e-04,0.25113,1.4148
2655,2,8.672033e-04,0.15220,0.6053
2656,2,8.670962e-04,0.18158,0.9118
2657,2,8.669890e-04,0.19715,0.7343
2658,2,8.668818e-04,0.26080,0.9789
2659,2,8.667746e-04,0.20051,0.7884
2660,2,8.666673e-04,0.22610,0.7974
2661,2,8.665600e-04,0.23848,0.8971
2662,2,8.664527e-04,0.15277,0.6245
2663,2,8.663453e-04,0.15443,0.6911
2664,2,8.662379e-04,0.14978,0.6190
2665,2,8.661304e-04,0.18611,0.6636
2666,2,8.660229e-04,0.24106,1.0113
2667,2,8.659154e-04,0.24245,0.8484
2668,2,8.658078e-04,0.17021,0.8341
2669,2,8.657002e-04,0.17403,1.0313
2670,2,8.655926e-04,0.12230,0.5302
2671,2,8.654849e-04,0.13733,0.8525
2672,2,8.653772e-04,0.15976,0.8190
2673,2,8.652695e-04,0.20359,1.0534
2674,2,8.651617e-04,0.18010,0.8453
2675,2,8.650539e-04,0.17342,1.1384
2676,2,8.649460e-04,0.16830,0.7042
2677,2,8.648381e-04,0.18403,1.2470
2678,2,8.647302e-04,0.18075,0.6846
2679,2,8.646222e-04,0.19010,0.6649
2680,2,8.645143e-04,0.16167,0.9178
2681,2,8.644062e-04,0.17360,0.6558
2682,2,8.642982e-04,0.15159,0.8392
2683,2,8.641900e-04,0.18856,1.6595
2684,2,8.640819e-04,0.17798,0.9848
2685,2,8.639737e-04,0.18144,1.2138
2686,2,8.638655e-04,0.12764,1.1663
2687,2,8.637573e-04,0.15528,0.6246
2688,2,8.636490e-04,0.14409,0.6941
2689,2,8.635407e-04,0.18895,1.2710
2690,2,8.634323e-04,0.20382,0.7905
2691,2,8.633239e-04,0.13488,0.6973
2692,2,8.632155e-04,0.23574,1.5658
2693,2,8.631070e-04,0.15164,0.9354
2694,2,8.629985e-04,0.22481,1.0839
2695,2,8.628900e-04,0.20493,0.8135
2696,2,8.627814e-04,0.21632,1.0246
2697,2,8.626728e-04,0.19055,1.5041
2698,2,8.625642e-04,0.20832,2.1678
2699,2,8.624555e-04,0.14948,0.9448
2700,2,8.623468e-04,0.17890,1.1614
2701,2,8.622381e-04,0.21017,1.0676
2702,2,8.621293e-04,0.24311,1.0272
2703,2,8.620205e-04,0.17474,1.1304
2704,2,8.619116e-04,0.18759,0.7695
2705,2,8.618027e-04,0.14564,1.2156
2706,2,8.616938e-04,0.21514,1.3541
2707,2,8.615848e-04,0.20444,2.6114
2708,2,8.614758e-04,0.16752,0.6444
2709,2,8.613668e-04,0.20711,1.0983
2710,2,8.612577e-04,0.15250,0.9280
2711,2,8.611486e-04,0.16109,0.9289
2712,2,8.610395e-04,0.18920,1.2294
2713,2,8.609303e-04,0.28347,2.3785
2714,2,8.608211e-04,0.14089,0.6517
2715,2,8.607119e-04,0.22511,0.7258
2716,2,8.606026e-04,0.15035,0.7832
2717,2,8.604933e-04,0.11064,0.5261
2718,2,8.603839e-04,0.17845,0.9216
2719,2,8.602745e-04,0.13155,0.6910
2720,2,8.601651e-04,0.17554,0.8198
2721,2,8.600556e-04,0.14820,0.8149
2722,2,8.599462e-04,0.19270,1.2455
2723,2,8.598366e-04,0.14560,0.6445
2724,2,8.597271e-04,0.15940,0.6912
2725,2,8.596175e-04,0.14056,1.0995
2726,2,8.595078e-04,0.16249,0.7080
2727,2,8.593982e-04,0.18656,1.0801
2728,2,8.592885e-04,0.22064,1.6979
2729,2,8.591787e-04,0.14461,0.6942
2730,2,8.590689e-04,0.13323,0.8657
2731,2,8.589591e-04,0.21197,0.8413
2732,2,8.588493e-04,0.18347,1.0412
2733,2,8.587394e-04,0.20087,1.4243
2734,2,8.586295e-04,0.11929,0.7038
2735,2,8.585195e-04,0.16742,0.9140
2736,2,8.584095e-04,0.15830,0.7348
2737,2,8.582995e-04,0.19877,0.7620
2738,2,8.581895e-04,0.18112,0.8265
2739,2,8.580794e-04,0.21024,0.7515
2740,2,8.579692e-04,0.16951,1.8503
2741,2,8.578591e-04,0.18610,0.9494
2742,2,8.577489e-04,0.18529,0.6748
2743,2,8.576386e-04,0.14449,0.6601
2744,2,8.575284e-04,0.12482,0.5581
2745,2,8.574181e-04,0.20901,0.8642
2746,2,8.573077e-04,0.14349,0.6729
2747,2,8.571973e-04,0.16728,0.6757
2748,2,8.570869e-04,0.21160,0.8317
2749,2,8.569765e-04,0.12859,0.7845
2750,2,8.568660e-04,0.18783,0.8680
2751,2,8.567555e-04,0.15096,0.8178
2752,2,8.566449e-04,0.18081,0.9343
2753,2,8.565344e-04,0.13237,0.7340
2754,2,8.564237e-04,0.19212,0.6847
2755,2,8.563131e-04,0.15910,0.8738
2756,2,8.562024e-04,0.16444,1.2930
2757,2,8.560917e-04,0.15896,0.9442
2758,2,8.559809e-04,0.19588,0.8412
2759,2,8.558701e-04,0.18808,1.0887
2760,2,8.557593e-04,0.24661,0.8194
2761,2,8.556484e-04,0.13105,1.0598
2762,2,8.555375e-04,0.19048,0.7317
2763,2,8.554266e-04,0.22671,1.6923
2764,2,8.553156e-04,0.13032,1.1200
2765,2,8.552046e-04,0.17642,0.6821
2766,2,8.550936e-04,0.22670,1.2207
2767,2,8.549825e-04,0.16174,0.9398
2768,2,8.548714e-04,0.16292,0.9211
2769,2,8.547602e-04,0.15316,0.7186
2770,2,8.546490e-04,0.19184,0.7924
2771,2,8.545378e-04,0.17448,0.6804
2772,2,8.544266e-04,0.16533,1.2686
2773,2,8.543153e-04,0.21982,0.7930
2774,2,8.542040e-04,0.28380,0.9675
2775,2,8.540926e-04,0.20086,1.7927
2776,2,8.539812e-04,0.24188,2.4282
2777,2,8.538698e-04,0.21881,1.5186
2778,2,8.537583e-04,0.12802,1.1497
2779,2,8.536469e-04,0.13628,0.7193
2780,2,8.535353e-04,0.12114,0.7425
2781,2,8.534238e-04,0.16890,0.7806
2782,2,8.533122e-04,0.18489,1.0237
2783,2,8.532005e-04,0.12226,0.5821
2784,2,8.530889e-04,0.14012,0.8964
2785,2,8.529772e-04,0.13847,1.3473
2786,2,8.528654e-04,0.22569,0.7285
2787,2,8.527537e-04,0.19635,0.7998
2788,2,8.526419e-04,0.15791,0.7548
2789,2,8.525300e-04,0.16769,0.8899
2790,2,8.524181e-04,0.18846,0.7478
2791,2,8.523062e-04,0.20126,0.9456
2792,2,8.521943e-04,0.23919,1.9581
2793,2,8.520823e-04,0.13868,0.7945
2794,2,8.519703e-04,0.17426,0.9555
2795,2,8.518582e-04,0.19505,0.9081
2796,2,8.517462e-04,0.14475,0.6457
2797,2,8.516340e-04,0.16836,0.7772
2798,2,8.515219e-04,0.13626,0.7256
2799,2,8.514097e-04,0.15588,0.8896
2800,2,8.512975e-04,0.15538,0.6623
2801,2,8.511852e-04,0.15221,1.5291
2802,2,8.510729e-04,0.17032,0.7065
2803,2,8.509606e-04,0.17147,0.8684
2804,2,8.508483e-04,0.19966,1.0923
2805,2,8.507359e-04,0.19540,0.7062
2806,2,8.506234e-04,0.23763,0.9065
2807,2,8.505110e-04,0.17036,0.7739
2808,2,8.503985e-04,0.20039,0.8638
2809,2,8.502860e-04,0.21784,0.7513
2810,2,8.501734e-04,0.17063,1.8968
2811,2,8.500608e-04,0.16431,1.2485
2812,2,8.499482e-04,0.19036,0.7770
2813,2,8.498355e-04,0.14086,0.6842
2814,2,8.497228e-04,0.18331,0.7074
2815,2,8.496100e-04,0.21666,0.8499
2816,2,8.494973e-04,0.13840,0.5670
2817,2,8.493845e-04,0.16341,0.7350
2818,2,8.492716e-04,0.18795,1.0796
2819,2,8.491588e-04,0.16041,0.8381
2820,2,8.490458e-04,0.21097,0.7678
2821,2,8.489329e-04,0.14275,0.6111
2822,2,8.488199e-04,0.17765,0.6801
2823,2,8.487069e-04,0.11313,0.6101
2824,2,8.485939e-04,0.14405,0.6490
2825,2,8.484808e-04,0.25450,1.1455
2826,2,8.483677e-04,0.17087,0.6623
2827,2,8.482545e-04,0.21245,0.7702
2828,2,8.481413e-04,0.21240,0.7820
2829,2,8.480281e-04,0.16769,1.0923
2830,2,8.479149e-04,0.18952,1.6819
2831,2,8.478016e-04,0.19650,1.9273
2832,2,8.476883e-04,0.15014,0.5934
2833,2,8.475749e-04,0.17533,0.6984
2834,2,8.474615e-04,0.17840,0.6824
2835,2,8.473481e-04,0.13927,0.7021
2836,2,8.472347e-04,0.21446,1.3265
2837,2,8.471212e-04,0.23490,1.0602
2838,2,8.470077e-04,0.17255,1.4336
2839,2,8.468941e-04,0.16049,0.6099
2840,2,8.467805e-04,0.14446,0.8850
2841,2,8.466669e-04,0.16717,0.7448
2842,2,8.465532e-04,0.19391,0.8824
2843,2,8.464395e-04,0.20524,0.9813
2844,2,8.463258e-04,0.19682,1.9258
2845,2,8.462120e-04,0.12502,0.6306
2846,2,8.460982e-04,0.18819,0.7632
2847,2,8.459844e-04,0.17759,0.8843
2848,2,8.458706e-04,0.15321,0.8715
2849,2,8.457567e-04,0.21992,0.9226
2850,2,8.456427e-04,0.19506,1.2814
2851,2,8.455288e-04,0.18260,0.8049
2852,2,8.454148e-04,0.26659,0.9980
2853,2,8.453007e-04,0.19555,0.8573
2854,2,8.451867e-04,0.11477,0.6827
2855,2,8.450726e-04,0.21104,0.7574
2856,2,8.449584e-04,0.16391,1.3269
2857,2,8.448443e-04,0.15911,0.7161
2858,2,8.447301e-04,0.18050,1.0128
2859,2,8.446158e-04,0.16423,0.6399
2860,2,8.445016e-04,0.19657,0.7754
2861,2,8.443873e-04,0.20954,0.7058
2862,2,8.442729e-04,0.21858,0.8516
2863,2,8.441585e-04,0.16772,0.6612
2864,2,8.440441e-04,0.18346,0.7200
2865,2,8.439297e-04,0.15375,0.6807
2866,2,8.438152e-04,0.21637,0.7726
2867,2,8.437007e-04,0.20737,1.2467
2868,2,8.435862e-04,0.22120,1.3345
2869,2,8.434716e-04,0.16435,0.7901
2870,2,8.433570e-04,0.12671,1.0925
2871,2,8.432424e-04,0.13940,0.7314
2872,2,8.431277e-04,0.15867,0.7801
2873,2,8.430130e-04,0.20816,0.8625
2874,2,8.428982e-04,0.18653,0.7983
2875,2,8.427835e-04,0.16087,0.6496
2876,2,8.426687e-04,0.16389,0.6273
2877,2,8.425538e-04,0.19792,1.5362
2878,2,8.424389e-04,0.17731,0.7224
2879,2,8.423240e-04,0.18480,0.7763
2880,2,8.422091e-04,0.15213,0.7234
2881,2,8.420941e-04,0.16629,0.7587
2882,2,8.419791e-04,0.20406,0.9632
2883,2,8.418641e-04,0.17037,1.5062
2884,2,8.417490e-04,0.17336,0.7124
2885,2,8.416339e-04,0.12481,0.9415
2886,2,8.415187e-04,0.10683,0.5102
2887,2,8.414036e-04,0.14418,1.4882
2888,2,8.412884e-04,0.14310,0.6042
2889,2,8.411731e-04,0.20475,1.6402
2890,2,8.410578e-04,0.23906,2.2840
2891,2,8.409425e-04,0.20585,1.2930
2892,2,8.408272e-04,0.20354,1.3628
2893,2,8.407118e-04,0.16174,0.8332
2894,2,8.405964e-04,0.20467,1.2381
2895,2,8.404809e-04,0.17749,0.9164
2896,2,8.403655e-04,0.17691,1.3310
2897,2,8.402500e-04,0.18880,0.7058
2898,2,8.401344e-04,0.14237,1.1152
2899,2,8.400188e-04,0.17415,1.6561
2900,2,8.399032e-04,0.20779,1.0595
2901,2,8.397876e-04,0.12441,0.7041
2902,2,8.396719e-04,0.16411,0.7922
2903,2,8.395562e-04,0.18246,1.0305
2904,2,8.394404e-04,0.21790,0.8136
2905,2,8.393247e-04,0.18645,0.9924
2906,2,8.392089e-04,0.13590,0.7321
2907,2,8.390930e-04,0.16228,0.8882
2908,2,8.389771e-04,0.18687,0.8446
2909,2,8.388612e-04,0.19599,0.7298
2910,2,8.387453e-04,0.20482,0.7344
2911,2,8.386293e-04,0.20764,1.0410
2912,2,8.385133e-04,0.16403,1.2076
2913,2,8.383973e-04,0.15408,0.7437
2914,2,8.382812e-04,0.17142,1.2573
2915,2,8.381651e-04,0.18790,0.6947
2916,2,8.380489e-04,0.18909,1.5201
2917,2,8.379328e-04,0.14264,0.8633
2918,2,8.378165e-04,0.19936,0.7411
2919,2,8.377003e-04,0.14389,0.9121
2920,2,8.375840e-04,0.18408,0.8551
2921,2,8.374677e-04,0.20045,0.8622
2922,2,8.373514e-04,0.16148,0.7057
2923,2,8.372350e-04,0.16852,0.7935
2924,2,8.371186e-04,0.22183,1.2266
2925,2,8.370022e-04,0.13688,0.5965
2926,2,8.368857e-04,0.21971,0.9047
2927,2,8.367692e-04,0.17700,0.6828
2928,2,8.366526e-04,0.14437,0.7108
2929,2,8.365361e-04,0.13223,0.7656
2930,2,8.364195e-04,0.13539,0.8975
2931,2,8.363028e-04,0.25693,0.8012
2932,2,8.361862e-04,0.15984,0.6912
2933,2,8.360695e-04,0.19358,0.7664
2934,2,8.359527e-04,0.16666,0.7022
2935,2,8.358360e-04,0.22455,1.0569
2936,2,8.357192e-04,0.23231,1.2479
2937,2,8.356023e-04,0.18840,0.9949
2938,2,8.354855e-04,0.16094,1.1033
2939,2,8.353686e-04,0.14887,0.7053
2940,2,8.352516e-04,0.19280,1.1267
2941,2,8.351347e-04,0.16831,0.8932
2942,2,8.350177e-04,0.22606,0.8663
2943,2,8.349006e-04,0.13579,0.7325
2944,2,8.347836e-04,0.21264,1.2255
2945,2,8.346665e-04,0.15384,1.0503
2946,2,8.345493e-04,0.13249,0.7590
2947,2,8.344322e-04,0.15329,0.7762
2948,2,8.343150e-04,0.16624,1.3556
2949,2,8.341977e-04,0.19473,0.7365
2950,2,8.340805e-04,0.15783,0.5531
2951,2,8.339632e-04,0.15658,0.6245
2952,2,8.338459e-04,0.14691,1.2032
2953,2,8.337285e-04,0.20633,1.5137
2954,2,8.336111e-04,0.17348,0.9519
2955,2,8.334937e-04,0.20925,1.3235
2956,2,8.333762e-04,0.15985,0.7516
2957,2,8.332587e-04,0.12584,0.5584
2958,2,8.331412e-04,0.16415,1.2499
2959,2,8.330237e-04,0.16407,1.0232
2960,2,8.329061e-04,0.19941,1.4420
2961,2,8.327885e-04,0.13301,0.7465
2962,2,8.326708e-04,0.22007,1.1072
2963,2,8.325531e-04,0.11487,0.6735
2964,2,8.324354e-04,0.17952,0.7024
2965,2,8.323177e-04,0.15820,0.7027
2966,2,8.321999e-04,0.13099,0.9514
2967,2,8.320821e-04,0.15304,0.7786
2968,2,8.319642e-04,0.18182,0.7727
2969,2,8.318463e-04,0.18644,0.7609
2970,2,8.317284e-04,0.21655,1.0815
2971,2,8.316105e-04,0.19958,1.2283
2972,2,8.314925e-04,0.21069,0.8426
2973,2,8.313745e-04,0.17398,0.6928
2974,2,8.312565e-04,0.13726,0.6634
2975,2,8.311384e-04,0.14754,0.9987
2976,2,8.310203e-04,0.22315,2.0346
2977,2,8.309021e-04,0.22891,1.7234
2978,2,8.307840e-04,0.17800,0.6894
2979,2,8.306658e-04,0.13267,0.6080
2980,2,8.305475e-04,0.15356,1.5539
2981,2,8.304293e-04,0.22393,0.7560
2982,2,8.303110e-04,0.23286,0.9365
2983,2,8.301926e-04,0.15237,0.7122
2984,2,8.300743e-04,0.11875,0.6660
2985,2,8.299559e-04,0.27443,1.1441
2986,2,8.298374e-04,0.17934,1.3101
2987,2,8.297190e-04,0.17567,0.7375
2988,2,8.296005e-04,0.17035,0.6800
2989,2,8.294820e-04,0.16732,0.8382
2990,2,8.293634e-04,0.11649,0.5291
2991,2,8.292448e-04,0.18269,0.8969
2992,2,8.291262e-04,0.13811,0.7607
2993,2,8.290075e-04,0.14770,0.7024
2994,2,8.288889e-04,0.20713,0.9327
2995,2,8.287701e-04,0.17249,1.0327
2996,2,8.286514e-04,0.17408,0.6051
2997,2,8.285326e-04,0.18207,0.7828
2998,2,8.284138e-04,0.15766,0.7764
2999,2,8.282949e-04,0.18567,1.4244
3000,2,8.281761e-04,0.19992,0.8579
3001,2,8.280572e-04,0.12425,1.0435
3002,2,8.279382e-04,0.14488,0.7133
3003,2,8.278192e-04,0.12977,0.5452
3004,2,8.277002e-04,0.19662,0.7942
3005,2,8.275812e-04,0.17910,0.9665
3006,2,8.274621e-04,0.20545,0.7774
3007,2,8.273430e-04,0.10399,0.5503
3008,2,8.272239e-04,0.12220,0.5359
3009,2,8.271047e-04,0.16138,1.1874
3010,2,8.269855e-04,0.16192,1.3246
3011,2,8.268663e-04,0.15925,0.8115
3012,2,8.267470e-04,0.12853,0.7370
3013,2,8.266277e-04,0.20536,1.2154
3014,2,8.265084e-04,0.15441,1.0978
3015,2,8.263890e-04,0.16583,1.4329
3016,2,8.262696e-04,0.16516,1.3210
3017,2,8.261502e-04,0.15241,0.7253
3018,2,8.260308e-04,0.17325,0.7850
3019,2,8.259113e-04,0.15710,0.7134
3020,2,8.257918e-04,0.16069,0.9386
3021,2,8.256722e-04,0.11800,0.6513
3022,2,8.255526e-04,0.15456,1.5253
3023,2,8.254330e-04,0.17981,1.3007
3024,2,8.253134e-04,0.17821,0.7809
3025,2,8.251937e-04,0.14197,0.7189
3026,2,8.250740e-04,0.19065,0.6945
3027,2,8.249543e-04,0.16344,0.6322
3028,2,8.248345e-04,0.17973,0.9695
3029,2,8.247147e-04,0.22143,1.8395
3030,2,8.245948e-04,0.18220,0.6759
3031,2,8.244750e-04,0.15041,0.8743
3032,2,8.243551e-04,0.18178,0.6964
3033,2,8.242352e-04,0.14047,1.7020
3034,2,8.241152e-04,0.13150,0.7789
3035,2,8.239952e-04,0.13742,0.8709
3036,2,8.238752e-04,0.16626,0.6980
3037,2,8.237551e-04,0.12487,0.5742
3038,2,8.236350e-04,0.23691,0.8258
3039,2,8.235149e-04,0.18496,0.8979
3040,2,8.233948e-04,0.16198,1.3801
3041,2,8.232746e-04,0.19514,2.3234
3042,2,8.231544e-04,0.21828,1.1518
3043,2,8.230341e-04,0.15557,1.9320
3044,2,8.229138e-04,0.15086,0.8198
3045,2,8.227935e-04,0.18218,0.7688
3046,2,8.226732e-04,0.15963,0.8570
3047,2,8.225528e-04,0.14499,0.8805
3048,2,8.224324e-04,0.19924,0.8160
3049,2,8.223120e-04,0.15514,0.9312
3050,2,8.221915e-04,0.21241,0.8473
3051,2,8.220710e-04,0.12383,0.7423
3052,2,8.219505e-04,0.16735,0.6803
3053,2,8.218299e-04,0.12442,0.6183
3054,2,8.217093e-04,0.12250,0.8726
3055,2,8.215887e-04,0.17869,0.7153
3056,2,8.214681e-04,0.14936,0.6725
3057,2,8.213474e-04,0.20200,1.0093
3058,2,8.212267e-04,0.17424,1.0160
3059,2,8.211059e-04,0.18449,0.8630
3060,2,8.209851e-04,0.13973,0.9263
3061,2,8.208643e-04,0.15651,0.6372
3062,2,8.207435e-04,0.19967,1.0384
3063,2,8.206226e-04,0.21583,1.1508
3064,2,8.205017e-04,0.15700,0.9765
3065,2,8.203808e-04,0.15977,0.7697
3066,2,8.202598e-04,0.22146,1.3593
3067,2,8.201388e-04,0.15015,0.6985
3068,2,8.200178e-04,0.12351,0.6304
3069,2,8.198967e-04,0.11396,0.5689
3070,2,8.197756e-04,0.24758,0.7529
3071,2,8.196545e-04,0.15956,0.6963
3072,2,8.195333e-04,0.13954,1.2038
3073,2,8.194121e-04,0.24960,1.3012
3074,2,8.192909e-04,0.18470,0.9109
3075,2,8.191697e-04,0.16971,0.7635
3076,2,8.190484e-04,0.15642,0.6485
3077,2,8.189271e-04,0.15895,1.1081
3078,2,8.188057e-04,0.21622,1.2786
3079,2,8.186844e-04,0.14553,1.2569
3080,2,8.185630e-04,0.16181,0.7283
3081,2,8.184415e-04,0.17340,0.9463
3082,2,8.183201e-04,0.15454,0.8533
3083,2,8.181986e-04,0.21136,1.1312
3084,2,8.180771e-04,0.13724,0.5728
3085,2,8.179555e-04,0.15875,0.6951
3086,2,8.178339e-04,0.16241,0.7151
3087,2,8.177123e-04,0.19042,0.8525
3088,2,8.175906e-04,0.12765,0.6139
3089,2,8.174689e-04,0.18300,1.6977
3090,2,8.173472e-04,0.19655,1.0857
3091,2,8.172255e-04,0.14566,0.6193
3092,2,8.171037e-04,0.19036,0.7743
3093,2,8.169819e-04,0.15712,0.7360
3094,2,8.168601e-04,0.11977,0.5585
3095,2,8.167382e-04,0.18427,0.7098
3096,2,8.166163e-04,0.21949,0.8091
3097,2,8.164944e-04,0.15552,0.9171
3098,2,8.163724e-04,0.18399,0.7549
3099,2,8.162504e-04,0.18164,0.7423
3100,2,8.161284e-04,0.20455,0.8357
3101,2,8.160064e-04,0.14419,0.7689
3102,2,8.158843e-04,0.19529,1.4241
3103,2,8.157622e-04,0.17757,0.9249
3104,2,8.156400e-04,0.16797,0.6933
3105,2,8.155178e-04,0.14716,0.6191
3106,2,8.153956e-04,0.19714,0.7951
3107,2,8.152734e-04,0.14200,0.9796
3108,2,8.151511e-04,0.19746,0.9113
3109,2,8.150288e-04,0.19563,1.4995
3110,2,8.149065e-04,0.25509,1.4740
3111,2,8.147841e-04,0.15088,0.5526
3112,2,8.146618e-04,0.17997,0.7927
3113,2,8.145393e-04,0.17966,0.5703
3114,2,8.144169e-04,0.13690,1.0110
3115,2,8.142944e-04,0.13713,0.5403
3116,2,8.141719e-04,0.24490,0.7947
3117,2,8.140493e-04,0.22988,1.6353
3118,2,8.139268e-04,0.17806,0.7776
3119,2,8.138042e-04,0.22134,0.8540
3120,2,8.136815e-04,0.21086,1.2277
3121,2,8.135589e-04,0.18226,0.8511
3122,2,8.134362e-04,0.23581,0.8596
3123,2,8.133134e-04,0.16354,0.6519
3124,2,8.131907e-04,0.18234,1.1836
3125,2,8.130679e-04,0.14200,0.8635
3126,2,8.129451e-04,0.10523,0.9871
3127,2,8.128222e-04,0.19250,0.6443
3128,2,8.126994e-04,0.16133,1.0226
3129,2,8.125765e-04,0.19367,0.8219
3130,2,8.124535e-04,0.15072,0.6140
3131,2,8.123305e-04,0.17976,1.0909
3132,2,8.122075e-04,0.19092,0.9836
3133,2,8.120845e-04,0.18795,1.0147
3134,2,8.119615e-04,0.14708,0.7398
3135,2,8.118384e-04,0.14304,0.7629
3136,2,8.117152e-04,0.15542,0.9078
3137,2,8.115921e-04,0.21235,0.9229
3138,2,8.114689e-04,0.13346,0.6379
3139,2,8.113457e-04,0.17793,0.7010
3140,2,8.112225e-04,0.17357,0.9192
3141,2,8.110992e-04,0.17869,1.0677
3142,2,8.109759e-04,0.13537,0.8769
3143,2,8.108525e-04,0.17356,1.4294
3144,2,8.107292e-04,0.15434,0.6989
3145,2,8.106058e-04,0.13950,0.6892
3146,2,8.104824e-04,0.12822,0.5175
3147,2,8.103589e-04,0.16525,1.1688
3148,2,8.102354e-04,0.15496,0.7024
3149,2,8.101119e-04,0.20484,1.1134
3150,2,8.099884e-04,0.18085,0.8222
3151,2,8.098648e-04,0.25036,0.8504
3152,2,8.097412e-04,0.16936,0.8488
3153,2,8.096175e-04,0.23654,0.7882
3154,2,8.094939e-04,0.19970,1.0444
3155,2,8.093702e-04,0.20067,0.7161
3156,2,8.092465e-04,0.15061,0.7982
3157,2,8.091227e-04,0.16999,0.8189
3158,2,8.089989e-04,0.13453,0.6395
3159,2,8.088751e-04,0.16994,0.8044
3160,2,8.087513e-04,0.15209,0.6371
3161,2,8.086274e-04,0.19632,0.9337
3162,2,8.085035e-04,0.19313,0.8228
3163,2,8.083795e-04,0.16458,0.6306
3164,2,8.082556e-04,0.18086,1.3096
3165,2,8.081316e-04,0.14636,0.8351
3166,2,8.080076e-04,0.15503,0.6626
3167,2,8.078835e-04,0.20110,0.6985
3168,2,8.077594e-04,0.16412,0.6331
3169,2,8.076353e-04,0.18387,1.1597
3170,2,8.075112e-04,0.21438,1.1153
3171,2,8.073870e-04,0.22337,1.1186
3172,2,8.072628e-04,0.18095,0.8316
3173,2,8.071386e-04,0.14495,0.6240
3174,2,8.070143e-04,0.12812,0.6669
3175,2,8.068900e-04,0.14922,0.8433
3176,2,8.067657e-04,0.11398,1.5206
3177,2,8.066413e-04,0.16625,0.6557
3178,2,8.065169e-04,0.15156,0.8957
3179,2,8.063925e-04,0.18478,1.0449
3180,2,8.062681e-04,0.12267,0.5193
3181,2,8.061436e-04,0.15808,0.9206
3182,2,8.060191e-04,0.17548,0.7274
3183,2,8.058946e-04,0.18896,0.8150
3184,2,8.057700e-04,0.16684,0.7831
3185,2,8.056454e-04,0.14886,0.8138
3186,2,8.055208e-04,0.18940,1.3325
3187,2,8.053961e-04,0.16104,0.6660
3188,2,8.052715e-04,0.14644,0.9553
3189,2,8.051468e-04,0.21694,0.9541
3190,2,8.050220e-04,0.17900,0.7763
3191,2,8.048972e-04,0.15879,0.7245
3192,2,8.047724e-04,0.19842,1.2071
3193,2,8.046476e-04,0.20058,0.7917
3194,2,8.045228e-04,0.17156,1.3115
3195,2,8.043979e-04,0.16789,0.6903
3196,2,8.042730e-04,0.17229,1.1655
3197,2,8.041480e-04,0.16602,1.0342
3198,2,8.040230e-04,0.15097,1.7086
3199,2,8.038980e-04,0.17439,0.8133
3200,2,8.037730e-04,0.19630,1.0235
3201,2,8.036479e-04,0.26629,1.2228
3202,2,8.035228e-04,0.19938,0.6951
3203,2,8.033977e-04,0.17302,0.8002
3204,2,8.032726e-04,0.12916,0.5393
3205,2,8.031474e-04,0.14388,1.0978
3206,2,8.030222e-04,0.17890,1.2091
3207,2,8.028969e-04,0.22240,0.8066
3208,2,8.027717e-04,0.21328,1.4088
3209,2,8.026464e-04,0.14153,0.8226
3210,2,8.025210e-04,0.18238,0.7547
3211,2,8.023957e-04,0.22038,1.5769
3212,2,8.022703e-04,0.12055,1.0704
3213,2,8.021449e-04,0.23301,0.9949
3214,2,8.020194e-04,0.16301,0.6939
3215,2,8.018939e-04,0.19427,1.2036
3216,2,8.017684e-04,0.15071,1.0308
3217,2,8.016429e-04,0.26565,0.7770
3218,2,8.015173e-04,0.15063,0.8509
3219,2,8.013917e-04,0.17397,0.7085
3220,2,8.012661e-04,0.25909,0.8302
3221,2,8.011405e-04,0.13481,0.7474
3222,2,8.010148e-04,0.16577,0.8368
3223,2,8.008891e-04,0.20658,0.8072
3224,2,8.007633e-04,0.21107,0.7108
3225,2,8.006376e-04,0.20661,0.8624
3226,2,8.005118e-04,0.21220,0.8806
3227,2,8.003860e-04,0.17670,0.6725
3228,2,8.002601e-04,0.13230,1.3089
3229,2,8.001342e-04,0.18239,1.3594
3230,2,8.000083e-04,0.12690,0.6040
3231,2,7.998824e-04,0.12075,0.7591
3232,2,7.997564e-04,0.17347,1.2272
3233,2,7.996304e-04,0.18249,1.0246
3234,2,7.995044e-04,0.18302,0.7136
3235,2,7.993783e-04,0.18125,1.0353
3236,2,7.992522e-04,0.16923,0.6838
3237,2,7.991261e-04,0.17521,1.2078
3238,2,7.990000e-04,0.15641,1.4319
3239,2,7.988738e-04,0.18151,0.8540
3240,2,7.987476e-04,0.14949,0.6504
3241,2,7.986213e-04,0.17174,0.7966
3242,2,7.984951e-04,0.16713,0.6472
3243,2,7.983688e-04,0.13823,0.7540
3244,2,7.982425e-04,0.13692,0.5653
3245,2,7.981161e-04,0.12398,0.6979
3246,2,7.979897e-04,0.15823,1.1495
3247,2,7.978633e-04,0.16791,0.7161
3248,2,7.977369e-04,0.14473,0.6174
3249,2,7.976104e-04,0.18529,0.8573
3250,2,7.974839e-04,0.12260,0.6024
3251,2,7.973574e-04,0.15525,0.6486
3252,2,7.972309e-04,0.15543,0.6873
3253,2,7.971043e-04,0.27243,0.9078
3254,2,7.969777e-04,0.18851,0.6365
3255,2,7.968511e-04,0.16819,0.7443
3256,2,7.967244e-04,0.17900,0.7148
3257,2,7.965977e-04,0.20373,0.8488
3258,2,7.964710e-04,0.15819,0.8659
3259,2,7.963442e-04,0.14279,0.6350
3260,2,7.962174e-04,0.19536,0.9988
3261,2,7.960906e-04,0.21454,1.2499
3262,2,7.959638e-04,0.15445,0.7613
3263,2,7.958369e-04,0.16250,0.6730
3264,2,7.957100e-04,0.18429,0.8601
3265,2,7.955831e-04,0.18682,0.6938
3266,2,7.954562e-04,0.17906,0.6692
3267,2,7.953292e-04,0.15201,1.0451
3268,2,7.952022e-04,0.18615,0.9321
3269,2,7.950751e-04,0.20848,0.6346
3270,2,7.949481e-04,0.15413,0.6342
3271,2,7.948210e-04,0.13515,0.7024
3272,2,7.946939e-04,0.15819,0.7950
3273,2,7.945667e-04,0.22824,1.0428
3274,2,7.944395e-04,0.15728,0.6341
3275,2,7.943123e-04,0.16395,0.8210
3276,2,7.941851e-04,0.14026,0.6175
3277,2,7.940578e-04,0.16537,0.7786
3278,2,7.939305e-04,0.20713,0.9480
3279,2,7.938032e-04,0.19231,0.7293
3280,2,7.936758e-04,0.13840,0.5605
3281,2,7.935485e-04,0.15406,0.7161
3282,2,7.934211e-04,0.13685,1.0517
3283,2,7.932936e-04,0.20023,0.7508
3284,2,7.931662e-04,0.14614,0.8760
3285,2,7.930387e-04,0.23647,0.7686
3286,2,7.929111e-04,0.19429,1.0720
3287,2,7.927836e-04,0.21793,0.7244
3288,2,7.926560e-04,0.24438,0.7600
3289,2,7.925284e-04,0.20593,0.8595
3290,2,7.924008e-04,0.15812,0.6536
3291,2,7.922731e-04,0.19436,0.9623
3292,2,7.921454e-04,0.14211,1.1907
3293,2,7.920177e-04,0.18660,0.9014
3294,2,7.918900e-04,0.19909,0.7900
3295,2,7.917622e-04,0.14174,0.8222
3296,2,7.916344e-04,0.17586,0.9853
3297,2,7.915065e-04,0.15014,0.6186
3298,2,7.913787e-04,0.14908,0.7513
3299,2,7.912508e-04,0.15669,0.6547
3300,2,7.911229e-04,0.13459,0.6614
3301,2,7.909949e-04,0.15476,0.6750
3302,2,7.908670e-04,0.20990,1.2892
3303,2,7.907390e-04,0.15909,1.1218
3304,2,7.906109e-04,0.10622,0.5606
3305,2,7.904829e-04,0.17591,1.7071
3306,2,7.903548e-04,0.16414,0.7626
3307,2,7.902267e-04,0.18851,1.2316
3308,2,7.900985e-04,0.18304,2.0322
3309,2,7.899704e-04,0.21092,1.6239
3310,2,7.898422e-04,0.24725,1.2172
3311,2,7.897140e-04,0.14824,0.6553
3312,2,7.895857e-04,0.15809,0.6437
3313,2,7.894574e-04,0.12260,0.6863
3314,2,7.893291e-04,0.16384,0.7183
3315,2,7.892008e-04,0.19293,1.2570
3316,2,7.890724e-04,0.20991,0.9971
3317,2,7.889440e-04,0.17161,0.9232
3318,2,7.888156e-04,0.14340,0.7114
3319,2,7.886871e-04,0.21395,1.0589
3320,2,7.885587e-04,0.15597,0.6382
3321,2,7.884302e-04,0.15202,0.6266
3322,2,7.883016e-04,0.14046,1.1375
3323,2,7.881731e-04,0.19987,0.7993
3324,2,7.880445e-04,0.18363,0.7393
3325,2,7.879159e-04,0.17811,0.5711
3326,2,7.877872e-04,0.19695,1.3638
3327,2,7.876586e-04,0.21129,1.0529
3328,2,7.875299e-04,0.19594,0.8959
3329,2,7.874011e-04,0.17179,1.3174
3330,2,7.872724e-04,0.19735,0.7920
3331,2,7.871436e-04,0.14555,0.6131
3332,2,7.870148e-04,0.15783,0.6685
3333,2,7.868859e-04,0.15351,0.6785
3334,2,7.867571e-04,0.18409,1.5959
3335,2,7.866282e-04,0.18885,0.7194
3336,2,7.864993e-04,0.17781,1.4226
3337,2,7.863703e-04,0.14179,0.7417
3338,2,7.862413e-04,0.18607,0.7012
3339,2,7.861123e-04,0.15865,0.8560
3340,2,7.859833e-04,0.13672,0.8049
3341,2,7.858543e-04,0.21370,0.7438
3342,2,7.857252e-04,0.15883,0.5997
3343,2,7.855961e-04,0.17749,0.8859
3344,2,7.854669e-04,0.20344,1.2331
3345,2,7.853377e-04,0.14041,0.7719
3346,2,7.852085e-04,0.23326,0.8645
3347,2,7.850793e-04,0.20759,0.9242
3348,2,7.849501e-04,0.18644,0.6956
3349,2,7.848208e-04,0.15879,1.0502
3350,2,7.846915e-04,0.15958,0.7381
3351,2,7.845621e-04,0.14538,0.7400
3352,2,7.844328e-04,0.18747,0.8336
3353,2,7.843034e-04,0.14192,0.8797
3354,2,7.841740e-04,0.15741,1.1948
3355,2,7.840445e-04,0.19880,1.6637
3356,2,7.839151e-04,0.19246,1.5097
3357,2,7.837856e-04,0.15444,0.6847
3358,2,7.836560e-04,0.16213,1.2339
3359,2,7.835265e-04,0.21128,0.7970
3360,2,7.833969e-04,0.14610,0.6136
3361,2,7.832673e-04,0.10788,0.6850
3362,2,7.831377e-04,0.21324,0.8061
3363,2,7.830080e-04,0.15017,0.6159
3364,2,7.828783e-04,0.13475,0.6567
3365,2,7.827486e-04,0.11188,0.7321
3366,2,7.826189e-04,0.16650,1.7758
3367,2,7.824891e-04,0.14020,0.6397
3368,2,7.823593e-04,0.15567,0.9214
3369,2,7.822295e-04,0.22612,0.8825
3370,2,7.820996e-04,0.16031,0.6509
3371,2,7.819697e-04,0.13144,0.9059
3372,2,7.818398e-04,0.15373,0.8570
3373,2,7.817099e-04,0.19507,0.6746
3374,2,7.815799e-04,0.13518,0.7626
3375,2,7.814499e-04,0.19736,1.2916
3376,2,7.813199e-04,0.14473,1.4635
3377,2,7.811899e-04,0.14502,0.5830
3378,2,7.810598e-04,0.12652,0.9053
3379,2,7.809297e-04,0.19012,2.1152
3380,2,7.807996e-04,0.18188,1.4437
3381,2,7.806694e-04,0.15172,0.6489
3382,2,7.805393e-04,0.21654,0.7870
3383,2,7.804091e-04,0.19724,0.6809
3384,2,7.802788e-04,0.17662,0.9978
3385,2,7.801486e-04,0.18978,0.7077
3386,2,7.800183e-04,0.10279,0.5651
3387,2,7.798880e-04,0.20937,1.0413
3388,2,7.797576e-04,0.19972,1.9008
3389,2,7.796273e-04,0.21951,1.0049
3390,2,7.794969e-04,0.18540,0.7762
3391,2,7.793664e-04,0.19633,1.1221
3392,2,7.792360e-04,0.15113,0.6323
3393,2,7.791055e-04,0.17932,1.0831
3394,2,7.789750e-04,0.19343,0.8992
3395,2,7.788445e-04,0.21175,0.6933
3396,2,7.787139e-04,0.18502,0.8227
3397,2,7.785834e-04,0.16839,0.7139
3398,2,7.784527e-04,0.17751,0.8726
3399,2,7.783221e-04,0.14938,0.6803
3400,2,7.781914e-04,0.18562,1.0219
3401,2,7.780608e-04,0.13721,0.6423
3402,2,7.779300e-04,0.16831,0.8535
3403,2,7.777993e-04,0.13862,0.6755
3404,2,7.776685e-04,0.13717,0.7765
3405,2,7.775377e-04,0.13726,0.5993
3406,2,7.774069e-04,0.17003,0.8719
3407,2,7.772761e-04,0.24339,0.8208
3408,2,7.771452e-04,0.14451,0.9096
3409,2,7.770143e-04,0.17798,0.7032
3410,2,7.768834e-04,0.17444,0.6640
3411,2,7.767524e-04,0.14866,0.6070
3412,2,7.766214e-04,0.12622,0.9217
3413,2,7.764904e-04,0.21118,0.9408
3414,2,7.763594e-04,0.19685,1.0293
3415,2,7.762283e-04,0.17508,0.7405
3416,2,7.760972e-04,0.16778,0.8100
3417,2,7.759661e-04,0.17603,0.9549
3418,2,7.758350e-04,0.18722,0.6583
3419,2,7.757038e-04,0.22367,0.7405
3420,2,7.755726e-04,0.17294,0.7397
3421,2,7.754414e-04,0.18504,1.6562
3422,2,7.753101e-04,0.14494,0.6368
3423,2,7.751789e-04,0.19154,1.3089
3424,2,7.750476e-04,0.16924,0.6682
3425,2,7.749162e-04,0.17769,1.8469
3426,2,7.747849e-04,0.19134,0.8204
3427,2,7.746535e-04,0.17536,0.8052
3428,2,7.745221e-04,0.21230,1.2968
3429,2,7.743907e-04,0.17406,0.8697
3430,2,7.742592e-04,0.13548,0.6874
3431,2,7.741277e-04,0.19037,0.8220
3432,2,7.739962e-04,0.17867,1.7338
3433,2,7.738647e-04,0.17285,0.6999
3434,2,7.737331e-04,0.14713,1.0731
3435,2,7.736015e-04,0.15584,1.0614
3436,2,7.734699e-04,0.25764,1.5026
3437,2,7.733382e-04,0.13845,0.5602
3438,2,7.732066e-04,0.12907,0.8432
3439,2,7.730749e-04,0.16201,0.9665
3440,2,7.729432e-04,0.15960,0.6683
3441,2,7.728114e-04,0.14115,0.8193
3442,2,7.726796e-04,0.19079,1.1756
3443,2,7.725478e-04,0.16982,0.9761
3444,2,7.724160e-04,0.17197,0.9177
3445,2,7.722841e-04,0.19531,0.8898
3446,2,7.721523e-04,0.16566,0.7434
3447,2,7.720204e-04,0.14836,0.6479
3448,2,7.718884e-04,0.16097,0.9011
3449,2,7.717565e-04,0.16491,1.0670
3450,2,7.716245e-04,0.20523,0.9504
3451,2,7.714925e-04,0.22847,1.1566
3452,2,7.713604e-04,0.20993,0.6846
3453,2,7.712284e-04,0.25300,0.8928
3454,2,7.710963e-04,0.27332,1.0859
3455,2,7.709642e-04,0.14304,0.9897
3456,2,7.708320e-04,0.11578,0.6068
3457,2,7.706999e-04,0.14777,0.9769
3458,2,7.705677e-04,0.18314,0.6859
3459,2,7.704355e-04,0.17937,1.5570
3460,2,7.703032e-04,0.14166,0.6419
3461,2,7.701710e-04,0.12735,0.6337
3462,2,7.700387e-04,0.15802,0.9024
3463,2,7.699063e-04,0.15532,1.1234
3464,2,7.697740e-04,0.16774,0.9577
3465,2,7.696416e-04,0.14217,1.1233
3466,2,7.695092e-04,0.19490,0.9618
3467,2,7.693768e-04,0.16785,1.0035
3468,2,7.692443e-04,0.16301,1.6352
3469,2,7.691119e-04,0.17430,0.8799
3470,2,7.689794e-04,0.22240,1.5661
3471,2,7.688468e-04,0.20191,1.4437
3472,2,7.687143e-04,0.14427,0.7422
3473,2,7.685817e-04,0.19747,0.8303
3474,2,7.684491e-04,0.16348,0.7841
3475,2,7.683165e-04,0.10848,0.4927
3476,2,7.681838e-04,0.14915,1.0437
3477,2,7.680511e-04,0.13215,0.6749
3478,2,7.679184e-04,0.18412,1.2096
3479,2,7.677857e-04,0.18082,1.6216
3480,2,7.676529e-04,0.17577,1.9429
3481,2,7.675201e-04,0.16681,0.7144
3482,2,7.673873e-04,0.20793,1.3737
3483,2,7.672545e-04,0.23145,1.3025
3484,2,7.671216e-04,0.17943,1.0042
3485,2,7.669887e-04,0.19537,1.3060
3486,2,7.668558e-04,0.11859,0.8984
3487,2,7.667229e-04,0.18577,0.6796
3488,2,7.665899e-04,0.14148,0.5957
3489,2,7.664569e-04,0.14387,0.7853
3490,2,7.663239e-04,0.16975,1.0713
3491,2,7.661909e-04,0.15989,0.8621
3492,2,7.660578e-04,0.16374,0.6822
3493,2,7.659247e-04,0.20580,0.9683
3494,2,7.657916e-04,0.16247,1.9490
3495,2,7.656585e-04,0.19335,0.8053
3496,2,7.655253e-04,0.22425,0.7604
3497,2,7.653921e-04,0.16254,0.6743
3498,2,7.652589e-04,0.12405,0.6188
3499,2,7.651256e-04,0.16344,0.8546
3500,2,7.649924e-04,0.17358,1.0626
3501,2,7.648591e-04,0.17275,0.8158
3502,2,7.647257e-04,0.17601,0.8222
3503,2,7.645924e-04,0.18670,0.7193
3504,2,7.644590e-04,0.18567,0.8151
3505,2,7.643256e-04,0.30279,1.0426
3506,2,7.641922e-04,0.11922,0.5508
3507,2,7.640588e-04,0.14371,1.1981
3508,2,7.639253e-04,0.18058,0.6700
3509,2,7.637918e-04,0.08775,1.1194
3510,2,7.636583e-04,0.16371,0.6703
3511,2,7.635247e-04,0.19608,0.8946
3512,2,7.633911e-04,0.14895,1.0092
3513,2,7.632575e-04,0.11025,0.5922
3514,2,7.631239e-04,0.23413,1.2958
3515,2,7.629903e-04,0.14628,0.6757
3516,2,7.628566e-04,0.15433,0.6078
3517,2,7.627229e-04,0.12816,1.1150
3518,2,7.625892e-04,0.19878,1.1875
3519,2,7.624554e-04,0.15423,0.7819
3520,2,7.623216e-04,0.18867,1.0159
3521,2,7.621878e-04,0.24144,0.8679
3522,2,7.620540e-04,0.14901,1.0868
3523,2,7.619202e-04,0.18476,0.8566
3524,2,7.617863e-04,0.09603,0.4855
3525,2,7.616524e-04,0.18358,1.2512
3526,2,7.615185e-04,0.17860,0.6909
3527,2,7.613845e-04,0.12370,0.7838
3528,2,7.612505e-04,0.14688,0.7049
3529,2,7.611165e-04,0.14753,0.7891
3530,2,7.609825e-04,0.18678,0.8405
3531,2,7.608485e-04,0.17188,1.1290
3532,2,7.607144e-04,0.22470,0.8010
3533,2,7.605803e-04,0.20533,0.8138
3534,2,7.604462e-04,0.17314,0.7754
3535,2,7.603120e-04,0.11454,0.5326
3536,2,7.601778e-04,0.17921,1.4748
3537,2,7.600436e-04,0.15719,1.1177
3538,2,7.599094e-04,0.17367,1.2220
3539,2,7.597752e-04,0.21898,1.1668
3540,2,7.596409e-04,0.21295,0.8166
3541,2,7.595066e-04,0.14127,0.9668
3542,2,7.593723e-04,0.11583,0.6105
3543,2,7.592379e-04,0.14049,0.7597
3544,2,7.591035e-04,0.17609,1.1200
3545,2,7.589691e-04,0.08939,0.4310
3546,2,7.588347e-04,0.20639,0.7897
3547,2,7.587003e-04,0.14581,0.8656
3548,2,7.585658e-04,0.19630,0.6496
3549,2,7.584313e-04,0.12972,0.7040
3550,2,7.582968e-04,0.19115,1.2126
3551,2,7.581622e-04,0.14698,0.6845
3552,2,7.580277e-04,0.20342,1.5354
3553,2,7.578931e-04,0.19811,2.4550
3554,2,7.577585e-04,0.15754,1.5252
3555,2,7.576238e-04,0.21008,0.8085
3556,2,7.574891e-04,0.12822,0.6122
3557,2,7.573544e-04,0.17608,0.9588
3558,2,7.572197e-04,0.15547,0.9945
3559,2,7.570850e-04,0.17769,0.8935
3560,2,7.569502e-04,0.23471,1.1045
3561,2,7.568154e-04,0.18375,1.4820
3562,2,7.566806e-04,0.18270,0.7893
3563,2,7.565458e-04,0.17510,0.6014
3564,2,7.564109e-04,0.12509,0.5540
3565,2,7.562760e-04,0.16862,1.2691
3566,2,7.561411e-04,0.17489,1.4951
3567,2,7.560062e-04,0.16740,0.8905
3568,2,7.558712e-04,0.15968,0.7343
3569,2,7.557362e-04,0.16311,0.9618
3570,2,7.556012e-04,0.22689,1.2533
3571,2,7.554662e-04,0.14750,0.8141
3572,2,7.553311e-04,0.21303,1.5439
3573,2,7.551960e-04,0.20207,0.9510
3574,2,7.550609e-04,0.21077,1.3593
3575,2,7.549258e-04,0.12707,0.6284
3576,2,7.547906e-04,0.20634,0.7419
3577,2,7.546554e-04,0.13251,0.7613
3578,2,7.545202e-04,0.20312,1.0093
3579,2,7.543850e-04,0.23517,0.7260
3580,2,7.542497e-04,0.20662,0.8397
3581,2,7.541145e-04,0.20860,0.8178
3582,2,7.539792e-04,0.23981,1.4449
3583,2,7.538438e-04,0.16067,1.2413
3584,2,7.537085e-04,0.19470,0.7179
3585,2,7.535731e-04,0.14875,0.6432
3586,2,7.534377e-04,0.16781,0.7240
3587,2,7.533023e-04,0.17161,0.6110
3588,2,7.531668e-04,0.17086,0.6410
3589,2,7.530313e-04,0.13980,0.5864
3590,2,7.528959e-04,0.18700,0.7745
3591,2,7.527603e-04,0.22059,0.8653
3592,2,7.526248e-04,0.16635,0.7530
3593,2,7.524892e-04,0.15095,0.6511
3594,2,7.523536e-04,0.15158,0.6381
3595,2,7.522180e-04,0.12740,0.7233
3596,2,7.520824e-04,0.15179,0.6589
3597,2,7.519467e-04,0.15785,0.7148
3598,2,7.518110e-04,0.13828,0.6805
3599,2,7.516753e-04,0.15152,0.6360
3600,2,7.515396e-04,0.19482,1.3704
3601,2,7.514038e-04,0.16624,1.2125
3602,2,7.512680e-04,0.15936,0.8999
3603,2,7.511322e-04,0.18272,1.0478
3604,2,7.509964e-04,0.13963,0.8282
3605,2,7.508605e-04,0.15120,0.9446
3606,2,7.507246e-04,0.18576,1.3228
3607,2,7.505887e-04,0.15452,0.9412
3608,2,7.504528e-04,0.14271,1.0377
3609,2,7.503168e-04,0.12326,0.6824
3610,2,7.501809e-04,0.14444,0.6134
3611,2,7.500449e-04,0.16302,0.8844
3612,2,7.499088e-04,0.14673,1.0958
3613,2,7.497728e-04,0.13237,0.6161
3614,2,7.496367e-04,0.17523,0.9494
3615,2,7.495006e-04,0.14909,0.7570
3616,2,7.493645e-04,0.13250,0.6960
3617,2,7.492284e-04,0.15664,0.5293
3618,2,7.490922e-04,0.15378,0.9296
3619,2,7.489560e-04,0.21131,0.8604
3620,2,7.488198e-04,0.21480,0.8345
3621,2,7.486836e-04,0.13963,1.1441
3622,2,7.485473e-04,0.14167,1.1518
3623,2,7.484110e-04,0.14435,0.5267
3624,2,7.482747e-04,0.19994,0.8537
3625,2,7.481384e-04,0.20066,1.6030
3626,2,7.480020e-04,0.18004,0.7864
3627,2,7.478656e-04,0.14996,0.7915
3628,2,7.477292e-04,0.16505,0.6869
3629,2,7.475928e-04,0.16396,0.5859
3630,2,7.474564e-04,0.16894,0.6896
3631,2,7.473199e-04,0.14238,1.2290
3632,2,7.471834e-04,0.20308,0.7808
3633,2,7.470469e-04,0.14679,0.7748
3634,2,7.469103e-04,0.16141,0.6731
3635,2,7.467738e-04,0.16547,1.0063
3636,2,7.466372e-04,0.16245,0.9000
3637,2,7.465006e-04,0.16996,1.7346
3638,2,7.463639e-04,0.14140,0.5611
3639,2,7.462273e-04,0.19610,1.5529
3640,2,7.460906e-04,0.20328,1.2256
3641,2,7.459539e-04,0.14009,0.6757
3642,2,7.458171e-04,0.13925,0.6751
3643,2,7.456804e-04,0.16714,1.3068
3644,2,7.455436e-04,0.11914,0.7877
3645,2,7.454068e-04,0.20877,0.9508
3646,2,7.452700e-04,0.18413,0.7013
3647,2,7.451331e-04,0.17192,1.6721
3648,2,7.449963e-04,0.16539,1.3487
3649,2,7.448594e-04,0.20911,0.8200
3650,2,7.447225e-04,0.15724,0.6790
3651,2,7.445855e-04,0.19564,0.8434
3652,2,7.444486e-04,0.18749,1.1962
3653,2,7.443116e-04,0.14694,0.7063
3654,2,7.441746e-04,0.15918,1.5368
3655,2,7.440375e-04,0.24031,0.7870
3656,2,7.439005e-04,0.16137,0.6871
3657,2,7.437634e-04,0.12421,0.5250
3658,2,7.436263e-04,0.15163,0.7457
3659,2,7.434892e-04,0.20432,0.7543
3660,2,7.433520e-04,0.14866,0.6923
3661,2,7.432148e-04,0.22694,1.1476
3662,2,7.430776e-04,0.12465,0.7489
3663,2,7.429404e-04,0.20564,1.3708
3664,2,7.428032e-04,0.11290,0.8117
3665,2,7.426659e-04,0.12002,0.5691
3666,2,7.425286e-04,0.14320,0.9156
3667,2,7.423913e-04,0.14457,0.7102
3668,2,7.422540e-04,0.15248,1.3895
3669,2,7.421166e-04,0.14648,0.5906
3670,2,7.419793e-04,0.13403,0.9747
3671,2,7.418419e-04,0.16800,0.7221
3672,2,7.417044e-04,0.18133,0.7076
3673,2,7.415670e-04,0.19085,0.9969
3674,2,7.414295e-04,0.11396,0.5749
3675,2,7.412920e-04,0.13299,0.7351
3676,2,7.411545e-04,0.15184,0.6483
3677,2,7.410170e-04,0.18492,0.6532
3678,2,7.408794e-04,0.14155,0.6458
3679,2,7.407418e-04,0.13114,0.8180
3680,2,7.406042e-04,0.13662,1.0909
3681,2,7.404666e-04,0.12593,0.7293
3682,2,7.403289e-04,0.19576,0.9557
3683,2,7.401912e-04,0.16372,0.8631
3684,2,7.400535e-04,0.10747,0.5321
3685,2,7.399158e-04,0.10981,1.0699
3686,2,7.397781e-04,0.18467,0.6635
3687,2,7.396403e-04,0.20664,0.7921
3688,2,7.395025e-04,0.19209,0.8640
3689,2,7.393647e-04,0.19601,1.0455
3690,2,7.392269e-04,0.10956,0.5875
3691,2,7.390890e-04,0.21677,0.9260
3692,2,7.389511e-04,0.24342,0.8384
3693,2,7.388132e-04,0.15180,0.8409
3694,2,7.386753e-04,0.14518,0.5898
3695,2,7.385374e-04,0.14013,0.9463
3696,2,7.383994e-04,0.15513,0.7825
3697,2,7.382614e-04,0.11215,0.5517
3698,2,7.381234e-04,0.18004,0.6665
3699,2,7.379853e-04,0.20628,0.8749
3700,2,7.378473e-04,0.22286,0.8855
3701,2,7.377092e-04,0.17439,0.7107
3702,2,7.375711e-04,0.16077,0.7354
3703,2,7.374330e-04,0.18187,0.8139
3704,2,7.372948e-04,0.16768,1.5261
3705,2,7.371566e-04,0.20642,0.8322
3706,2,7.370184e-04,0.21928,0.9128
3707,2,7.368802e-04,0.18454,0.7810
3708,2,7.367420e-04,0.20055,1.4758
3709,2,7.366037e-04,0.20737,0.9310
3710,2,7.364654e-04,0.19066,0.7414
3711,2,7.363271e-04,0.20763,0.9540
3712,2,7.361888e-04,0.15711,0.6095
3713,2,7.360504e-04,0.15393,0.6416
3714,2,7.359121e-04,0.20354,0.8548
3715,2,7.357737e-04,0.21036,0.9077
3716,2,7.356353e-04,0.21339,0.8891
3717,2,7.354968e-04,0.13837,0.6555
3718,2,7.353584e-04,0.17050,0.7174
3719,2,7.352199e-04,0.18328,1.0809
3720,2,7.350814e-04,0.17439,0.7155
3721,2,7.349428e-04,0.14609,0.6424
3722,2,7.348043e-04,0.19043,0.9001
3723,2,7.346657e-04,0.14230,0.7011
3724,2,7.345271e-04,0.20783,0.7640
3725,2,7.343885e-04,0.16096,0.9499
3726,2,7.342498e-04,0.19773,0.8472
3727,2,7.341112e-04,0.16395,1.0212
3728,2,7.339725e-04,0.22005,1.5162
3729,2,7.338338e-04,0.13773,0.6460
3730,2,7.336951e-04,0.11266,0.5205
3731,2,7.335563e-04,0.14961,0.6068
3732,2,7.334175e-04,0.19155,1.1221
3733,2,7.332787e-04,0.14870,0.7387
3734,2,7.331399e-04,0.22579,0.7930
3735,2,7.330011e-04,0.19563,0.7364
3736,2,7.328622e-04,0.18263,1.0348
3737,2,7.327233e-04,0.12328,0.9691
3738,2,7.325844e-04,0.15655,0.7645
3739,2,7.324455e-04,0.17076,1.2089
3740,2,7.323065e-04,0.15889,0.7041
3741,2,7.321676e-04,0.25610,0.9298
3742,2,7.320286e-04,0.16306,0.7117
3743,2,7.318896e-04,0.16422,0.6669
3744,2,7.317505e-04,0.15693,0.9298
3745,2,7.316115e-04,0.14628,0.7051
3746,2,7.314724e-04,0.19804,1.1970
3747,2,7.313333e-04,0.17051,1.2060
3748,2,7.311942e-04,0.23196,1.2063
3749,2,7.310550e-04,0.20791,0.7735
3750,2,7.309158e-04,0.16081,1.0388
3751,2,7.307767e-04,0.25774,0.8318
3752,2,7.306374e-04,0.20066,0.6810
3753,2,7.304982e-04,0.16792,0.7741
3754,2,7.303590e-04,0.17099,0.7934
3755,2,7.302197e-04,0.15391,1.0098
3756,2,7.300804e-04,0.17951,1.1861
3757,2,7.299411e-04,0.19343,0.8447
3758,2,7.298017e-04,0.17871,0.7520
3759,2,7.296624e-04,0.21430,0.9306
3760,2,7.295230e-04,0.19552,1.0566
3761,2,7.293836e-04,0.21460,1.0579
3762,2,7.292441e-04,0.14417,0.9796
3763,2,7.291047e-04,0.16932,0.6152
3764,2,7.289652e-04,0.22677,0.7916
3765,2,7.288257e-04,0.13619,0.6949
3766,2,7.286862e-04,0.17039,1.3568
3767,2,7.285467e-04,0.17981,0.9658
3768,2,7.284071e-04,0.25218,1.0786
3769,2,7.282675e-04,0.20745,1.2019
3770,2,7.281279e-04,0.13738,0.7240
3771,2,7.279883e-04,0.14727,0.5425
3772,2,7.278487e-04,0.17867,1.1343
3773,2,7.277090e-04,0.19925,1.1384
3774,2,7.275693e-04,0.13372,0.9005
3775,2,7.274296e-04,0.12645,0.5571
3776,2,7.272899e-04,0.20827,0.9846
3777,2,7.271501e-04,0.22417,1.5840
3778,2,7.270104e-04,0.17741,0.6889
3779,2,7.268706e-04,0.19722,0.6883
3780,2,7.267308e-04,0.17478,1.5109
3781,2,7.265909e-04,0.19287,0.9929
3782,2,7.264511e-04,0.14286,0.6363
3783,2,7.263112e-04,0.12166,0.5879
3784,2,7.261713e-04,0.13686,1.1560
3785,2,7.260314e-04,0.20310,1.0518
3786,2,7.258914e-04,0.20676,0.7599
3787,2,7.257515e-04,0.15168,0.6383
3788,2,7.256115e-04,0.17886,0.8102
3789,2,7.254715e-04,0.15997,0.8068
3790,2,7.253314e-04,0.17677,1.1074
3791,2,7.251914e-04,0.09646,0.5402
3792,2,7.250513e-04,0.17549,0.7294
3793,2,7.249112e-04,0.17664,0.8293
3794,2,7.247711e-04,0.14545,0.8465
3795,2,7.246310e-04,0.19625,1.1394
3796,2,7.244908e-04,0.20547,0.9787
3797,2,7.243506e-04,0.16094,0.9073
3798,2,7.242105e-04,0.16587,0.9838
3799,2,7.240702e-04,0.23271,1.9098
3800,2,7.239300e-04,0.16179,0.7780
3801,2,7.237897e-04,0.16951,0.7259
3802,2,7.236495e-04,0.19331,1.2062
3803,2,7.235092e-04,0.18243,0.8090
3804,2,7.233688e-04,0.14857,0.6239
3805,2,7.232285e-04,0.15083,1.2757
3806,2,7.230881e-04,0.16332,1.0727
3807,2,7.229477e-04,0.16863,0.7722
3808,2,7.228073e-04,0.19873,0.8769
3809,2,7.226669e-04,0.18000,0.9107
3810,2,7.225265e-04,0.19302,0.7047
3811,2,7.223860e-04,0.11307,0.6755
3812,2,7.222455e-04,0.12753,0.9474
3813,2,7.221050e-04,0.15428,0.8332
3814,2,7.219645e-04,0.15573,0.6368
3815,2,7.218239e-04,0.13716,0.8155
3816,2,7.216833e-04,0.15658,1.3728
3817,2,7.215427e-04,0.13820,0.7416
3818,2,7.214021e-04,0.20505,1.0264
3819,2,7.212615e-04,0.10336,0.5591
3820,2,7.211208e-04,0.23743,1.5073
3821,2,7.209802e-04,0.16703,0.6890
3822,2,7.208395e-04,0.18365,0.6915
3823,2,7.206987e-04,0.25641,1.4914
3824,2,7.205580e-04,0.16367,0.8853
3825,2,7.204172e-04,0.13601,1.1784
3826,2,7.202765e-04,0.15772,0.7955
3827,2,7.201357e-04,0.18128,1.0840
3828,2,7.199948e-04,0.18794,0.7591
3829,2,7.198540e-04,0.14092,0.5482
3830,2,7.197131e-04,0.16236,0.9715
3831,2,7.195722e-04,0.11669,0.7539
3832,2,7.194313e-04,0.14194,0.5376
3833,2,7.192904e-04,0.19524,0.6572
3834,2,7.191495e-04,0.17925,0.9782
3835,2,7.190085e-04,0.18381,0.9612
3836,2,7.188675e-04,0.14230,0.5730
3837,2,7.187265e-04,0.21223,0.7929
3838,2,7.185855e-04,0.21377,0.9151
3839,2,7.184444e-04,0.17151,1.1136
3840,2,7.183034e-04,0.19093,0.7454
3841,2,7.181623e-04,0.11458,0.6292
3842,2,7.180212e-04,0.20031,0.9279
3843,2,7.178800e-04,0.15981,0.8040
3844,2,7.177389e-04,0.20512,1.0818
3845,2,7.175977e-04,0.18979,0.9611
3846,2,7.174565e-04,0.12466,0.6566
3847,2,7.173153e-04,0.13817,1.1980
3848,2,7.171741e-04,0.20038,1.9177
3849,2,7.170328e-04,0.18442,1.3076
3850,2,7.168916e-04,0.16336,0.9043
3851,2,7.167503e-04,0.15793,0.6931
3852,2,7.166090e-04,0.19735,0.8282
3853,2,7.164676e-04,0.20565,1.3790
3854,2,7.163263e-04,0.13927,0.8863
3855,2,7.161849e-04,0.14242,1.7001
3856,2,7.160435e-04,0.23194,1.9663
3857,2,7.159021e-04,0.19203,1.4440
3858,2,7.157607e-04,0.15340,0.8545
3859,2,7.156192e-04,0.14721,0.6092
3860,2,7.154777e-04,0.14967,0.8568
3861,2,7.153362e-04,0.25220,1.0835
3862,2,7.151947e-04,0.13466,0.7181
3863,2,7.150532e-04,0.14500,0.6864
3864,2,7.149116e-04,0.15716,0.6619
3865,2,7.147701e-04,0.13290,0.6958
3866,2,7.146285e-04,0.21827,1.0987
3867,2,7.144869e-04,0.14570,0.5971
3868,2,7.143452e-04,0.22345,0.9318
3869,2,7.142036e-04,0.15922,0.6791
3870,2,7.140619e-04,0.19527,1.0805
3871,2,7.139202e-04,0.19281,0.6875
3872,2,7.137785e-04,0.16422,0.9930
3873,2,7.136367e-04,0.18033,0.8268
3874,2,7.134950e-04,0.21882,0.8739
3875,2,7.133532e-04,0.14595,0.9648
3876,2,7.132114e-04,0.14887,0.6980
3877,2,7.130696e-04,0.22556,1.1102
3878,2,7.129278e-04,0.17764,0.8262
3879,2,7.127859e-04,0.14079,0.7334
3880,2,7.126440e-04,0.13285,0.7476
3881,2,7.125021e-04,0.18028,0.7199
3882,2,7.123602e-04,0.20769,0.7613
3883,2,7.122183e-04,0.14286,0.6352
3884,2,7.120763e-04,0.22978,1.8089
3885,2,7.119344e-04,0.14295,1.6606
3886,2,7.117924e-04,0.19825,0.9740
3887,2,7.116504e-04,0.25295,1.1097
3888,2,7.115083e-04,0.13682,0.7369
3889,2,7.113663e-04,0.21188,0.8777
3890,2,7.112242e-04,0.13377,0.7112
3891,2,7.110821e-04,0.18446,0.7822
3892,2,7.109400e-04,0.15541,0.7782
3893,2,7.107979e-04,0.13783,0.5504
3894,2,7.106557e-04,0.15892,1.1007
3895,2,7.105136e-04,0.18612,1.0198
3896,2,7.103714e-04,0.13628,0.8922
3897,2,7.102292e-04,0.18994,0.7564
3898,2,7.100869e-04,0.15666,0.6143
3899,2,7.099447e-04,0.20386,0.7946
3900,2,7.098024e-04,0.17243,0.7038
3901,2,7.096601e-04,0.13543,1.6073
3902,2,7.095178e-04,0.18618,0.7786
3903,2,7.093755e-04,0.14142,1.0545
3904,2,7.092332e-04,0.19988,1.2803
3905,2,7.090908e-04,0.21395,1.3775
3906,2,7.089484e-04,0.17477,1.1933
3907,2,7.088060e-04,0.16163,0.6351
3908,2,7.086636e-04,0.23503,0.7939
3909,2,7.085211e-04,0.21396,0.8042
3910,2,7.083787e-04,0.16303,0.8985
3911,2,7.082362e-04,0.21615,0.9575
3912,2,7.080937e-04,0.15813,0.8044
3913,2,7.079512e-04,0.13887,1.1615
3914,2,7.078086e-04,0.16849,0.8201
3915,2,7.076661e-04,0.20623,0.8767
3916,2,7.075235e-04,0.21270,1.4648
3917,2,7.073809e-04,0.14133,0.6453
3918,2,7.072383e-04,0.09929,0.5278
3919,2,7.070956e-04,0.15851,0.7661
3920,2,7.069530e-04,0.16634,0.6364
3921,2,7.068103e-04,0.19600,1.2951
3922,2,7.066676e-04,0.19755,0.7051
3923,2,7.065249e-04,0.15510,0.5891
3924,2,7.063822e-04,0.13661,0.6449
3925,2,7.062394e-04,0.22097,0.7889
3926,2,7.060966e-04,0.16166,0.6135
3927,2,7.059538e-04,0.18913,0.7096
3928,2,7.058110e-04,0.17030,0.7266
3929,2,7.056682e-04,0.11642,0.8830
3930,2,7.055254e-04,0.21678,1.9917
3931,2,7.053825e-04,0.18853,1.0646
3932,2,7.052396e-04,0.16077,0.6455
3933,2,7.050967e-04,0.14607,0.7801
3934,2,7.049538e-04,0.19243,0.7460
3935,2,7.048108e-04,0.17422,0.7402
3936,2,7.046679e-04,0.16996,0.6441
3937,2,7.045249e-04,0.23052,1.1796
3938,2,7.043819e-04,0.15771,0.7782
3939,2,7.042389e-04,0.17512,0.8285
3940,2,7.040958e-04,0.20178,1.7265
3941,2,7.039528e-04,0.30075,1.3868
3942,2,7.038097e-04,0.17626,0.7067
3943,2,7.036666e-04,0.12010,0.5536
3944,2,7.035235e-04,0.13564,0.6783
3945,2,7.033804e-04,0.20239,0.9034
3946,2,7.032372e-04,0.13571,0.8518
3947,2,7.030940e-04,0.16636,0.7661
3948,2,7.029509e-04,0.21238,1.1270
3949,2,7.028077e-04,0.13574,0.6405
3950,2,7.026644e-04,0.18649,1.2428
3951,2,7.025212e-04,0.20370,1.3394
3952,2,7.023779e-04,0.17474,1.0163
3953,2,7.022346e-04,0.12626,0.5432
3954,2,7.020913e-04,0.14024,0.7211
3955,2,7.019480e-04,0.12610,0.5722
3956,2,7.018047e-04,0.19128,0.7591
3957,2,7.016613e-04,0.12998,0.5955
3958,2,7.015179e-04,0.19915,0.7662
3959,2,7.013745e-04,0.17513,0.7081
3960,2,7.012311e-04,0.11299,1.2717
3961,2,7.010877e-04,0.16824,1.0965
3962,2,7.009443e-04,0.22368,1.6248
3963,2,7.008008e-04,0.28047,3.0292
3964,2,7.006573e-04,0.14104,0.6299
3965,2,7.005138e-04,0.14037,0.7173
3966,2,7.003703e-04,0.14035,0.7547
3967,2,7.002267e-04,0.18358,0.7338
3968,2,7.000832e-04,0.17126,0.7575
3969,2,6.999396e-04,0.19626,1.2877
3970,2,6.997960e-04,0.18599,0.7241
3971,2,6.996524e-04,0.14117,0.5553
3972,2,6.995087e-04,0.18824,0.8967
3973,2,6.993651e-04,0.20526,0.7183
3974,2,6.992214e-04,0.20595,1.0686
3975,2,6.990777e-04,0.18862,0.8919
3976,2,6.989340e-04,0.12984,0.5533
3977,2,6.987903e-04,0.15749,1.1703
3978,2,6.986465e-04,0.14518,1.0601
3979,2,6.985028e-04,0.19870,1.3308
3980,2,6.983590e-04,0.16589,0.6331
3981,2,6.982152e-04,0.17623,0.6909
3982,2,6.980714e-04,0.10015,0.5119
3983,2,6.979275e-04,0.13955,0.8242
3984,3,6.977837e-04,0.15512,0.7713
3985,3,6.976398e-04,0.19171,0.9449
3986,3,6.974959e-04,0.14309,0.6511
3987,3,6.973520e-04,0.09366,1.1136
3988,3,6.972080e-04,0.14595,1.3339
3989,3,6.970641e-04,0.13696,0.6993
3990,3,6.969201e-04,0.15608,0.6778
3991,3,6.967762e-04,0.15975,0.6136
3992,3,6.966321e-04,0.14243,0.8692
3993,3,6.964881e-04,0.11475,1.0182
3994,3,6.963441e-04,0.13468,0.5328
3995,3,6.962000e-04,0.16389,0.6946
3996,3,6.960560e-04,0.17263,0.7544
3997,3,6.959119e-04,0.14560,1.1744
3998,3,6.957678e-04,0.20560,0.7304
3999,3,6.956236e-04,0.15333,0.7432
4000,3,6.954795e-04,0.15116,0.6131
4001,3,6.953353e-04,0.16941,0.6797
4002,3,6.951911e-04,0.17710,1.3306
4003,3,6.950469e-04,0.17434,0.6744
4004,3,6.949027e-04,0.11390,0.5031
4005,3,6.947585e-04,0.13467,0.5440
4006,3,6.946142e-04,0.13623,0.6385
4007,3,6.944699e-04,0.15669,1.0215
4008,3,6.943257e-04,0.18360,0.7280
4009,3,6.941813e-04,0.15228,1.0325
4010,3,6.940370e-04,0.16076,0.7204
4011,3,6.938927e-04,0.11600,0.5369
4012,3,6.937483e-04,0.13194,0.7974
4013,3,6.936039e-04,0.16011,0.7915
4014,3,6.934595e-04,0.11360,0.5742
4015,3,6.933151e-04,0.15866,0.6446
4016,3,6.931707e-04,0.13780,0.5441
4017,3,6.930262e-04,0.13906,0.8048
4018,3,6.928818e-04,0.15055,0.7558
4019,3,6.927373e-04,0.14826,1.0615
4020,3,6.925928e-04,0.14360,0.8890
4021,3,6.924483e-04,0.19996,1.0148
4022,3,6.923037e-04,0.16175,0.7022
4023,3,6.921592e-04,0.16017,0.5835
4024,3,6.920146e-04,0.16022,1.3488
4025,3,6.918700e-04,0.13257,0.8748
4026,3,6.917254e-04,0.18046,0.8165
4027,3,6.915808e-04,0.14689,0.7065
4028,3,6.914361e-04,0.15546,0.6200
4029,3,6.912914e-04,0.13592,1.1016
4030,3,6.911468e-04,0.12388,0.6686
4031,3,6.910021e-04,0.15805,1.2798
4032,3,6.908573e-04,0.13895,0.8751
4033,3,6.907126e-04,0.14407,0.6432
4034,3,6.905679e-04,0.09759,0.4950
4035,3,6.904231e-04,0.13627,1.3738
4036,3,6.902783e-04,0.17355,0.9182
4037,3,6.901335e-04,0.12447,0.5723
4038,3,6.899887e-04,0.23452,1.1451
4039,3,6.898438e-04,0.15579,0.6290
4040,3,6.896990e-04,0.15089,1.3947
4041,3,6.895541e-04,0.13350,0.5891
4042,3,6.894092e-04,0.18389,1.0662
4043,3,6.892643e-04,0.13208,0.6674
4044,3,6.891194e-04,0.12793,0.5737
4045,3,6.889744e-04,0.14100,0.7748
4046,3,6.888295e-04,0.20291,1.3560
4047,3,6.886845e-04,0.13345,0.7624
4048,3,6.885395e-04,0.11641,0.6515
4049,3,6.883945e-04,0.08277,0.6400
4050,3,6.882495e-04,0.14782,1.0485
4051,3,6.881044e-04,0.13607,1.0121
4052,3,6.879594e-04,0.10485,0.5771
4053,3,6.878143e-04,0.18310,0.8528
4054,3,6.876692e-04,0.18285,0.6787
4055,3,6.875241e-04,0.11944,0.4770
4056,3,6.873789e-04,0.13696,0.5907
4057,3,6.872338e-04,0.16569,0.7547
4058,3,6.870886e-04,0.10416,0.6420
4059,3,6.869434e-04,0.16073,0.6622
4060,3,6.867982e-04,0.18247,0.9975
4061,3,6.866530e-04,0.17084,0.8096
4062,3,6.865078e-04,0.15527,0.9015
4063,3,6.863625e-04,0.14249,0.7028
4064,3,6.862173e-04,0.17826,0.9115
4065,3,6.860720e-04,0.14791,0.6030
4066,3,6.859267e-04,0.17207,0.7796
4067,3,6.857813e-04,0.13737,0.6887
4068,3,6.856360e-04,0.12440,0.6489
4069,3,6.854907e-04,0.09418,0.9808
4070,3,6.853453e-04,0.17139,0.6877
4071,3,6.851999e-04,0.12683,0.6575
4072,3,6.850545e-04,0.13585,0.6281
4073,3,6.849091e-04,0.10253,0.5185
4074,3,6.847636e-04,0.16565,0.9385
4075,3,6.846182e-04,0.13483,0.6158
4076,3,6.844727e-04,0.12519,0.7769
4077,3,6.843272e-04,0.20486,0.8614
4078,3,6.841817e-04,0.13605,0.7575
4079,3,6.840362e-04,0.17806,0.7349
4080,3,6.838906e-04,0.14699,0.6071
4081,3,6.837451e-04,0.15201,0.7266
4082,3,6.835995e-04,0.12375,0.5932
4083,3,6.834539e-04,0.08608,0.4784
4084,3,6.833083e-04,0.13905,0.5565
4085,3,6.831627e-04,0.16197,1.3419
4086,3,6.830170e-04,0.15969,0.7850
4087,3,6.828714e-04,0.08238,0.8289
4088,3,6.827257e-04,0.15497,0.6583
4089,3,6.825800e-04,0.15560,0.6577
4090,3,6.824343e-04,0.14630,0.8215
4091,3,6.822886e-04,0.11804,1.0481
4092,3,6.821428e-04,0.14015,0.5878
4093,3,6.819971e-04,0.15486,0.6762
4094,3,6.818513e-04,0.13543,0.9018
4095,3,6.817055e-04,0.12769,0.5820
4096,3,6.815597e-04,0.17394,1.2740
4097,3,6.814139e-04,0.17425,1.0733
4098,3,6.812681e-04,0.11516,0.6367
4099,3,6.811222e-04,0.14295,0.7314
4100,3,6.809763e-04,0.22021,0.9344
4101,3,6.808304e-04,0.19895,0.7415
4102,3,6.806845e-04,0.18597,0.6374
4103,3,6.805386e-04,0.13407,0.7542
4104,3,6.803927e-04,0.16445,0.6843
4105,3,6.802467e-04,0.12914,0.6531
4106,3,6.801007e-04,0.20182,0.9701
4107,3,6.799547e-04,0.11427,0.6258
4108,3,6.798087e-04,0.12852,0.7791
4109,3,6.796627e-04,0.12466,0.5844
4110,3,6.795167e-04,0.18430,0.6910
4111,3,6.793706e-04,0.12145,0.7000
4112,3,6.792246e-04,0.09846,0.5082
4113,3,6.790785e-04,0.18173,0.7899
4114,3,6.789324e-04,0.14350,0.6548
4115,3,6.787863e-04,0.09119,0.8860
4116,3,6.786401e-04,0.14352,1.0691
4117,3,6.784940e-04,0.13436,0.6708
4118,3,6.783478e-04,0.12950,0.7156
4119,3,6.782016e-04,0.14751,0.5623
4120,3,6.780554e-04,0.15851,0.6736
4121,3,6.779092e-04,0.13463,0.7216
4122,3,6.777630e-04,0.14629,0.6141
4123,3,6.776167e-04,0.14531,0.8427
4124,3,6.774704e-04,0.11965,0.8660
4125,3,6.773242e-04,0.13464,1.3917
4126,3,6.771779e-04,0.14252,0.7410
4127,3,6.770316e-04,0.13140,1.2977
4128,3,6.768852e-04,0.11362,0.4722
4129,3,6.767389e-04,0.13618,0.8821
4130,3,6.765925e-04,0.08984,0.6268
4131,3,6.764461e-04,0.14496,0.9868
4132,3,6.762997e-04,0.12246,0.5504
4133,3,6.761533e-04,0.14800,0.7651
4134,3,6.760069e-04,0.12219,0.7279
4135,3,6.758605e-04,0.13931,0.5676
4136,3,6.757140e-04,0.13270,0.9662
4137,3,6.755675e-04,0.14886,0.7698
4138,3,6.754211e-04,0.15772,0.6442
4139,3,6.752745e-04,0.16654,0.7469
4140,3,6.751280e-04,0.18157,0.6974
4141,3,6.749815e-04,0.15494,1.0765
4142,3,6.748349e-04,0.13792,0.5842
4143,3,6.746884e-04,0.11468,0.5701
4144,3,6.745418e-04,0.14764,0.6478
4145,3,6.743952e-04,0.17612,0.6817
4146,3,6.742486e-04,0.13020,0.6451
4147,3,6.741019e-04,0.18726,0.7083
4148,3,6.739553e-04,0.14117,0.7974
4149,3,6.738086e-04,0.14829,0.5743
4150,3,6.736619e-04,0.16231,1.3995
4151,3,6.735153e-04,0.17935,0.9504
4152,3,6.733685e-04,0.17423,1.1037
4153,3,6.732218e-04,0.11026,0.7582
4154,3,6.730751e-04,0.13821,1.0642
4155,3,6.729283e-04,0.16447,1.0206
4156,3,6.727815e-04,0.16485,0.6552
4157,3,6.726348e-04,0.22484,1.1276
4158,3,6.724879e-04,0.17123,1.1364
4159,3,6.723411e-04,0.13637,0.6209
4160,3,6.721943e-04,0.16333,1.0647
4161,3,6.720474e-04,0.17461,0.6637
4162,3,6.719006e-04,0.14280,1.2363
4163,3,6.717537e-04,0.08962,0.4993
4164,3,6.716068e-04,0.17750,0.8413
4165,3,6.714599e-04,0.13342,1.4307
4166,3,6.713130e-04,0.15297,1.1736
4167,3,6.711660e-04,0.14801,0.6185
4168,3,6.710191e-04,0.20725,0.7061
4169,3,6.708721e-04,0.12729,0.7622
4170,3,6.707251e-04,0.20420,0.7267
4171,3,6.705781e-04,0.11855,0.9432
4172,3,6.704311e-04,0.17536,1.0936
4173,3,6.702840e-04,0.16463,0.6043
4174,3,6.701370e-04,0.23102,0.7537
4175,3,6.699899e-04,0.12467,0.7875
4176,3,6.698428e-04,0.14087,0.6622
4177,3,6.696957e-04,0.18634,1.0871
4178,3,6.695486e-04,0.11104,0.9190
4179,3,6.694015e-04,0.15008,0.7714
4180,3,6.692543e-04,0.16036,0.6176
4181,3,6.691072e-04,0.10015,0.6983
4182,3,6.689600e-04,0.13951,0.5582
4183,3,6.688128e-04,0.13089,0.7068
4184,3,6.686656e-04,0.08664,0.5894
4185,3,6.685184e-04,0.11306,0.5116
4186,3,6.683712e-04,0.22703,0.7980
4187,3,6.682239e-04,0.17554,1.2458
4188,3,6.680766e-04,0.12566,0.5324
4189,3,6.679294e-04,0.16204,0.5427
4190,3,6.677821e-04,0.22372,1.1207
4191,3,6.676348e-04,0.14930,0.6300
4192,3,6.674874e-04,0.12545,0.6430
4193,3,6.673401e-04,0.14405,1.0754
4194,3,6.671927e-04,0.14254,0.7889
4195,3,6.670454e-04,0.17789,0.8199
4196,3,6.668980e-04,0.12804,0.8646
4197,3,6.667506e-04,0.23449,1.1327
4198,3,6.666032e-04,0.17704,0.8819
4199,3,6.664557e-04,0.16602,0.7970
4200,3,6.663083e-04,0.14603,0.8024
4201,3,6.661608e-04,0.08671,0.8603
4202,3,6.660133e-04,0.20940,0.8011
4203,3,6.658659e-04,0.11927,0.5559
4204,3,6.657183e-04,0.14666,0.6522
4205,3,6.655708e-04,0.15547,1.1841
4206,3,6.654233e-04,0.17009,0.7555
4207,3,6.652757e-04,0.21041,0.7425
4208,3,6.651282e-04,0.22016,0.7922
4209,3,6.649806e-04,0.15145,0.7762
4210,3,6.648330e-04,0.10011,0.7627
4211,3,6.646854e-04,0.12554,0.6329
4212,3,6.645378e-04,0.13085,0.8576
4213,3,6.643901e-04,0.15326,0.9339
4214,3,6.642425e-04,0.16649,0.6964
4215,3,6.640948e-04,0.17158,0.6284
4216,3,6.639471e-04,0.12162,0.5802
4217,3,6.637994e-04,0.22148,0.9818
4218,3,6.636517e-04,0.13788,0.6169
4219,3,6.635040e-04,0.14646,0.6786
4220,3,6.633562e-04,0.11614,0.8398
4221,3,6.632085e-04,0.16306,0.7532
4222,3,6.630607e-04,0.13431,1.5638
4223,3,6.629129e-04,0.14218,0.7924
4224,3,6.627651e-04,0.14289,0.5978
4225,3,6.626173e-04,0.18881,0.7724
4226,3,6.624695e-04,0.14502,0.7433
4227,3,6.623216e-04,0.19777,0.8544
4228,3,6.621738e-04,0.13640,0.7092
4229,3,6.620259e-04,0.13315,0.9080
4230,3,6.618780e-04,0.16686,0.9459
4231,3,6.617301e-04,0.17098,0.7566
4232,3,6.615822e-04,0.10777,1.0044
4233,3,6.614343e-04,0.17373,0.5757
4234,3,6.612863e-04,0.14823,0.6264
4235,3,6.611384e-04,0.09267,0.4555
4236,3,6.609904e-04,0.18501,0.6850
4237,3,6.608424e-04,0.18028,0.6240
4238,3,6.606944e-04,0.12861,0.7280
4239,3,6.605464e-04,0.15158,0.6081
4240,3,6.603984e-04,0.10846,0.5105
4241,3,6.602503e-04,0.13818,0.6177
4242,3,6.601023e-04,0.18331,0.8971
4243,3,6.599542e-04,0.14125,0.8299
4244,3,6.598061e-04,0.18808,0.6881
4245,3,6.596580e-04,0.21807,0.8121
4246,3,6.595099e-04,0.10655,0.7266
4247,3,6.593617e-04,0.12875,0.6463
4248,3,6.592136e-04,0.13375,0.5521
4249,3,6.590654e-04,0.18255,1.0656
4250,3,6.589173e-04,0.17891,0.7268
4251,3,6.587691e-04,0.12403,0.6452
4252,3,6.586209e-04,0.19410,0.9150
4253,3,6.584727e-04,0.13454,0.6606
4254,3,6.583244e-04,0.09962,0.5187
4255,3,6.581762e-04,0.15687,1.0670
4256,3,6.580279e-04,0.19483,1.4827
4257,3,6.578797e-04,0.16640,0.7486
4258,3,6.577314e-04,0.19483,1.2768
4259,3,6.575831e-04,0.13607,0.7305
4260,3,6.574348e-04,0.20766,1.0045
4261,3,6.572864e-04,0.11903,0.7092
4262,3,6.571381e-04,0.10653,0.8506
4263,3,6.569897e-04,0.11963,0.5945
4264,3,6.568414e-04,0.13823,0.6050
4265,3,6.566930e-04,0.16089,0.8980
4266,3,6.565446e-04,0.13415,0.5637
4267,3,6.563962e-04,0.11295,0.6322
4268,3,6.562477e-04,0.11678,0.5721
4269,3,6.560993e-04,0.12177,0.8427
4270,3,6.559508e-04,0.11653,0.8427
4271,3,6.558024e-04,0.12063,0.5062
4272,3,6.556539e-04,0.16738,0.6571
4273,3,6.555054e-04,0.13979,0.6921
4274,3,6.553569e-04,0.14487,0.6001
4275,3,6.552084e-04,0.14879,0.8020
4276,3,6.550598e-04,0.12931,0.7102
4277,3,6.549113e-04,0.16091,0.6631
4278,3,6.547627e-04,0.19213,0.7984
4279,3,6.546141e-04,0.15947,0.5863
4280,3,6.544655e-04,0.13333,0.6862
4281,3,6.543169e-04,0.14668,1.3588
4282,3,6.541683e-04,0.18966,1.3626
4283,3,6.540197e-04,0.16601,0.8935
4284,3,6.538710e-04,0.12024,0.5307
4285,3,6.537224e-04,0.16798,0.7143
4286,3,6.535737e-04,0.10767,0.6148
4287,3,6.534250e-04,0.20635,0.9101
4288,3,6.532763e-04,0.10212,0.6564
4289,3,6.531276e-04,0.16758,0.8463
4290,3,6.529789e-04,0.14585,0.6963
4291,3,6.528301e-04,0.14191,0.6713
4292,3,6.526814e-04,0.16372,1.4011
4293,3,6.525326e-04,0.13138,1.5221
4294,3,6.523838e-04,0.16084,1.0933
4295,3,6.522350e-04,0.13963,1.0628
4296,3,6.520862e-04,0.11599,0.6381
4297,3,6.519374e-04,0.15055,0.5751
4298,3,6.517886e-04,0.13517,0.6478
4299,3,6.516397e-04,0.18161,1.1030
4300,3,6.514909e-04,0.16498,1.5516
4301,3,6.513420e-04,0.14174,0.7533
4302,3,6.511931e-04,0.15027,0.6466
4303,3,6.510442e-04,0.16872,1.2350
4304,3,6.508953e-04,0.16385,1.0155
4305,3,6.507463e-04,0.17631,0.8125
4306,3,6.505974e-04,0.12670,0.8373
4307,3,6.504484e-04,0.13784,0.9038
4308,3,6.502995e-04,0.11294,0.8373
4309,3,6.501505e-04,0.15000,1.0645
4310,3,6.500015e-04,0.21509,0.9031
4311,3,6.498525e-04,0.13130,0.6029
4312,3,6.497035e-04,0.18501,1.0153
4313,3,6.495544e-04,0.18786,0.8965
4314,3,6.494054e-04,0.16973,0.7743
4315,3,6.492563e-04,0.18799,0.6859
4316,3,6.491072e-04,0.14886,1.0483
4317,3,6.489582e-04,0.13924,0.6181
4318,3,6.488091e-04,0.10712,0.8149
4319,3,6.486599e-04,0.16795,0.7345
4320,3,6.485108e-04,0.15412,0.6696
4321,3,6.483617e-04,0.13931,0.6558
4322,3,6.482125e-04,0.14463,0.5941
4323,3,6.480634e-04,0.16359,0.6808
4324,3,6.479142e-04,0.14820,0.9209
4325,3,6.477650e-04,0.15272,0.6094
4326,3,6.476158e-04,0.10076,0.5579
4327,3,6.474666e-04,0.19924,1.0286
4328,3,6.473173e-04,0.16361,1.6703
4329,3,6.471681e-04,0.14314,1.0897
4330,3,6.470188e-04,0.12437,0.8493
4331,3,6.468696e-04,0.12350,0.4975
4332,3,6.467203e-04,0.13771,0.7868
4333,3,6.465710e-04,0.12882,0.7551
4334,3,6.464217e-04,0.18478,0.9415
4335,3,6.462724e-04,0.17904,1.0692
4336,3,6.461230e-04,0.13899,1.0144
4337,3,6.459737e-04,0.15736,0.8209
4338,3,6.458243e-04,0.18930,0.8624
4339,3,6.456749e-04,0.16101,0.7356
4340,3,6.455256e-04,0.11635,0.5183
4341,3,6.453762e-04,0.20185,0.7246
4342,3,6.452268e-04,0.13833,0.6596
4343,3,6.450773e-04,0.14963,0.6987
4344,3,6.449279e-04,0.16833,1.5117
4345,3,6.447784e-04,0.14227,0.6326
4346,3,6.446290e-04,0.21950,0.9790
4347,3,6.444795e-04,0.21337,1.1697
4348,3,6.443300e-04,0.16796,0.6602
4349,3,6.441805e-04,0.16076,0.7140
4350,3,6.440310e-04,0.09932,1.0621
4351,3,6.438815e-04,0.14368,0.8005
4352,3,6.437320e-04,0.12400,0.5265
4353,3,6.435824e-04,0.16557,0.6830
4354,3,6.434328e-04,0.11971,0.4921
4355,3,6.432833e-04,0.13739,1.0517
4356,3,6.431337e-04,0.17099,0.7639
4357,3,6.429841e-04,0.12434,0.8107
4358,3,6.428345e-04,0.12141,0.8078
4359,3,6.426848e-04,0.16393,0.8509
4360,3,6.425352e-04,0.15147,0.6567
4361,3,6.423856e-04,0.14256,0.6450
4362,3,6.422359e-04,0.14179,0.6783
4363,3,6.420862e-04,0.11688,0.5337
4364,3,6.419365e-04,0.19482,0.8047
4365,3,6.417868e-04,0.13051,0.5746
4366,3,6.416371e-04,0.15786,1.4819
4367,3,6.414874e-04,0.13300,1.0483
4368,3,6.413377e-04,0.14448,0.5902
4369,3,6.411879e-04,0.18168,0.7868
4370,3,6.410382e-04,0.11836,0.6245
4371,3,6.408884e-04,0.15351,0.6553
4372,3,6.407386e-04,0.15360,0.6979
4373,3,6.405888e-04,0.14581,0.6314
4374,3,6.404390e-04,0.12725,0.7483
4375,3,6.402892e-04,0.18284,0.7126
4376,3,6.401393e-04,0.13029,0.6114
4377,3,6.399895e-04,0.12721,0.5607
4378,3,6.398396e-04,0.13562,0.5889
4379,3,6.396898e-04,0.11192,0.6996
4380,3,6.395399e-04,0.12748,0.6999
4381,3,6.393900e-04,0.15199,0.7012
4382,3,6.392401e-04,0.21425,0.7289
4383,3,6.390902e-04,0.11033,0.5734
4384,3,6.389402e-04,0.10701,1.0199
4385,3,6.387903e-04,0.10802,0.5690
4386,3,6.386403e-04,0.12356,0.5633
4387,3,6.384904e-04,0.19841,1.0118
4388,3,6.383404e-04,0.13510,0.8246
4389,3,6.381904e-04,0.13048,0.5556
4390,3,6.380404e-04,0.16719,1.2504
4391,3,6.378904e-04,0.13013,0.6384
4392,3,6.377404e-04,0.22551,1.1596
4393,3,6.375903e-04,0.10139,0.5103
4394,3,6.374403e-04,0.11772,0.7343
4395,3,6.372902e-04,0.16104,0.5997
4396,3,6.371401e-04,0.18466,0.6591
4397,3,6.369900e-04,0.15720,0.8420
4398,3,6.368399e-04,0.13576,0.6265
4399,3,6.366898e-04,0.13130,1.1699
4400,3,6.365397e-04,0.16225,0.6853
4401,3,6.363896e-04,0.11115,0.6251
4402,3,6.362394e-04,0.15837,1.2154
4403,3,6.360893e-04,0.12560,0.9810
4404,3,6.359391e-04,0.19418,0.6834
4405,3,6.357889e-04,0.17529,0.8473
4406,3,6.356387e-04,0.11875,0.4929
4407,3,6.354885e-04,0.13034,0.5083
4408,3,6.353383e-04,0.13245,0.8011
4409,3,6.351881e-04,0.17974,1.5258
4410,3,6.350379e-04,0.16943,0.7388
4411,3,6.348876e-04,0.13343,0.6573
4412,3,6.347373e-04,0.20404,1.0002
4413,3,6.345871e-04,0.15172,0.6491
4414,3,6.344368e-04,0.16029,0.8109
4415,3,6.342865e-04,0.16759,0.7749
4416,3,6.341362e-04,0.15394,1.2750
4417,3,6.339859e-04,0.15238,0.9243
4418,3,6.338355e-04,0.16975,0.8213
4419,3,6.336852e-04,0.14222,0.9584
4420,3,6.335348e-04,0.22347,0.7891
4421,3,6.333845e-04,0.12500,0.7859
4422,3,6.332341e-04,0.20959,0.8722
4423,3,6.330837e-04,0.11814,0.6321
4424,3,6.329333e-04,0.10968,0.5394
4425,3,6.327829e-04,0.21885,0.6659
4426,3,6.326325e-04,0.14138,0.6663
4427,3,6.324820e-04,0.16268,0.6755
4428,3,6.323316e-04,0.14954,0.7188
4429,3,6.321811e-04,0.11517,0.6319
4430,3,6.320307e-04,0.14793,0.7162
4431,3,6.318802e-04,0.10604,0.8328
4432,3,6.317297e-04,0.16055,0.7654
4433,3,6.315792e-04,0.13703,0.6794
4434,3,6.314287e-04,0.10342,0.8030
4435,3,6.312781e-04,0.13520,0.7943
4436,3,6.311276e-04,0.10507,0.5095
4437,3,6.309771e-04,0.17143,1.1014
4438,3,6.308265e-04,0.21180,1.0066
4439,3,6.306759e-04,0.12470,0.6857
4440,3,6.305254e-04,0.19961,0.6897
4441,3,6.303748e-04,0.18677,0.6967
4442,3,6.302242e-04,0.13627,0.7210
4443,3,6.300735e-04,0.17526,0.7428
4444,3,6.299229e-04,0.12353,0.5324
4445,3,6.297723e-04,0.14573,0.7753
4446,3,6.296216e-04,0.15396,0.8801
4447,3,6.294710e-04,0.20441,0.7230
4448,3,6.293203e-04,0.14817,0.8615
4449,3,6.291696e-04,0.09550,0.6655
4450,3,6.290189e-04,0.16292,0.8597
4451,3,6.288682e-04,0.16008,0.6222
4452,3,6.287175e-04,0.12009,0.9469
4453,3,6.285668e-04,0.17759,1.5071
4454,3,6.284161e-04,0.14587,0.7272
4455,3,6.282653e-04,0.19272,0.6767
4456,3,6.281146e-04,0.16576,0.7322
4457,3,6.279638e-04,0.13852,0.6431
4458,3,6.278130e-04,0.17576,0.6128
4459,3,6.276622e-04,0.10850,0.5633
4460,3,6.275114e-04,0.15762,0.7040
4461,3,6.273606e-04,0.15305,0.8091
4462,3,6.272098e-04,0.10168,0.5862
4463,3,6.270589e-04,0.13294,0.6067
4464,3,6.269081e-04,0.24901,1.2356
4465,3,6.267572e-04,0.13728,0.5875
4466,3,6.266064e-04,0.15312,0.6762
4467,3,6.264555e-04,0.09763,0.5243
4468,3,6.263046e-04,0.18215,0.8356
4469,3,6.261537e-04,0.20362,1.1223
4470,3,6.260028e-04,0.15006,0.6804
4471,3,6.258519e-04,0.18603,0.8491
4472,3,6.257010e-04,0.15748,0.7525
4473,3,6.255500e-04,0.13687,0.7817
4474,3,6.253991e-04,0.13481,0.5486
4475,3,6.252481e-04,0.14900,0.8785
4476,3,6.250971e-04,0.15558,1.1513
4477,3,6.249462e-04,0.14188,1.1615
4478,3,6.247952e-04,0.16903,0.7713
4479,3,6.246442e-04,0.16014,0.6685
4480,3,6.244931e-04,0.13380,0.5937
4481,3,6.243421e-04,0.10763,0.5269
4482,3,6.241911e-04,0.13362,0.7348
4483,3,6.240400e-04,0.14756,0.5546
4484,3,6.238890e-04,0.15499,0.8537
4485,3,6.237379e-04,0.14615,0.7197
4486,3,6.235868e-04,0.14854,0.7844
4487,3,6.234357e-04,0.16678,0.9491
4488,3,6.232846e-04,0.17142,0.6522
4489,3,6.231335e-04,0.20948,1.0395
4490,3,6.229824e-04,0.09431,0.5391
4491,3,6.228313e-04,0.16149,1.7288
4492,3,6.226801e-04,0.19138,0.7313
4493,3,6.225290e-04,0.13464,0.7565
4494,3,6.223778e-04,0.16907,1.2779
4495,3,6.222267e-04,0.13991,0.9258
4496,3,6.220755e-04,0.18980,0.6716
4497,3,6.219243e-04,0.13377,0.6293
4498,3,6.217731e-04,0.18950,0.7475
4499,3,6.216219e-04,0.16180,0.7722
4500,3,6.214707e-04,0.14829,0.6098
4501,3,6.213194e-04,0.12756,0.5519
4502,3,6.211682e-04,0.09977,0.5667
4503,3,6.210169e-04,0.19329,0.7251
4504,3,6.208657e-04,0.13819,0.9983
4505,3,6.207144e-04,0.20502,1.2797
4506,3,6.205631e-04,0.15676,0.8854
4507,3,6.204118e-04,0.12717,0.5426
4508,3,6.202605e-04,0.18678,0.7478
4509,3,6.201092e-04,0.19002,0.6538
4510,3,6.199579e-04,0.11846,0.5628
4511,3,6.198065e-04,0.16784,1.0844
4512,3,6.196552e-04,0.12262,0.6664
4513,3,6.195039e-04,0.16341,0.7388
4514,3,6.193525e-04,0.16777,0.7632
4515,3,6.192011e-04,0.14877,0.7269
4516,3,6.190497e-04,0.12894,0.9922
4517,3,6.188983e-04,0.13194,0.6260
4518,3,6.187469e-04,0.18399,0.9234
4519,3,6.185955e-04,0.13723,0.6837
4520,3,6.184441e-04,0.09691,0.8637
4521,3,6.182927e-04,0.15060,0.7502
4522,3,6.181412e-04,0.12778,0.5074
4523,3,6.179898e-04,0.14357,0.8448
4524,3,6.178383e-04,0.13771,0.7809
4525,3,6.176868e-04,0.11444,0.5770
4526,3,6.175354e-04,0.11031,0.6363
4527,3,6.173839e-04,0.21730,0.9195
4528,3,6.172324e-04,0.16963,1.4057
4529,3,6.170809e-04,0.16067,0.7407
4530,3,6.169293e-04,0.16773,0.7247
4531,3,6.167778e-04,0.15834,0.6478
4532,3,6.166263e-04,0.13463,1.3088
4533,3,6.164747e-04,0.19099,0.8774
4534,3,6.163231e-04,0.16851,0.7123
4535,3,6.161716e-04,0.19438,1.2912
4536,3,6.160200e-04,0.16110,0.9728
4537,3,6.158684e-04,0.16247,0.9078
4538,3,6.157168e-04,0.10841,0.5962
4539,3,6.155652e-04,0.16209,0.7857
4540,3,6.154136e-04,0.15170,0.7314
4541,3,6.152620e-04,0.17511,0.6914
4542,3,6.151103e-04,0.08845,0.4788
4543,3,6.149587e-04,0.10319,0.5358
4544,3,6.148070e-04,0.09494,0.5589
4545,3,6.146554e-04,0.15853,0.7773
4546,3,6.145037e-04,0.18593,1.4057
4547,3,6.143520e-04,0.12698,0.9423
4548,3,6.142003e-04,0.15884,0.8848
4549,3,6.140486e-04,0.11106,0.5888
4550,3,6.138969e-04,0.20821,0.7243
4551,3,6.137452e-04,0.18877,0.7515
4552,3,6.135934e-04,0.19733,0.7498
4553,3,6.134417e-04,0.12190,0.9704
4554,3,6.132899e-04,0.15560,0.7655
4555,3,6.131382e-04,0.12374,0.6419
4556,3,6.129864e-04,0.12030,0.9226
4557,3,6.128346e-04,0.11943,0.6312
4558,3,6.126829e-04,0.13598,0.8584
4559,3,6.125311e-04,0.14985,0.6298
4560,3,6.123793e-04,0.17583,0.7700
4561,3,6.122274e-04,0.13547,0.5707
4562,3,6.120756e-04,0.16823,1.1352
4563,3,6.119238e-04,0.12887,0.5933
4564,3,6.117719e-04,0.12454,0.8884
4565,3,6.116201e-04,0.15256,0.6139
4566,3,6.114682e-04,0.17284,0.7513
4567,3,6.113164e-04,0.21369,0.7525
4568,3,6.111645e-04,0.17273,0.7191
4569,3,6.110126e-04,0.17105,0.6779
4570,3,6.108607e-04,0.16751,0.6826
4571,3,6.107088e-04,0.13014,0.5826
4572,3,6.105569e-04,0.14013,0.6031
4573,3,6.104049e-04,0.20483,1.0838
4574,3,6.102530e-04,0.15180,0.9774
4575,3,6.101011e-04,0.12959,0.9885
4576,3,6.099491e-04,0.13922,0.9434
4577,3,6.097972e-04,0.14252,0.6534
4578,3,6.096452e-04,0.11973,0.6401
4579,3,6.094932e-04,0.18446,1.0243
4580,3,6.093412e-04,0.12459,0.8507
4581,3,6.091892e-04,0.13490,1.0470
4582,3,6.090372e-04,0.14588,0.6373
4583,3,6.088852e-04,0.14993,0.6965
4584,3,6.087332e-04,0.12386,0.5810
4585,3,6.085812e-04,0.12281,0.6973
4586,3,6.084291e-04,0.14758,0.7031
4587,3,6.082771e-04,0.21189,0.7280
4588,3,6.081250e-04,0.13947,0.7596
4589,3,6.079729e-04,0.18793,0.6908
4590,3,6.078209e-04,0.16172,0.7234
4591,3,6.076688e-04,0.15127,0.7748
4592,3,6.075167e-04,0.16418,0.8848
4593,3,6.073646e-04,0.16196,0.6711
4594,3,6.072125e-04,0.21070,0.9760
4595,3,6.070604e-04,0.10367,0.5029
4596,3,6.069082e-04,0.12763,0.6654
4597,3,6.067561e-04,0.18665,0.7670
4598,3,6.066039e-04,0.14760,0.6672
4599,3,6.064518e-04,0.15921,0.6125
4600,3,6.062996e-04,0.17928,0.7500
4601,3,6.061475e-04,0.15106,0.6858
4602,3,6.059953e-04,0.13295,0.5872
4603,3,6.058431e-04,0.15321,0.6255
4604,3,6.056909e-04,0.15021,0.6286
4605,3,6.055387e-04,0.14915,0.6967
4606,3,6.053865e-04,0.11426,1.0304
4607,3,6.052342e-04,0.18158,1.8885
4608,3,6.050820e-04,0.17660,1.4852
4609,3,6.049298e-04,0.13854,0.6132
4610,3,6.047775e-04,0.14472,0.6467
4611,3,6.046253e-04,0.11194,0.5953
4612,3,6.044730e-04,0.16312,0.6795
4613,3,6.043207e-04,0.09855,0.5351
4614,3,6.041685e-04,0.18875,0.9390
4615,3,6.040162e-04,0.09911,0.5844
4616,3,6.038639e-04,0.12244,0.6136
4617,3,6.037116e-04,0.16645,0.7927
4618,3,6.035592e-04,0.11191,0.7493
4619,3,6.034069e-04,0.11790,0.5716
4620,3,6.032546e-04,0.15951,0.6955
4621,3,6.031023e-04,0.12476,0.6224
4622,3,6.029499e-04,0.12959,0.5953
4623,3,6.027975e-04,0.15928,1.2682
4624,3,6.026452e-04,0.14021,0.9711
4625,3,6.024928e-04,0.11441,0.5731
4626,3,6.023404e-04,0.16054,0.7978
4627,3,6.021880e-04,0.18421,0.8325
4628,3,6.020356e-04,0.22893,1.4552
4629,3,6.018832e-04,0.11628,1.4466
4630,3,6.017308e-04,0.11049,0.5397
4631,3,6.015784e-04,0.15311,0.7186
4632,3,6.014260e-04,0.14612,1.2505
4633,3,6.012735e-04,0.16378,0.7795
4634,3,6.011211e-04,0.14053,0.7176
4635,3,6.009686e-04,0.17541,0.7435
4636,3,6.008162e-04,0.14905,0.9903
4637,3,6.006637e-04,0.15873,0.8269
4638,3,6.005112e-04,0.13179,0.6621
4639,3,6.003587e-04,0.13387,0.5775
4640,3,6.002062e-04,0.14480,0.9233
4641,3,6.000537e-04,0.14367,1.6901
4642,3,5.999012e-04,0.09778,0.4820
4643,3,5.997487e-04,0.10015,0.4756
4644,3,5.995962e-04,0.17369,1.5514
4645,3,5.994437e-04,0.14480,0.7947
4646,3,5.992911e-04,0.14070,0.6816
4647,3,5.991386e-04,0.13760,0.5594
4648,3,5.989860e-04,0.09977,0.6797
4649,3,5.988334e-04,0.14013,0.8583
4650,3,5.986809e-04,0.16786,1.7737
4651,3,5.985283e-04,0.16029,0.6899
4652,3,5.983757e-04,0.27847,1.0370
4653,3,5.982231e-04,0.13770,0.6857
4654,3,5.980705e-04,0.14118,0.7256
4655,3,5.979179e-04,0.15974,0.6579
4656,3,5.977653e-04,0.10884,0.6447
4657,3,5.976126e-04,0.16215,0.6735
4658,3,5.974600e-04,0.12986,0.6376
4659,3,5.973074e-04,0.15520,0.6044
4660,3,5.971547e-04,0.10855,0.5837
4661,3,5.970021e-04,0.20555,1.2870
4662,3,5.968494e-04,0.21646,0.9763
4663,3,5.966967e-04,0.16686,0.8305
4664,3,5.965440e-04,0.17232,0.7758
4665,3,5.963914e-04,0.19138,1.0966
4666,3,5.962387e-04,0.18041,0.6644
4667,3,5.960860e-04,0.13932,0.5922
4668,3,5.959332e-04,0.14220,0.9483
4669,3,5.957805e-04,0.16477,0.6991
4670,3,5.956278e-04,0.15779,0.7001
4671,3,5.954751e-04,0.12092,0.5056
4672,3,5.953223e-04,0.11244,0.6322
4673,3,5.951696e-04,0.13119,0.5822
4674,3,5.950168e-04,0.11711,0.5636
4675,3,5.948641e-04,0.14685,0.8964
4676,3,5.947113e-04,0.16656,0.9215
4677,3,5.945585e-04,0.14674,0.6506
4678,3,5.944057e-04,0.13279,0.7264
4679,3,5.942529e-04,0.09806,0.5121
4680,3,5.941001e-04,0.15533,0.6241
4681,3,5.939473e-04,0.17014,0.5725
4682,3,5.937945e-04,0.09495,0.6380
4683,3,5.936417e-04,0.22198,0.7281
4684,3,5.934889e-04,0.17592,0.7621
4685,3,5.933360e-04,0.13871,0.5950
4686,3,5.931832e-04,0.15669,0.6888
4687,3,5.930303e-04,0.11685,0.5779
4688,3,5.928775e-04,0.12527,0.5402
4689,3,5.927246e-04,0.20826,0.7372
4690,3,5.925718e-04,0.14000,0.6520
4691,3,5.924189e-04,0.15535,0.7989
4692,3,5.922660e-04,0.10032,0.4972
4693,3,5.921131e-04,0.16316,0.8436
4694,3,5.919602e-04,0.14645,0.6236
4695,3,5.918073e-04,0.09731,0.5227
4696,3,5.916544e-04,0.09793,0.5524
4697,3,5.915015e-04,0.14681,0.6036
4698,3,5.913485e-04,0.12459,0.6155
4699,3,5.911956e-04,0.14810,0.6494
4700,3,5.910426e-04,0.20599,0.9508
4701,3,5.908897e-04,0.15626,1.0054
4702,3,5.907367e-04,0.17439,0.7433
4703,3,5.905838e-04,0.13698,0.9717
4704,3,5.904308e-04,0.12982,0.5123
4705,3,5.902778e-04,0.16542,0.7731
4706,3,5.901248e-04,0.17487,0.8325
4707,3,5.899719e-04,0.15732,0.7108
4708,3,5.898189e-04,0.12184,0.4815
4709,3,5.896659e-04,0.11530,0.4744
4710,3,5.895128e-04,0.13230,0.9255
4711,3,5.893598e-04,0.12393,0.5363
4712,3,5.892068e-04,0.10596,0.6971
4713,3,5.890538e-04,0.22246,1.0750
4714,3,5.889007e-04,0.17627,0.6584
4715,3,5.887477e-04,0.14706,0.6619
4716,3,5.885946e-04,0.10374,0.5083
4717,3,5.884416e-04,0.14666,0.7122
4718,3,5.882885e-04,0.15491,0.8384
4719,3,5.881354e-04,0.14282,0.6610
4720,3,5.879824e-04,0.15258,1.2062
4721,3,5.878293e-04,0.15294,0.9929
4722,3,5.876762e-04,0.11477,0.5406
4723,3,5.875231e-04,0.15488,0.5731
4724,3,5.873700e-04,0.22081,0.8523
4725,3,5.872169e-04,0.11473,0.5042
4726,3,5.870637e-04,0.16812,0.8391
4727,3,5.869106e-04,0.13749,0.8974
4728,3,5.867575e-04,0.12520,0.6212
4729,3,5.866043e-04,0.15295,0.6548
4730,3,5.864512e-04,0.17260,0.7194
4731,3,5.862981e-04,0.17873,0.6489
4732,3,5.861449e-04,0.13502,0.5326
4733,3,5.859917e-04,0.16047,0.5708
4734,3,5.858386e-04,0.14443,0.7469
4735,3,5.856854e-04,0.09483,0.7780
4736,3,5.855322e-04,0.12032,0.7486
4737,3,5.853790e-04,0.20447,0.7058
4738,3,5.852258e-04,0.15352,0.5880
4739,3,5.850726e-04,0.12552,0.8623
4740,3,5.849194e-04,0.20701,0.8055
4741,3,5.847662e-04,0.19262,0.7057
4742,3,5.846130e-04,0.20522,1.0143
4743,3,5.844597e-04,0.10009,0.5742
4744,3,5.843065e-04,0.13992,0.8087
4745,3,5.841533e-04,0.11888,0.5581
4746,3,5.840000e-04,0.11756,0.5690
4747,3,5.838468e-04,0.18412,1.4434
4748,3,5.836935e-04,0.13105,1.7293
4749,3,5.835402e-04,0.10356,0.9379
4750,3,5.833870e-04,0.17780,0.7193
4751,3,5.832337e-04,0.20335,0.6725
4752,3,5.830804e-04,0.14449,0.6236
4753,3,5.829271e-04,0.19851,1.1335
4754,3,5.827738e-04,0.12922,0.9022
4755,3,5.826205e-04,0.16344,1.2523
4756,3,5.824672e-04,0.18898,0.6793
4757,3,5.823139e-04,0.11628,1.6887
4758,3,5.821606e-04,0.11021,0.6438
4759,3,5.820072e-04,0.15805,0.6905
4760,3,5.818539e-04,0.12675,0.6295
4761,3,5.817006e-04,0.16642,0.6944
4762,3,5.815472e-04,0.18586,0.9162
4763,3,5.813939e-04,0.15210,0.6213
4764,3,5.812405e-04,0.20748,0.8539
4765,3,5.810872e-04,0.09440,0.7038
4766,3,5.809338e-04,0.15904,0.7829
4767,3,5.807804e-04,0.18116,0.7024
4768,3,5.806270e-04,0.09388,0.5513
4769,3,5.804737e-04,0.14979,0.6879
4770,3,5.803203e-04,0.18833,1.1184
4771,3,5.801669e-04,0.16402,0.6170
4772,3,5.800135e-04,0.23892,0.7584
4773,3,5.798600e-04,0.17269,0.8007
4774,3,5.797066e-04,0.14379,0.8005
4775,3,5.795532e-04,0.14314,0.5715
4776,3,5.793998e-04,0.13616,0.5483
4777,3,5.792464e-04,0.13085,0.8218
4778,3,5.790929e-04,0.14907,0.9382
4779,3,5.789395e-04,0.12333,0.6190
4780,3,5.787860e-04,0.14082,0.5922
4781,3,5.786326e-04,0.15131,0.6283
4782,3,5.784791e-04,0.12397,0.5816
4783,3,5.783256e-04,0.13830,0.6218
4784,3,5.781722e-04,0.08635,0.4931
4785,3,5.780187e-04,0.17467,0.9850
4786,3,5.778652e-04,0.11994,0.6875
4787,3,5.777117e-04,0.11515,0.6615
4788,3,5.775582e-04,0.15077,0.7810
4789,3,5.774047e-04,0.13612,0.9107
4790,3,5.772512e-04,0.10405,0.5612
4791,3,5.770977e-04,0.13377,0.9057
4792,3,5.769442e-04,0.15542,0.6598
4793,3,5.767907e-04,0.13967,0.5731
4794,3,5.766371e-04,0.11140,0.5532
4795,3,5.764836e-04,0.16665,0.6865
4796,3,5.763301e-04,0.07652,0.4818
4797,3,5.761765e-04,0.17028,1.1189
4798,3,5.760230e-04,0.11584,0.7437
4799,3,5.758694e-04,0.12301,0.5989
4800,3,5.757159e-04,0.08555,0.7918
4801,3,5.755623e-04,0.13362,0.6009
4802,3,5.754087e-04,0.12169,0.7466
4803,3,5.752551e-04,0.14852,0.5504
4804,3,5.751016e-04,0.14523,0.6898
4805,3,5.749480e-04,0.11222,0.6241
4806,3,5.747944e-04,0.14703,0.8612
4807,3,5.746408e-04,0.15068,0.6060
4808,3,5.744872e-04,0.20614,0.8160
4809,3,5.743336e-04,0.13075,0.6462
4810,3,5.741800e-04,0.14099,0.9962
4811,3,5.740263e-04,0.15775,0.5698
4812,3,5.738727e-04,0.15734,0.9710
4813,3,5.737191e-04,0.11861,0.7006
4814,3,5.735655e-04,0.16918,0.7380
4815,3,5.734118e-04,0.13023,0.6204
4816,3,5.732582e-04,0.10136,0.7561
4817,3,5.731045e-04,0.14277,0.5484
4818,3,5.729509e-04,0.13451,0.6387
4819,3,5.727972e-04,0.16847,0.8202
4820,3,5.726435e-04,0.14378,0.8390
4821,3,5.724899e-04,0.13705,0.6652
4822,3,5.723362e-04,0.10748,0.5647
4823,3,5.721825e-04,0.14724,0.6708
4824,3,5.720288e-04,0.18991,1.0592
4825,3,5.718751e-04,0.14216,0.8228
4826,3,5.717214e-04,0.16840,0.5716
4827,3,5.715677e-04,0.16441,0.7569
4828,3,5.714140e-04,0.13229,0.6490
4829,3,5.712603e-04,0.15431,0.7860
4830,3,5.711066e-04,0.11921,1.3826
4831,3,5.709529e-04,0.14272,0.9355
4832,3,5.707992e-04,0.12705,0.6536
4833,3,5.706454e-04,0.15166,0.7171
4834,3,5.704917e-04,0.19766,0.7552
4835,3,5.703380e-04,0.15751,0.6755
4836,3,5.701842e-04,0.17540,0.8287
4837,3,5.700305e-04,0.16129,0.5829
4838,3,5.698767e-04,0.12912,0.6488
4839,3,5.697230e-04,0.13711,0.6582
4840,3,5.695692e-04,0.14175,0.7462
4841,3,5.694154e-04,0.16301,0.7360
4842,3,5.692617e-04,0.11400,0.8181
4843,3,5.691079e-04,0.13913,0.8845
4844,3,5.689541e-04,0.06597,0.3720
4845,3,5.688003e-04,0.14204,0.6700
4846,3,5.686465e-04,0.19598,1.2442
4847,3,5.684927e-04,0.16537,1.1445
4848,3,5.683389e-04,0.20515,0.9933
4849,3,5.681851e-04,0.09474,0.7990
4850,3,5.680313e-04,0.17342,0.7543
4851,3,5.678775e-04,0.10314,0.6100
4852,3,5.677237e-04,0.18627,0.7077
4853,3,5.675699e-04,0.16828,0.8759
4854,3,5.674161e-04,0.13674,0.5899
4855,3,5.672622e-04,0.16119,0.7630
4856,3,5.671084e-04,0.18352,1.6975
4857,3,5.669545e-04,0.11068,0.6968
4858,3,5.668007e-04,0.13192,0.8080
4859,3,5.666469e-04,0.13571,0.5817
4860,3,5.664930e-04,0.16150,0.7396
4861,3,5.663391e-04,0.13807,0.5954
4862,3,5.661853e-04,0.18078,0.7868
4863,3,5.660314e-04,0.20953,0.7378
4864,3,5.658775e-04,0.10433,0.6308
4865,3,5.657237e-04,0.13320,0.6595
4866,3,5.655698e-04,0.22801,0.8496
4867,3,5.654159e-04,0.14484,1.2788
4868,3,5.652620e-04,0.16005,1.0026
4869,3,5.651081e-04,0.13537,0.6374
4870,3,5.649542e-04,0.15170,0.5847
4871,3,5.648003e-04,0.19932,0.8500
4872,3,5.646464e-04,0.14986,0.8247
4873,3,5.644925e-04,0.10004,0.8805
4874,3,5.643386e-04,0.12577,0.5920
4875,3,5.641847e-04,0.15490,0.6362
4876,3,5.640308e-04,0.16646,0.7895
4877,3,5.638768e-04,0.13719,0.9275
4878,3,5.637229e-04,0.15620,0.6787
4879,3,5.635690e-04,0.17750,1.0312
4880,3,5.634150e-04,0.14176,0.8786
4881,3,5.632611e-04,0.15586,1.0259
4882,3,5.631071e-04,0.10718,0.5093
4883,3,5.629532e-04,0.19164,0.8881
4884,3,5.627992e-04,0.16041,0.6774
4885,3,5.626453e-04,0.17289,1.1232
4886,3,5.624913e-04,0.21022,1.3127
4887,3,5.623374e-04,0.14000,0.8940
4888,3,5.621834e-04,0.18125,0.6378
4889,3,5.620294e-04,0.14098,0.6473
4890,3,5.618754e-04,0.14248,0.5724
4891,3,5.617215e-04,0.13823,0.7692
4892,3,5.615675e-04,0.18676,0.6783
4893,3,5.614135e-04,0.10486,0.5706
4894,3,5.612595e-04,0.11304,0.9476
4895,3,5.611055e-04,0.15035,0.9809
4896,3,5.609515e-04,0.14476,0.8132
4897,3,5.607975e-04,0.18606,0.7916
4898,3,5.606435e-04,0.11153,0.7312
4899,3,5.604895e-04,0.13974,0.5571
4900,3,5.603354e-04,0.12039,0.7431
4901,3,5.601814e-04,0.22876,0.9173
4902,3,5.600274e-04,0.22047,0.7724
4903,3,5.598734e-04,0.14825,0.7271
4904,3,5.597193e-04,0.13148,0.6251
4905,3,5.595653e-04,0.15852,0.6388
4906,3,5.594113e-04,0.11082,0.5427
4907,3,5.592572e-04,0.14077,0.7646
4908,3,5.591032e-04,0.16540,1.0511
4909,3,5.589491e-04,0.17186,0.7208
4910,3,5.587951e-04,0.17445,1.2111
4911,3,5.586410e-04,0.16130,1.1669
4912,3,5.584870e-04,0.11649,0.5086
4913,3,5.583329e-04,0.10276,0.4727
4914,3,5.581788e-04,0.15233,0.6194
4915,3,5.580248e-04,0.12143,0.5854
4916,3,5.578707e-04,0.09610,0.6126
4917,3,5.577166e-04,0.19466,1.4449
4918,3,5.575625e-04,0.15939,1.2803
4919,3,5.574084e-04,0.17609,1.5051
4920,3,5.572544e-04,0.11849,0.6571
4921,3,5.571003e-04,0.12237,0.5206
4922,3,5.569462e-04,0.14221,0.5673
4923,3,5.567921e-04,0.17282,0.9374
4924,3,5.566380e-04,0.15624,1.0156
4925,3,5.564839e-04,0.11909,0.6722
4926,3,5.563298e-04,0.13622,0.7615
4927,3,5.561757e-04,0.18613,2.1709
4928,3,5.560215e-04,0.21127,0.9596
4929,3,5.558674e-04,0.11093,0.5691
4930,3,5.557133e-04,0.19435,0.6802
4931,3,5.555592e-04,0.13579,0.5929
4932,3,5.554050e-04,0.16016,0.5817
4933,3,5.552509e-04,0.14943,0.8578
4934,3,5.550968e-04,0.13533,1.1303
4935,3,5.549426e-04,0.10209,0.5791
4936,3,5.547885e-04,0.18665,0.6831
4937,3,5.546344e-04,0.09302,0.8498
4938,3,5.544802e-04,0.12363,0.5657
4939,3,5.543261e-04,0.15403,0.9951
4940,3,5.541719e-04,0.12313,0.5734
4941,3,5.540178e-04,0.14110,0.5889
4942,3,5.538636e-04,0.11168,0.5411
4943,3,5.537094e-04,0.12602,0.6674
4944,3,5.535553e-04,0.16335,0.8147
4945,3,5.534011e-04,0.14789,0.5654
4946,3,5.532469e-04,0.14263,0.6083
4947,3,5.530928e-04,0.12771,0.7249
4948,3,5.529386e-04,0.17853,0.8694
4949,3,5.527844e-04,0.11350,0.5558
4950,3,5.526302e-04,0.15675,1.1221
4951,3,5.524760e-04,0.16307,0.9340
4952,3,5.523218e-04,0.11492,0.7010
4953,3,5.521676e-04,0.10428,0.5684
4954,3,5.520135e-04,0.18164,1.5163
4955,3,5.518593e-04,0.19564,0.6791
4956,3,5.517051e-04,0.24178,0.8095
4957,3,5.515509e-04,0.13888,0.9784
4958,3,5.513966e-04,0.16986,1.4728
4959,3,5.512424e-04,0.18997,0.7675
4960,3,5.510882e-04,0.15568,0.6372
4961,3,5.509340e-04,0.13727,0.9050
4962,3,5.507798e-04,0.14080,1.3144
4963,3,5.506256e-04,0.12705,0.7910
4964,3,5.504714e-04,0.11633,1.0294
4965,3,5.503171e-04,0.19481,1.0520
4966,3,5.501629e-04,0.15229,0.7502
4967,3,5.500087e-04,0.12753,0.9828
4968,3,5.498544e-04,0.13385,0.6476
4969,3,5.497002e-04,0.08073,0.4283
4970,3,5.495460e-04,0.17080,0.9003
4971,3,5.493917e-04,0.13374,0.6911
4972,3,5.492375e-04,0.11494,0.8460
4973,3,5.490832e-04,0.12488,0.9721
4974,3,5.489290e-04,0.10169,0.5021
4975,3,5.487747e-04,0.17480,1.1519
4976,3,5.486205e-04,0.18592,0.7825
4977,3,5.484662e-04,0.19822,1.0363
4978,3,5.483120e-04,0.11587,0.9128
4979,3,5.481577e-04,0.16066,1.4584
4980,3,5.480034e-04,0.15424,0.7071
4981,3,5.478492e-04,0.14576,1.1389
4982,3,5.476949e-04,0.11064,0.5836
4983,3,5.475406e-04,0.15848,0.8583
4984,3,5.473864e-04,0.18743,0.8930
4985,3,5.472321e-04,0.15439,0.6775
4986,3,5.470778e-04,0.13415,0.7696
4987,3,5.469235e-04,0.23734,1.4987
4988,3,5.467692e-04,0.12332,0.5201
4989,3,5.466150e-04,0.15002,1.6155
4990,3,5.464607e-04,0.13331,0.5759
4991,3,5.463064e-04,0.13546,0.5276
4992,3,5.461521e-04,0.11092,0.6413
4993,3,5.459978e-04,0.13180,0.6884
4994,3,5.458435e-04,0.20188,0.6796
4995,3,5.456892e-04,0.11213,0.5167
4996,3,5.455349e-04,0.15312,0.9172
4997,3,5.453806e-04,0.13015,0.6176
4998,3,5.452263e-04,0.19618,0.6955
4999,3,5.450720e-04,0.09761,0.5111
5000,3,5.449177e-04,0.13948,0.6539
5001,3,5.447634e-04,0.14763,0.5960
5002,3,5.446091e-04,0.13085,0.8138
5003,3,5.444547e-04,0.10073,0.4994
5004,3,5.443004e-04,0.21021,0.7014
5005,3,5.441461e-04,0.14109,0.5880
5006,3,5.439918e-04,0.18376,0.8886
5007,3,5.438375e-04,0.11809,0.5564
5008,3,5.436831e-04,0.14721,1.1026
5009,3,5.435288e-04,0.23911,1.2591
5010,3,5.433745e-04,0.14708,0.6671
5011,3,5.432201e-04,0.15483,0.6290
5012,3,5.430658e-04,0.16344,0.7226
5013,3,5.429115e-04,0.11768,0.4753
5014,3,5.427571e-04,0.12882,0.6714
5015,3,5.426028e-04,0.19500,1.3141
5016,3,5.424485e-04,0.15831,0.8739
5017,3,5.422941e-04,0.13697,0.5931
5018,3,5.421398e-04,0.19971,0.7505
5019,3,5.419854e-04,0.18155,0.6702
5020,3,5.418311e-04,0.19422,1.0261
5021,3,5.416767e-04,0.11087,0.8665
5022,3,5.415224e-04,0.15079,0.8794
5023,3,5.413680e-04,0.14811,0.5477
5024,3,5.412137e-04,0.15860,0.6551
5025,3,5.410593e-04,0.09134,0.7663
5026,3,5.409050e-04,0.08063,0.4272
5027,3,5.407506e-04,0.18277,0.5920
5028,3,5.405962e-04,0.12971,0.6383
5029,3,5.404419e-04,0.18456,0.7072
5030,3,5.402875e-04,0.14073,0.9876
5031,3,5.401331e-04,0.14326,1.7392
5032,3,5.399788e-04,0.11486,0.6039
5033,3,5.398244e-04,0.17971,0.6599
5034,3,5.396700e-04,0.13790,0.8260
5035,3,5.395157e-04,0.16008,0.7211
5036,3,5.393613e-04,0.13558,0.7485
5037,3,5.392069e-04,0.14237,1.4005
5038,3,5.390525e-04,0.15002,0.6741
5039,3,5.388981e-04,0.11182,0.7091
5040,3,5.387438e-04,0.14449,0.6127
5041,3,5.385894e-04,0.12603,0.5063
5042,3,5.384350e-04,0.18035,0.6341
5043,3,5.382806e-04,0.10095,0.4552
5044,3,5.381262e-04,0.18208,0.7359
5045,3,5.379718e-04,0.12355,0.6280
5046,3,5.378175e-04,0.15858,0.8872
5047,3,5.376631e-04,0.14727,0.8890
5048,3,5.375087e-04,0.14590,0.5830
5049,3,5.373543e-04,0.19748,0.7715
5050,3,5.371999e-04,0.17745,0.8859
5051,3,5.370455e-04,0.14705,0.6277
5052,3,5.368911e-04,0.17967,0.5798
5053,3,5.367367e-04,0.14019,0.6202
5054,3,5.365823e-04,0.17555,0.9962
5055,3,5.364279e-04,0.14569,0.6591
5056,3,5.362735e-04,0.09886,0.9519
5057,3,5.361191e-04,0.14819,1.0485
5058,3,5.359647e-04,0.17158,0.7015
5059,3,5.358103e-04,0.18465,0.7694
5060,3,5.356559e-04,0.19631,0.7233
5061,3,5.355015e-04,0.17236,1.5859
5062,3,5.353471e-04,0.18712,0.9912
5063,3,5.351926e-04,0.14206,1.3148
5064,3,5.350382e-04,0.15852,0.8773
5065,3,5.348838e-04,0.16659,0.6226
5066,3,5.347294e-04,0.17959,0.7448
5067,3,5.345750e-04,0.15588,1.1040
5068,3,5.344206e-04,0.16275,1.0403
5069,3,5.342662e-04,0.20154,0.6725
5070,3,5.341118e-04,0.17001,1.5310
5071,3,5.339573e-04,0.17623,0.6193
5072,3,5.338029e-04,0.20410,0.9583
5073,3,5.336485e-04,0.18461,0.9166
5074,3,5.334941e-04,0.14729,0.6270
5075,3,5.333397e-04,0.16339,0.8165
5076,3,5.331852e-04,0.16773,1.5639
5077,3,5.330308e-04,0.15990,0.6210
5078,3,5.328764e-04,0.13463,0.6149
5079,3,5.327220e-04,0.13887,0.6032
5080,3,5.325675e-04,0.15161,0.9426
5081,3,5.324131e-04,0.13561,0.8294
5082,3,5.322587e-04,0.18422,0.6974
5083,3,5.321042e-04,0.13001,0.5780
5084,3,5.319498e-04,0.24404,0.7659
5085,3,5.317954e-04,0.16443,0.6345
5086,3,5.316410e-04,0.15567,0.7908
5087,3,5.314865e-04,0.15701,0.7302
5088,3,5.313321e-04,0.19487,0.9185
5089,3,5.311777e-04,0.18564,0.7117
5090,3,5.310232e-04,0.14804,0.8531
5091,3,5.308688e-04,0.17406,1.1154
5092,3,5.307144e-04,0.10306,0.8271
5093,3,5.305599e-04,0.12475,0.5948
5094,3,5.304055e-04,0.11396,0.6421
5095,3,5.302511e-04,0.10941,0.4804
5096,3,5.300966e-04,0.13591,0.6102
5097,3,5.299422e-04,0.11695,0.6001
5098,3,5.297877e-04,0.17430,0.5910
5099,3,5.296333e-04,0.16630,0.5826
5100,3,5.294789e-04,0.18874,0.8603
5101,3,5.293244e-04,0.17333,1.6769
5102,3,5.291700e-04,0.16324,1.0599
5103,3,5.290155e-04,0.24586,0.7819
5104,3,5.288611e-04,0.11828,0.8021
5105,3,5.287067e-04,0.09127,0.4798
5106,3,5.285522e-04,0.17778,1.3421
5107,3,5.283978e-04,0.16541,0.6222
5108,3,5.282433e-04,0.12016,0.7088
5109,3,5.280889e-04,0.10809,0.4780
5110,3,5.279345e-04,0.20477,0.9665
5111,3,5.277800e-04,0.16935,0.7728
5112,3,5.276256e-04,0.16079,0.5733
5113,3,5.274711e-04,0.14465,0.5810
5114,3,5.273167e-04,0.16131,0.8127
5115,3,5.271622e-04,0.14649,1.0075
5116,3,5.270078e-04,0.16363,0.6048
5117,3,5.268533e-04,0.15882,0.8143
5118,3,5.266989e-04,0.21193,0.7050
5119,3,5.265445e-04,0.16114,1.5695
5120,3,5.263900e-04,0.24752,0.7495
5121,3,5.262356e-04,0.17202,0.9379
5122,3,5.260811e-04,0.11896,1.0690
5123,3,5.259267e-04,0.16853,0.7044
5124,3,5.257722e-04,0.11653,0.5415
5125,3,5.256178e-04,0.13987,0.7873
5126,3,5.254633e-04,0.14135,0.6186
5127,3,5.253089e-04,0.13900,1.0054
5128,3,5.251544e-04,0.17959,0.9247
5129,3,5.250000e-04,0.12492,1.0390
5130,3,5.248456e-04,0.11283,0.6015
5131,3,5.246911e-04,0.15815,0.6390
5132,3,5.245367e-04,0.09582,0.5302
5133,3,5.243822e-04,0.17458,0.9014
5134,3,5.242278e-04,0.17446,0.7841
5135,3,5.240733e-04,0.16383,1.1801
5136,3,5.239189e-04,0.20886,0.8878
5137,3,5.237644e-04,0.17925,0.9493
5138,3,5.236100e-04,0.14331,0.6177
5139,3,5.234555e-04,0.14725,0.6096
5140,3,5.233011e-04,0.15537,0.6315
5141,3,5.231467e-04,0.13963,0.5721
5142,3,5.229922e-04,0.13006,0.7489
5143,3,5.228378e-04,0.14726,0.6015
5144,3,5.226833e-04,0.11288,0.5745
5145,3,5.225289e-04,0.13960,0.9966
5146,3,5.223744e-04,0.23335,1.3086
5147,3,5.222200e-04,0.11339,0.7050
5148,3,5.220655e-04,0.14850,1.1053
5149,3,5.219111e-04,0.18526,0.7781
5150,3,5.217567e-04,0.16080,0.9132
5151,3,5.216022e-04,0.12663,0.6288
5152,3,5.214478e-04,0.14354,1.0149
5153,3,5.212933e-04,0.14843,1.2382
5154,3,5.211389e-04,0.10318,0.5183
5155,3,5.209845e-04,0.17545,1.0262
5156,3,5.208300e-04,0.12816,1.2214
5157,3,5.206756e-04,0.11878,0.9955
5158,3,5.205211e-04,0.11087,0.9500
5159,3,5.203667e-04,0.17616,0.6631
5160,3,5.202123e-04,0.16289,0.6560
5161,3,5.200578e-04,0.18509,0.7210
5162,3,5.199034e-04,0.21177,0.7363
5163,3,5.197489e-04,0.16271,0.5473
5164,3,5.195945e-04,0.13804,0.9969
5165,3,5.194401e-04,0.14371,0.6121
5166,3,5.192856e-04,0.14282,0.6042
5167,3,5.191312e-04,0.10938,0.7926
5168,3,5.189768e-04,0.15076,0.7426
5169,3,5.188223e-04,0.20919,0.8527
5170,3,5.186679e-04,0.13755,0.9228
5171,3,5.185135e-04,0.18493,0.8452
5172,3,5.183590e-04,0.15760,0.7721
5173,3,5.182046e-04,0.16437,0.6694
5174,3,5.180502e-04,0.17239,0.5494
5175,3,5.178958e-04,0.17423,0.7278
5176,3,5.177413e-04,0.14554,0.7207
5177,3,5.175869e-04,0.13111,1.1628
5178,3,5.174325e-04,0.10986,0.5150
5179,3,5.172780e-04,0.18023,0.9402
5180,3,5.171236e-04,0.15573,0.6720
5181,3,5.169692e-04,0.13897,0.6119
5182,3,5.168148e-04,0.23933,1.3936
5183,3,5.166603e-04,0.15676,0.5980
5184,3,5.165059e-04,0.17757,0.8179
5185,3,5.163515e-04,0.15712,0.7367
5186,3,5.161971e-04,0.10580,0.5462
5187,3,5.160427e-04,0.11667,0.6548
5188,3,5.158882e-04,0.11275,0.5530
5189,3,5.157338e-04,0.12224,0.5615
5190,3,5.155794e-04,0.14855,0.5689
5191,3,5.154250e-04,0.12213,0.6273
5192,3,5.152706e-04,0.10969,0.5587
5193,3,5.151162e-04,0.20483,0.8399
5194,3,5.149618e-04,0.09038,0.4992
5195,3,5.148074e-04,0.17045,0.9342
5196,3,5.146529e-04,0.12566,0.7559
5197,3,5.144985e-04,0.16788,1.3145
5198,3,5.143441e-04,0.13245,0.6111
5199,3,5.141897e-04,0.13882,0.6189
5200,3,5.140353e-04,0.18371,1.1309
5201,3,5.138809e-04,0.12661,0.7100
5202,3,5.137265e-04,0.14798,0.5872
5203,3,5.135721e-04,0.12639,0.5801
5204,3,5.134177e-04,0.10806,0.4686
5205,3,5.132633e-04,0.16687,0.8277
5206,3,5.131089e-04,0.09738,0.4499
5207,3,5.129545e-04,0.07640,0.5175
5208,3,5.128001e-04,0.17455,0.6416
5209,3,5.126457e-04,0.11976,0.5764
5210,3,5.124913e-04,0.11613,0.5617
5211,3,5.123369e-04,0.17335,0.6350
5212,3,5.121825e-04,0.15786,0.7670
5213,3,5.120282e-04,0.15497,1.0843
5214,3,5.118738e-04,0.14701,0.9844
5215,3,5.117194e-04,0.11216,0.7881
5216,3,5.115650e-04,0.11817,0.5337
5217,3,5.114106e-04,0.19356,0.7418
5218,3,5.112562e-04,0.11064,0.5469
5219,3,5.111019e-04,0.15671,0.8313
5220,3,5.109475e-04,0.10893,0.8926
5221,3,5.107931e-04,0.14556,0.6280
5222,3,5.106387e-04,0.16029,0.6404
5223,3,5.104843e-04,0.13104,0.6608
5224,3,5.103300e-04,0.13686,0.6051
5225,3,5.101756e-04,0.17324,0.5772
5226,3,5.100212e-04,0.23288,0.7564
5227,3,5.098669e-04,0.12078,0.7111
5228,3,5.097125e-04,0.13291,0.8897
5229,3,5.095581e-04,0.15582,0.7583
5230,3,5.094038e-04,0.20932,0.8875
5231,3,5.092494e-04,0.12307,0.5335
5232,3,5.090950e-04,0.11782,0.5512
5233,3,5.089407e-04,0.15550,0.9508
5234,3,5.087863e-04,0.14702,0.6835
5235,3,5.086320e-04,0.12403,0.5613
5236,3,5.084776e-04,0.08792,0.7594
5237,3,5.083233e-04,0.16038,0.6703
5238,3,5.081689e-04,0.16218,0.5867
5239,3,5.080146e-04,0.15385,0.6802
5240,3,5.078602e-04,0.12196,0.6842
5241,3,5.077059e-04,0.16594,0.7820
5242,3,5.075515e-04,0.14340,0.6331
5243,3,5.073972e-04,0.10267,0.7120
5244,3,5.072429e-04,0.13926,0.8232
5245,3,5.070885e-04,0.13888,0.5380
5246,3,5.069342e-04,0.13206,1.0207
5247,3,5.067799e-04,0.13769,0.9505
5248,3,5.066255e-04,0.17862,0.6545
5249,3,5.064712e-04,0.10759,0.9389
5250,3,5.063169e-04,0.13435,0.7716
5251,3,5.061625e-04,0.09076,0.5083
5252,3,5.060082e-04,0.12915,0.5538
5253,3,5.058539e-04,0.18475,0.6828
5254,3,5.056996e-04,0.12830,0.6554
5255,3,5.055453e-04,0.11323,0.5277
5256,3,5.053909e-04,0.15534,0.5876
5257,3,5.052366e-04,0.17070,0.7466
5258,3,5.050823e-04,0.17937,1.2863
5259,3,5.049280e-04,0.13335,0.5778
5260,3,5.047737e-04,0.14924,1.0108
5261,3,5.046194e-04,0.13699,0.6315
5262,3,5.044651e-04,0.12171,0.5304
5263,3,5.043108e-04,0.13021,1.0292
5264,3,5.041565e-04,0.13590,0.6433
5265,3,5.040022e-04,0.14843,0.7486
5266,3,5.038479e-04,0.19345,0.9273
5267,3,5.036936e-04,0.14156,0.6892
5268,3,5.035393e-04,0.19027,0.6928
5269,3,5.033850e-04,0.12175,0.7086
5270,3,5.032308e-04,0.16462,0.6375
5271,3,5.030765e-04,0.11769,0.5972
5272,3,5.029222e-04,0.15014,0.5839
5273,3,5.027679e-04,0.12668,0.6165
5274,3,5.026136e-04,0.16454,0.6422
5275,3,5.024594e-04,0.11354,0.8001
5276,3,5.023051e-04,0.15410,0.6816
5277,3,5.021508e-04,0.17929,1.6577
5278,3,5.019966e-04,0.19160,1.2292
5279,3,5.018423e-04,0.19115,0.8775
5280,3,5.016880e-04,0.16142,0.6737
5281,3,5.015338e-04,0.14555,0.5263
5282,3,5.013795e-04,0.09542,0.4539
5283,3,5.012253e-04,0.12154,0.5907
5284,3,5.010710e-04,0.19672,0.9918
5285,3,5.009168e-04,0.12925,0.8685
5286,3,5.007625e-04,0.19051,0.8038
5287,3,5.006083e-04,0.19527,0.6753
5288,3,5.004540e-04,0.11848,0.9502
5289,3,5.002998e-04,0.21608,1.2646
5290,3,5.001456e-04,0.15630,0.7532
5291,3,4.999913e-04,0.14500,0.6184
5292,3,4.998371e-04,0.12318,1.1170
5293,3,4.996829e-04,0.12413,0.5568
5294,3,4.995286e-04,0.13271,0.9562
5295,3,4.993744e-04,0.14183,1.1299
5296,3,4.992202e-04,0.14648,0.6548
5297,3,4.990660e-04,0.22713,0.8101
5298,3,4.989118e-04,0.12138,0.4939
5299,3,4.987576e-04,0.16601,0.6035
5300,3,4.986034e-04,0.17924,0.7970
5301,3,4.984491e-04,0.15439,0.6961
5302,3,4.982949e-04,0.14096,0.9174
5303,3,4.981407e-04,0.15197,0.6299
5304,3,4.979865e-04,0.17138,0.6147
5305,3,4.978324e-04,0.14889,0.7414
5306,3,4.976782e-04,0.20119,0.8398
5307,3,4.975240e-04,0.18485,1.0768
5308,3,4.973698e-04,0.11862,0.5185
5309,3,4.972156e-04,0.13787,0.5892
5310,3,4.970614e-04,0.10986,0.6513
5311,3,4.969072e-04,0.12362,0.7839
5312,3,4.967531e-04,0.23579,0.9694
5313,3,4.965989e-04,0.17803,0.7961
5314,3,4.964447e-04,0.20532,0.7470
5315,3,4.962906e-04,0.17049,0.6817
5316,3,4.961364e-04,0.11028,0.4663
5317,3,4.959822e-04,0.13868,0.7711
5318,3,4.958281e-04,0.14181,0.6398
5319,3,4.956739e-04,0.19131,0.7847
5320,3,4.955198e-04,0.14657,0.5787
5321,3,4.953656e-04,0.09837,0.5537
5322,3,4.952115e-04,0.14218,0.5912
5323,3,4.950574e-04,0.15273,0.9033
5324,3,4.949032e-04,0.19613,0.7355
5325,3,4.947491e-04,0.17607,0.8689
5326,3,4.945950e-04,0.11229,0.5788
5327,3,4.944408e-04,0.17745,1.1637
5328,3,4.942867e-04,0.17019,0.6731
5329,3,4.941326e-04,0.16115,1.1294
5330,3,4.939785e-04,0.13247,0.9896
5331,3,4.938243e-04,0.10317,0.9546
5332,3,4.936702e-04,0.14681,0.7651
5333,3,4.935161e-04,0.13423,0.7219
5334,3,4.933620e-04,0.17616,0.7387
5335,3,4.932079e-04,0.12861,0.7753
5336,3,4.930538e-04,0.12096,0.5915
5337,3,4.928997e-04,0.14379,0.8254
5338,3,4.927456e-04,0.20017,0.9040
5339,3,4.925916e-04,0.15590,0.8293
5340,3,4.924375e-04,0.14376,1.5414
5341,3,4.922834e-04,0.14921,1.0268
5342,3,4.921293e-04,0.09973,0.6158
5343,3,4.919752e-04,0.14933,0.6302
5344,3,4.918212e-04,0.12354,0.5821
5345,3,4.916671e-04,0.12305,0.5974
5346,3,4.915130e-04,0.16857,0.8969
5347,3,4.913590e-04,0.12396,0.8833
5348,3,4.912049e-04,0.16850,0.6508
5349,3,4.910509e-04,0.15305,1.1863
5350,3,4.908968e-04,0.15347,0.5632
5351,3,4.907428e-04,0.16714,0.7604
5352,3,4.905887e-04,0.13290,0.9052
5353,3,4.904347e-04,0.17387,1.5786
5354,3,4.902807e-04,0.13687,1.2470
5355,3,4.901266e-04,0.20012,1.0823
5356,3,4.899726e-04,0.17725,0.7662
5357,3,4.898186e-04,0.12347,0.5244
5358,3,4.896646e-04,0.19802,0.8506
5359,3,4.895105e-04,0.10219,0.4929
5360,3,4.893565e-04,0.14624,1.1535
5361,3,4.892025e-04,0.23572,1.0699
5362,3,4.890485e-04,0.13454,0.6874
5363,3,4.888945e-04,0.10631,1.1132
5364,3,4.887405e-04,0.15867,0.6662
5365,3,4.885865e-04,0.08801,0.7792
5366,3,4.884325e-04,0.16335,0.7841
5367,3,4.882785e-04,0.14345,0.7841
5368,3,4.881246e-04,0.15007,0.8448
5369,3,4.879706e-04,0.16635,1.0313
5370,3,4.878166e-04,0.10070,0.6947
5371,3,4.876626e-04,0.15261,1.2856
5372,3,4.875087e-04,0.11099,0.7899
5373,3,4.873547e-04,0.13924,0.8479
5374,3,4.872008e-04,0.14211,0.7482
5375,3,4.870468e-04,0.19485,0.8083
5376,3,4.868929e-04,0.14612,0.9986
5377,3,4.867389e-04,0.12659,0.7325
5378,3,4.865850e-04,0.14296,0.5924
5379,3,4.864310e-04,0.22237,0.7680
5380,3,4.862771e-04,0.13306,0.6860
5381,3,4.861232e-04,0.15433,0.8811
5382,3,4.859692e-04,0.10804,0.7596
5383,3,4.858153e-04,0.16232,0.5644
5384,3,4.856614e-04,0.11185,0.5360
5385,3,4.855075e-04,0.20330,0.6691
5386,3,4.853536e-04,0.13821,0.6170
5387,3,4.851997e-04,0.22854,0.7237
5388,3,4.850458e-04,0.11101,0.8086
5389,3,4.848919e-04,0.14972,0.6287
5390,3,4.847380e-04,0.18721,1.0763
5391,3,4.845841e-04,0.18327,0.6976
5392,3,4.844302e-04,0.13847,0.5744
5393,3,4.842763e-04,0.12284,0.6045
5394,3,4.841225e-04,0.18463,0.7947
5395,3,4.839686e-04,0.19214,1.2586
5396,3,4.838147e-04,0.17594,1.0420
5397,3,4.836609e-04,0.11459,0.7527
5398,3,4.835070e-04,0.17730,0.6293
5399,3,4.833531e-04,0.12707,0.8478
5400,3,4.831993e-04,0.11603,0.6027
5401,3,4.830455e-04,0.11016,0.4882
5402,3,4.828916e-04,0.21785,0.7956
5403,3,4.827378e-04,0.11222,0.5552
5404,3,4.825839e-04,0.12969,1.3950
5405,3,4.824301e-04,0.11680,0.5891
5406,3,4.822763e-04,0.13327,0.6465
5407,3,4.821225e-04,0.12116,0.4792
5408,3,4.819687e-04,0.19130,0.6888
5409,3,4.818149e-04,0.19838,1.6951
5410,3,4.816611e-04,0.09865,0.6808
5411,3,4.815073e-04,0.11298,0.5391
5412,3,4.813535e-04,0.10735,0.6813
5413,3,4.811997e-04,0.15910,0.7338
5414,3,4.810459e-04,0.14488,0.5428
5415,3,4.808921e-04,0.19495,0.6908
5416,3,4.807383e-04,0.15279,0.5866
5417,3,4.805846e-04,0.13125,0.5119
5418,3,4.804308e-04,0.21279,1.1307
5419,3,4.802770e-04,0.17404,1.2372
5420,3,4.801233e-04,0.15455,0.6478
5421,3,4.799695e-04,0.14427,0.6428
5422,3,4.798158e-04,0.17131,0.7231
5423,3,4.796620e-04,0.14066,0.5003
5424,3,4.795083e-04,0.20214,1.5172
5425,3,4.793546e-04,0.14226,0.8934
5426,3,4.792008e-04,0.11557,0.4570
5427,3,4.790471e-04,0.18337,0.7545
5428,3,4.788934e-04,0.16539,0.6940
5429,3,4.787397e-04,0.15649,0.7566
5430,3,4.785860e-04,0.22132,0.7487
5431,3,4.784323e-04,0.15898,0.6414
5432,3,4.782786e-04,0.12137,0.6741
5433,3,4.781249e-04,0.15529,0.7151
5434,3,4.779712e-04,0.13446,0.5209
5435,3,4.778175e-04,0.18377,1.0767
5436,3,4.776638e-04,0.13685,0.9499
5437,3,4.775101e-04,0.09218,0.6641
5438,3,4.773565e-04,0.17836,0.8231
5439,3,4.772028e-04,0.11410,0.5082
5440,3,4.770491e-04,0.22125,0.7304
5441,3,4.768955e-04,0.18145,0.9223
5442,3,4.767418e-04,0.17190,0.6713
5443,3,4.765882e-04,0.22695,0.9506
5444,3,4.764345e-04,0.14234,0.7395
5445,3,4.762809e-04,0.11548,0.5564
5446,3,4.761273e-04,0.20543,0.7612
5447,3,4.759737e-04,0.16784,0.8063
5448,3,4.758200e-04,0.13093,0.5102
5449,3,4.756664e-04,0.16328,0.7487
5450,3,4.755128e-04,0.12309,0.5811
5451,3,4.753592e-04,0.15488,0.6633
5452,3,4.752056e-04,0.11524,1.1159
5453,3,4.750520e-04,0.22007,1.3691
5454,3,4.748984e-04,0.20006,0.7513
5455,3,4.747449e-04,0.10033,0.7487
5456,3,4.745913e-04,0.14495,0.9528
5457,3,4.744377e-04,0.15554,0.6150
5458,3,4.742841e-04,0.07714,0.5751
5459,3,4.741306e-04,0.16243,0.8640
5460,3,4.739770e-04,0.13181,0.8163
5461,3,4.738235e-04,0.16889,0.7701
5462,3,4.736699e-04,0.16149,0.6091
5463,3,4.735164e-04,0.15874,0.6182
5464,3,4.733629e-04,0.14412,0.7303
5465,3,4.732093e-04,0.11243,0.5173
5466,3,4.730558e-04,0.16210,0.9358
5467,3,4.729023e-04,0.12711,0.7182
5468,3,4.727488e-04,0.15951,0.8870
5469,3,4.725953e-04,0.20474,1.7010
5470,3,4.724418e-04,0.14006,1.0480
5471,3,4.722883e-04,0.17006,0.7276
5472,3,4.721348e-04,0.15204,0.6125
5473,3,4.719813e-04,0.11282,0.5266
5474,3,4.718278e-04,0.14204,0.5320
5475,3,4.716744e-04,0.14468,0.5893
5476,3,4.715209e-04,0.18085,0.6469
5477,3,4.713674e-04,0.12042,0.6493
5478,3,4.712140e-04,0.09438,0.5631
5479,3,4.710605e-04,0.14488,0.6231
5480,3,4.709071e-04,0.13262,1.2308
5481,3,4.707536e-04,0.14535,0.8097
5482,3,4.706002e-04,0.13395,0.4803
5483,3,4.704468e-04,0.21221,0.7667
5484,3,4.702934e-04,0.09615,0.5847
5485,3,4.701400e-04,0.13378,0.7882
5486,3,4.699865e-04,0.16341,0.6811
5487,3,4.698331e-04,0.16779,0.9370
5488,3,4.696797e-04,0.13360,1.2604
5489,3,4.695263e-04,0.14575,1.0872
5490,3,4.693730e-04,0.14543,0.8556
5491,3,4.692196e-04,0.18713,0.7215
5492,3,4.690662e-04,0.11526,0.6315
5493,3,4.689128e-04,0.09592,0.5563
5494,3,4.687595e-04,0.16720,1.2126
5495,3,4.686061e-04,0.15866,1.0343
5496,3,4.684528e-04,0.17460,0.7674
5497,3,4.682994e-04,0.11753,0.7500
5498,3,4.681461e-04,0.16027,0.6963
5499,3,4.679928e-04,0.11825,0.6050
5500,3,4.678394e-04,0.12397,0.5240
5501,3,4.676861e-04,0.14586,0.6200
5502,3,4.675328e-04,0.10794,0.5583
5503,3,4.673795e-04,0.14689,0.6001
5504,3,4.672262e-04,0.17741,0.6412
5505,3,4.670729e-04,0.16395,0.6453
5506,3,4.669196e-04,0.15249,0.8631
5507,3,4.667663e-04,0.18608,0.6973
5508,3,4.666130e-04,0.18505,1.0783
5509,3,4.664598e-04,0.11765,0.6105
5510,3,4.663065e-04,0.16531,0.6463
5511,3,4.661532e-04,0.14100,0.5603
5512,3,4.660000e-04,0.14005,0.7778
5513,3,4.658467e-04,0.14909,0.6781
5514,3,4.656935e-04,0.11664,0.6232
5515,3,4.655403e-04,0.13279,0.6794
5516,3,4.653870e-04,0.19698,0.9773
5517,3,4.652338e-04,0.14922,0.8322
5518,3,4.650806e-04,0.09197,0.4767
5519,3,4.649274e-04,0.21610,0.7985
5520,3,4.647742e-04,0.14487,0.6329
5521,3,4.646210e-04,0.17677,0.6240
5522,3,4.644678e-04,0.09931,0.5777
5523,3,4.643146e-04,0.17759,0.9063
5524,3,4.641614e-04,0.12885,0.6789
5525,3,4.640083e-04,0.15380,1.1391
5526,3,4.638551e-04,0.12333,1.0683
5527,3,4.637019e-04,0.15801,0.5853
5528,3,4.635488e-04,0.15548,0.6349
5529,3,4.633957e-04,0.21881,0.7408
5530,3,4.632425e-04,0.18602,1.0602
5531,3,4.630894e-04,0.16294,1.1884
5532,3,4.629363e-04,0.19184,0.6622
5533,3,4.627831e-04,0.09992,0.6126
5534,3,4.626300e-04,0.15541,0.6370
5535,3,4.624769e-04,0.15135,0.7885
5536,3,4.623238e-04,0.15679,0.5871
5537,3,4.621707e-04,0.14752,0.7622
5538,3,4.620176e-04,0.17408,0.9090
5539,3,4.618646e-04,0.10479,0.5151
5540,3,4.617115e-04,0.24449,1.7812
5541,3,4.615584e-04,0.10877,0.5419
5542,3,4.614054e-04,0.14857,0.6198
5543,3,4.612523e-04,0.12260,0.5477
5544,3,4.610993e-04,0.16992,0.5757
5545,3,4.609462e-04,0.11065,0.5385
5546,3,4.607932e-04,0.13507,0.5735
5547,3,4.606402e-04,0.10514,0.5246
5548,3,4.604872e-04,0.12915,0.8837
5549,3,4.603341e-04,0.15324,0.7386
5550,3,4.601811e-04,0.19336,1.1088
5551,3,4.600281e-04,0.14627,0.7201
5552,3,4.598752e-04,0.10752,0.6640
5553,3,4.597222e-04,0.13753,0.6009
5554,3,4.595692e-04,0.14640,0.6449
5555,3,4.594162e-04,0.11450,0.9283
5556,3,4.592633e-04,0.11550,0.7730
5557,3,4.591103e-04,0.19178,0.7927
5558,3,4.589574e-04,0.13536,1.1232
5559,3,4.588044e-04,0.21363,0.7675
5560,3,4.586515e-04,0.14619,0.6146
5561,3,4.584985e-04,0.15391,0.8342
5562,3,4.583456e-04,0.14927,1.5491
5563,3,4.581927e-04,0.10423,0.6897
5564,3,4.580398e-04,0.25881,0.7754
5565,3,4.578869e-04,0.13906,0.8860
5566,3,4.577340e-04,0.16939,0.7410
5567,3,4.575811e-04,0.13095,0.7092
5568,3,4.574282e-04,0.15379,1.2000
5569,3,4.572754e-04,0.11838,1.3385
5570,3,4.571225e-04,0.21821,0.8639
5571,3,4.569697e-04,0.15165,0.8382
5572,3,4.568168e-04,0.16006,0.6292
5573,3,4.566640e-04,0.15465,0.7085
5574,3,4.565111e-04,0.13903,0.7221
5575,3,4.563583e-04,0.20210,0.7429
5576,3,4.562055e-04,0.13860,0.7680
5577,3,4.560527e-04,0.14664,1.1422
5578,3,4.558999e-04,0.14789,0.6226
5579,3,4.557471e-04,0.12461,0.6021
5580,3,4.555943e-04,0.14284,0.5589
5581,3,4.554415e-04,0.08647,0.5180
5582,3,4.552887e-04,0.10440,0.5452
5583,3,4.551359e-04,0.10303,0.5537
5584,3,4.549832e-04,0.18521,0.6185
5585,3,4.548304e-04,0.19526,0.6914
5586,3,4.546777e-04,0.13914,0.8233
5587,3,4.545249e-04,0.15012,0.6402
5588,3,4.543722e-04,0.18626,1.3828
5589,3,4.542195e-04,0.19187,0.6924
5590,3,4.540668e-04,0.13613,0.8052
5591,3,4.539140e-04,0.14010,0.6385
5592,3,4.537613e-04,0.20182,1.2388
5593,3,4.536086e-04,0.14909,0.7008
5594,3,4.534560e-04,0.23756,0.8238
5595,3,4.533033e-04,0.17959,0.9961
5596,3,4.531506e-04,0.15823,0.8079
5597,3,4.529979e-04,0.08720,0.5976
5598,3,4.528453e-04,0.13613,0.5790
5599,3,4.526926e-04,0.11512,0.5300
5600,3,4.525400e-04,0.14305,0.5892
5601,3,4.523874e-04,0.19800,0.7737
5602,3,4.522347e-04,0.15766,0.7819
5603,3,4.520821e-04,0.14662,0.6412
5604,3,4.519295e-04,0.12642,1.0935
5605,3,4.517769e-04,0.16489,0.6866
5606,3,4.516243e-04,0.15809,0.9918
5607,3,4.514717e-04,0.19422,0.7531
5608,3,4.513191e-04,0.15399,0.6261
5609,3,4.511666e-04,0.16499,0.6480
5610,3,4.510140e-04,0.16430,0.8900
5611,3,4.508614e-04,0.17622,0.6368
5612,3,4.507089e-04,0.13699,0.5981
5613,3,4.505563e-04,0.17305,0.6660
5614,3,4.504038e-04,0.12926,0.5616
5615,3,4.502513e-04,0.14871,0.5737
5616,3,4.500988e-04,0.15500,0.7593
5617,3,4.499463e-04,0.12720,1.0991
5618,3,4.497938e-04,0.15058,0.6852
5619,3,4.496413e-04,0.12966,0.5554
5620,3,4.494888e-04,0.13095,0.9652
5621,3,4.493363e-04,0.15964,0.7645
5622,3,4.491838e-04,0.15812,0.7106
5623,3,4.490314e-04,0.14780,0.8374
5624,3,4.488789e-04,0.19548,0.7331
5625,3,4.487265e-04,0.08740,0.3670
5626,3,4.485740e-04,0.13995,0.6077
5627,3,4.484216e-04,0.13253,0.6037
5628,3,4.482692e-04,0.11092,0.9506
5629,3,4.481168e-04,0.14216,1.2010
5630,3,4.479644e-04,0.18000,0.7400
5631,3,4.478120e-04,0.16878,0.6606
5632,3,4.476596e-04,0.11196,0.4943
5633,3,4.475072e-04,0.19623,0.7192
5634,3,4.473548e-04,0.14236,0.6989
5635,3,4.472025e-04,0.16026,0.6355
5636,3,4.470501e-04,0.15154,1.1507
5637,3,4.468977e-04,0.17021,0.6220
5638,3,4.467454e-04,0.12346,0.6076
5639,3,4.465931e-04,0.16322,0.6898
5640,3,4.464408e-04,0.10570,0.4998
5641,3,4.462884e-04,0.12344,0.5439
5642,3,4.461361e-04,0.17705,0.6438
5643,3,4.459838e-04,0.14543,1.1374
5644,3,4.458315e-04,0.12522,0.4822
5645,3,4.456793e-04,0.17819,0.8876
5646,3,4.455270e-04,0.14961,0.9603
5647,3,4.453747e-04,0.17049,1.0308
5648,3,4.452225e-04,0.11981,0.4836
5649,3,4.450702e-04,0.10777,0.4848
5650,3,4.449180e-04,0.13264,0.9137
5651,3,4.447658e-04,0.16233,0.8978
5652,3,4.446135e-04,0.11989,0.5073
5653,3,4.444613e-04,0.13446,0.8325
5654,3,4.443091e-04,0.18259,0.7764
5655,3,4.441569e-04,0.15652,0.8266
5656,3,4.440047e-04,0.15740,0.7303
5657,3,4.438525e-04,0.14274,0.8784
5658,3,4.437004e-04,0.14937,0.6824
5659,3,4.435482e-04,0.13165,0.5983
5660,3,4.433961e-04,0.14015,0.5712
5661,3,4.432439e-04,0.11283,0.4946
5662,3,4.430918e-04,0.16391,0.7748
5663,3,4.429396e-04,0.19407,1.1319
5664,3,4.427875e-04,0.11821,0.6490
5665,3,4.426354e-04,0.17700,0.7442
5666,3,4.424833e-04,0.12721,0.5214
5667,3,4.423312e-04,0.16106,0.8945
5668,3,4.421791e-04,0.15487,0.5616
5669,3,4.420271e-04,0.13172,0.5340
5670,3,4.418750e-04,0.13446,1.1763
5671,3,4.417229e-04,0.16853,0.5823
5672,3,4.415709e-04,0.18196,0.7972
5673,3,4.414188e-04,0.16458,0.8130
5674,3,4.412668e-04,0.12924,1.1863
5675,3,4.411148e-04,0.17270,0.6796
5676,3,4.409628e-04,0.12019,0.5880
5677,3,4.408108e-04,0.15416,1.0594
5678,3,4.406588e-04,0.19225,1.0699
5679,3,4.405068e-04,0.14915,0.6368
5680,3,4.403548e-04,0.16329,1.0879
5681,3,4.402028e-04,0.15286,0.6374
5682,3,4.400509e-04,0.13709,0.5985
5683,3,4.398989e-04,0.16633,0.9746
5684,3,4.397470e-04,0.15625,0.7067
5685,3,4.395951e-04,0.15326,0.7349
5686,3,4.394431e-04,0.17334,1.3313
5687,3,4.392912e-04,0.19141,1.2300
5688,3,4.391393e-04,0.13120,0.5728
5689,3,4.389874e-04,0.14374,0.5902
5690,3,4.388355e-04,0.13939,0.5604
5691,3,4.386836e-04,0.16033,0.6336
5692,3,4.385318e-04,0.14006,0.6984
5693,3,4.383799e-04,0.13951,0.9658
5694,3,4.382281e-04,0.15640,0.8930
5695,3,4.380762e-04,0.14318,0.7953
5696,3,4.379244e-04,0.10240,0.4805
5697,3,4.377726e-04,0.18842,0.7203
5698,3,4.376207e-04,0.13947,0.6936
5699,3,4.374689e-04,0.14730,0.7382
5700,3,4.373171e-04,0.09288,0.8320
5701,3,4.371654e-04,0.10344,0.6265
5702,3,4.370136e-04,0.12797,0.8838
5703,3,4.368618e-04,0.15604,0.7629
5704,3,4.367101e-04,0.20028,0.7558
5705,3,4.365583e-04,0.14081,0.5773
5706,3,4.364066e-04,0.15247,0.5978
5707,3,4.362548e-04,0.13291,0.6667
5708,3,4.361031e-04,0.16478,0.8732
5709,3,4.359514e-04,0.18390,0.7083
5710,3,4.357997e-04,0.20442,0.8048
5711,3,4.356480e-04,0.18644,0.6697
5712,3,4.354963e-04,0.15230,0.6747
5713,3,4.353446e-04,0.14393,0.7460
5714,3,4.351930e-04,0.15589,0.6047
5715,3,4.350413e-04,0.16230,0.6012
5716,3,4.348897e-04,0.18412,0.7306
5717,3,4.347380e-04,0.14943,0.8133
5718,3,4.345864e-04,0.12897,0.5624
5719,3,4.344348e-04,0.11112,0.4475
5720,3,4.342832e-04,0.11424,0.6343
5721,3,4.341316e-04,0.15507,0.6084
5722,3,4.339800e-04,0.13534,0.6110
5723,3,4.338284e-04,0.13966,0.6802
5724,3,4.336769e-04,0.16855,0.9090
5725,3,4.335253e-04,0.12727,0.8210
5726,3,4.333737e-04,0.12823,0.5241
5727,3,4.332222e-04,0.13325,0.6557
5728,3,4.330707e-04,0.08736,0.7768
5729,3,4.329191e-04,0.08771,0.3780
5730,3,4.327676e-04,0.16353,0.6667
5731,3,4.326161e-04,0.11521,0.5287
5732,3,4.324646e-04,0.15606,0.5336
5733,3,4.323132e-04,0.19243,0.9609
5734,3,4.321617e-04,0.12144,0.6242
5735,3,4.320102e-04,0.12317,0.6670
5736,3,4.318588e-04,0.17031,0.8578
5737,3,4.317073e-04,0.16021,1.5259
5738,3,4.315559e-04,0.16031,0.9516
5739,3,4.314045e-04,0.11134,0.5494
5740,3,4.312531e-04,0.18581,0.8736
5741,3,4.311017e-04,0.14407,0.6983
5742,3,4.309503e-04,0.12254,0.5442
5743,3,4.307989e-04,0.16589,0.6042
5744,3,4.306475e-04,0.11510,1.0728
5745,3,4.304961e-04,0.15271,0.7902
5746,3,4.303448e-04,0.12397,0.7624
5747,3,4.301935e-04,0.13036,0.5841
5748,3,4.300421e-04,0.17278,1.0915
5749,3,4.298908e-04,0.12111,0.5151
5750,3,4.297395e-04,0.17489,0.9037
5751,3,4.295882e-04,0.14871,0.5367
5752,3,4.294369e-04,0.11391,0.4649
5753,3,4.292856e-04,0.16208,0.7512
5754,3,4.291343e-04,0.14708,0.7263
5755,3,4.289831e-04,0.13599,0.5215
5756,3,4.288318e-04,0.13195,0.9110
5757,3,4.286806e-04,0.11074,0.5635
5758,3,4.285293e-04,0.14328,1.0509
5759,3,4.283781e-04,0.14573,0.6258
5760,3,4.282269e-04,0.15489,0.6986
5761,3,4.280757e-04,0.12134,0.6546
5762,3,4.279245e-04,0.15653,0.8758
5763,3,4.277733e-04,0.15529,0.6329
5764,3,4.276222e-04,0.18190,0.6951
5765,3,4.274710e-04,0.22007,0.7144
5766,3,4.273199e-04,0.11412,0.6744
5767,3,4.271687e-04,0.16509,1.2699
5768,3,4.270176e-04,0.16025,0.8505
5769,3,4.268665e-04,0.15188,0.7061
5770,3,4.267154e-04,0.12445,0.7346
5771,3,4.265643e-04,0.13289,0.6770
5772,3,4.264132e-04,0.17263,0.9150
5773,3,4.262621e-04,0.18263,0.7855
5774,3,4.261110e-04,0.15799,0.6819
5775,3,4.259600e-04,0.13690,0.9764
5776,3,4.258089e-04,0.14183,1.0462
5777,3,4.256579e-04,0.12706,0.7977
5778,3,4.255069e-04,0.12244,0.5364
5779,3,4.253558e-04,0.17028,1.1494
5780,3,4.252048e-04,0.18401,0.8816
5781,3,4.250538e-04,0.14846,0.6173
5782,3,4.249029e-04,0.12431,0.5493
5783,3,4.247519e-04,0.13721,0.6640
5784,3,4.246009e-04,0.09334,0.5843
5785,3,4.244500e-04,0.13691,0.5411
5786,3,4.242990e-04,0.14536,0.9010
5787,3,4.241481e-04,0.15972,0.6136
5788,3,4.239972e-04,0.14824,0.7041
5789,3,4.238463e-04,0.13494,0.8672
5790,3,4.236954e-04,0.10372,0.5418
5791,3,4.235445e-04,0.11730,0.4922
5792,3,4.233936e-04,0.22984,0.9531
5793,3,4.232428e-04,0.18758,0.6179
5794,3,4.230919e-04,0.13454,0.6945
5795,3,4.229411e-04,0.21943,0.6692
5796,3,4.227902e-04,0.12703,0.5573
5797,3,4.226394e-04,0.17418,0.8077
5798,3,4.224886e-04,0.12642,1.3254
5799,3,4.223378e-04,0.16483,0.8207
5800,3,4.221870e-04,0.15345,1.2784
5801,3,4.220362e-04,0.12457,0.6057
5802,3,4.218854e-04,0.15142,0.7097
5803,3,4.217347e-04,0.13841,0.6764
5804,3,4.215839e-04,0.15160,0.6945
5805,3,4.214332e-04,0.16959,1.2980
5806,3,4.212825e-04,0.15177,0.6928
5807,3,4.211318e-04,0.11154,0.6634
5808,3,4.209811e-04,0.17038,0.7408
5809,3,4.208304e-04,0.19494,0.7026
5810,3,4.206797e-04,0.13897,0.5322
5811,3,4.205290e-04,0.11281,0.6816
5812,3,4.203784e-04,0.19822,0.6729
5813,3,4.202277e-04,0.15095,0.5755
5814,3,4.200771e-04,0.14500,0.5991
5815,3,4.199265e-04,0.09608,0.5052
5816,3,4.197758e-04,0.12485,0.5604
5817,3,4.196252e-04,0.15162,0.6366
5818,3,4.194746e-04,0.13699,1.2921
5819,3,4.193241e-04,0.09601,1.0349
5820,3,4.191735e-04,0.14435,0.5340
5821,3,4.190229e-04,0.11504,0.6142
5822,3,4.188724e-04,0.14683,0.5724
5823,3,4.187219e-04,0.17318,0.6768
5824,3,4.185713e-04,0.16337,0.6787
5825,3,4.184208e-04,0.18083,0.6188
5826,3,4.182703e-04,0.13445,0.6261
5827,3,4.181198e-04,0.13750,0.7136
5828,3,4.179693e-04,0.16072,0.6212
5829,3,4.178189e-04,0.12465,0.5867
5830,3,4.176684e-04,0.18237,0.7867
5831,3,4.175180e-04,0.16405,1.0412
5832,3,4.173675e-04,0.17248,0.6868
5833,3,4.172171e-04,0.21481,1.0637
5834,3,4.170667e-04,0.24182,0.7603
5835,3,4.169163e-04,0.17460,0.9124
5836,3,4.167659e-04,0.13584,0.8305
5837,3,4.166155e-04,0.14827,0.5687
5838,3,4.164652e-04,0.13782,0.5652
5839,3,4.163148e-04,0.13297,0.5431
5840,3,4.161645e-04,0.16694,0.6794
5841,3,4.160141e-04,0.12318,0.5791
5842,3,4.158638e-04,0.16713,0.6760
5843,3,4.157135e-04,0.14925,0.6022
5844,3,4.155632e-04,0.17172,1.0054
5845,3,4.154129e-04,0.15378,0.8210
5846,3,4.152627e-04,0.13641,0.8097
5847,3,4.151124e-04,0.14870,0.9128
5848,3,4.149621e-04,0.19665,0.9560
5849,3,4.148119e-04,0.10592,0.5346
5850,3,4.146617e-04,0.12895,0.7341
5851,3,4.145115e-04,0.11497,0.5442
5852,3,4.143613e-04,0.16587,0.6391
5853,3,4.142111e-04,0.13087,0.5393
5854,3,4.140609e-04,0.15226,0.6369
5855,3,4.139107e-04,0.14899,0.5649
5856,3,4.137606e-04,0.13788,0.8912
5857,3,4.136104e-04,0.11206,0.4942
5858,3,4.134603e-04,0.14463,0.5441
5859,3,4.133102e-04,0.13389,0.7991
5860,3,4.131601e-04,0.20101,0.9528
5861,3,4.130100e-04,0.13975,0.6230
5862,3,4.128599e-04,0.17454,0.8599
5863,3,4.127098e-04,0.14676,0.6951
5864,3,4.125597e-04,0.15936,0.7071
5865,3,4.124097e-04,0.14631,0.5795
5866,3,4.122596e-04,0.18886,1.1471
5867,3,4.121096e-04,0.14001,0.8082
5868,3,4.119596e-04,0.13278,0.6457
5869,3,4.118096e-04,0.16964,0.5852
5870,3,4.116596e-04,0.19797,0.7237
5871,3,4.115096e-04,0.12865,0.7960
5872,3,4.113597e-04,0.13924,0.6364
5873,3,4.112097e-04,0.13926,0.9077
5874,3,4.110598e-04,0.15140,0.6279
5875,3,4.109098e-04,0.12570,0.5754
5876,3,4.107599e-04,0.20389,0.6913
5877,3,4.106100e-04,0.13843,0.5290
5878,3,4.104601e-04,0.15516,0.7085
5879,3,4.103102e-04,0.15796,0.9536
5880,3,4.101604e-04,0.17429,0.9524
5881,3,4.100105e-04,0.15651,0.6293
5882,3,4.098607e-04,0.12853,0.5755
5883,3,4.097108e-04,0.10484,0.4957
5884,3,4.095610e-04,0.11463,0.5512
5885,3,4.094112e-04,0.12989,0.6767
5886,3,4.092614e-04,0.16352,0.6523
5887,3,4.091116e-04,0.16927,0.7945
5888,3,4.089618e-04,0.14829,0.5254
5889,3,4.088121e-04,0.13599,0.5784
5890,3,4.086623e-04,0.14314,0.5919
5891,3,4.085126e-04,0.20557,0.8806
5892,3,4.083629e-04,0.18351,0.6410
5893,3,4.082132e-04,0.17052,0.6286
5894,3,4.080635e-04,0.18164,1.0894
5895,3,4.079138e-04,0.11230,0.5570
5896,3,4.077641e-04,0.15653,0.5602
5897,3,4.076144e-04,0.14981,1.0090
5898,3,4.074648e-04,0.16764,0.6559
5899,3,4.073152e-04,0.17291,0.6737
5900,3,4.071655e-04,0.10566,0.5169
5901,3,4.070159e-04,0.14616,0.7523
5902,3,4.068663e-04,0.13401,0.8066
5903,3,4.067167e-04,0.17122,0.6244
5904,3,4.065672e-04,0.16401,1.1205
5905,3,4.064176e-04,0.12118,0.6392
5906,3,4.062680e-04,0.16216,0.7944
5907,3,4.061185e-04,0.16015,0.6603
5908,3,4.059690e-04,0.14592,0.5447
5909,3,4.058195e-04,0.15912,0.7127
5910,3,4.056700e-04,0.13961,0.6292
5911,3,4.055205e-04,0.11411,0.5742
5912,3,4.053710e-04,0.13688,1.0064
5913,3,4.052216e-04,0.16201,0.6847
5914,3,4.050721e-04,0.20891,0.7183
5915,3,4.049227e-04,0.22110,0.8436
5916,3,4.047732e-04,0.11526,0.8022
5917,3,4.046238e-04,0.07401,0.4178
5918,3,4.044744e-04,0.16163,0.8261
5919,3,4.043251e-04,0.12275,0.5541
5920,3,4.041757e-04,0.14607,1.0090
5921,3,4.040263e-04,0.17000,0.7368
5922,3,4.038770e-04,0.12323,0.5898
5923,3,4.037276e-04,0.15578,0.5349
5924,3,4.035783e-04,0.12700,0.5787
5925,3,4.034290e-04,0.11196,0.5640
5926,3,4.032797e-04,0.24731,0.8943
5927,3,4.031304e-04,0.12874,0.5281
5928,3,4.029812e-04,0.16298,0.6140
5929,3,4.028319e-04,0.16930,0.6766
5930,3,4.026827e-04,0.15632,0.5547
5931,3,4.025334e-04,0.14806,0.5157
5932,3,4.023842e-04,0.16908,0.7888
5933,3,4.022350e-04,0.15106,1.0225
5934,3,4.020858e-04,0.11582,0.6047
5935,3,4.019366e-04,0.15569,0.8264
5936,3,4.017875e-04,0.09788,0.8263
5937,3,4.016383e-04,0.12073,0.5549
5938,3,4.014892e-04,0.19101,1.3416
5939,3,4.013401e-04,0.14570,0.6177
5940,3,4.011909e-04,0.14054,1.0896
5941,3,4.010418e-04,0.18361,0.9591
5942,3,4.008928e-04,0.17086,0.5792
5943,3,4.007437e-04,0.12979,0.6911
5944,3,4.005946e-04,0.13771,0.6820
5945,3,4.004456e-04,0.19226,0.7099
5946,3,4.002965e-04,0.17635,0.7266
5947,3,4.001475e-04,0.14347,0.9818
5948,3,3.999985e-04,0.12561,0.5984
5949,3,3.998495e-04,0.11486,0.6135
5950,3,3.997005e-04,0.14931,0.5828
5951,3,3.995516e-04,0.18802,0.5678
5952,3,3.994026e-04,0.22081,1.0470
5953,3,3.992537e-04,0.22120,2.0702
5954,3,3.991047e-04,0.16318,0.8190
5955,3,3.989558e-04,0.11760,0.5597
5956,3,3.988069e-04,0.15175,1.2409
5957,3,3.986580e-04,0.09700,0.4513
5958,3,3.985091e-04,0.15591,0.7963
5959,3,3.983603e-04,0.15922,0.6099
5960,3,3.982114e-04,0.15113,0.5583
5961,3,3.980626e-04,0.15926,0.7527
5962,3,3.979138e-04,0.18134,0.6932
5963,3,3.977650e-04,0.16754,0.8489
5964,3,3.976162e-04,0.14547,0.5790
5965,3,3.974674e-04,0.15419,0.5439
5966,3,3.973186e-04,0.14158,0.6255
5967,3,3.971699e-04,0.15281,0.6378
5968,3,3.970211e-04,0.19206,0.9744
5969,3,3.968724e-04,0.08881,0.4534
5970,3,3.967237e-04,0.12163,0.8131
5971,3,3.965750e-04,0.14896,1.0480
5972,3,3.964263e-04,0.11953,0.5660
5973,3,3.962776e-04,0.15509,0.9373
5974,3,3.961290e-04,0.19600,1.0623
5975,3,3.959803e-04,0.19318,0.7926
5976,4,3.958317e-04,0.11783,0.6282
5977,4,3.956831e-04,0.18171,0.5979
5978,4,3.955345e-04,0.10878,0.4548
5979,4,3.953859e-04,0.13334,0.6527
5980,4,3.952373e-04,0.14498,0.5956
5981,4,3.950887e-04,0.09775,0.4353
5982,4,3.949402e-04,0.11838,0.9101
5983,4,3.947916e-04,0.13000,0.7137
5984,4,3.946431e-04,0.10837,0.5611
5985,4,3.944946e-04,0.12609,0.5973
5986,4,3.943461e-04,0.15413,0.6960
5987,4,3.941976e-04,0.09884,0.7848
5988,4,3.940492e-04,0.11480,0.5820
5989,4,3.939007e-04,0.09931,0.4723
5990,4,3.937523e-04,0.13270,0.5857
5991,4,3.936038e-04,0.18105,0.6343
5992,4,3.934554e-04,0.12998,0.6135
5993,4,3.933070e-04,0.12658,0.5193
5994,4,3.931586e-04,0.10454,0.4552
5995,4,3.930103e-04,0.10803,0.5710
5996,4,3.928619e-04,0.11360,0.5500
5997,4,3.927136e-04,0.09141,0.7730
5998,4,3.925652e-04,0.09608,0.6062
5999,4,3.924169e-04,0.10501,0.5959
6000,4,3.922686e-04,0.12038,1.0121
6001,4,3.921203e-04,0.13574,1.1202
6002,4,3.919721e-04,0.14456,1.0239
6003,4,3.918238e-04,0.13892,0.8963
6004,4,3.916756e-04,0.14739,0.6691
6005,4,3.915273e-04,0.12412,0.5264
6006,4,3.913791e-04,0.19694,0.9837
6007,4,3.912309e-04,0.19951,0.9352
6008,4,3.910827e-04,0.17126,0.6444
6009,4,3.909346e-04,0.15330,0.6845
6010,4,3.907864e-04,0.11684,0.8066
6011,4,3.906383e-04,0.17314,0.8036
6012,4,3.904901e-04,0.10967,1.0174
6013,4,3.903420e-04,0.12982,0.7132
6014,4,3.901939e-04,0.14425,0.6440
6015,4,3.900458e-04,0.14591,0.6669
6016,4,3.898977e-04,0.09992,0.5965
6017,4,3.897497e-04,0.11421,0.8470
6018,4,3.896016e-04,0.09489,0.5086
6019,4,3.894536e-04,0.12449,0.4754
6020,4,3.893056e-04,0.08746,0.5102
6021,4,3.891576e-04,0.08651,0.5407
6022,4,3.890096e-04,0.18509,0.9136
6023,4,3.888616e-04,0.13859,0.6630
6024,4,3.887137e-04,0.13585,0.5845
6025,4,3.885657e-04,0.07120,0.4794
6026,4,3.884178e-04,0.10672,0.5379
6027,4,3.882699e-04,0.16212,1.0978
6028,4,3.881220e-04,0.16812,0.9334
6029,4,3.879741e-04,0.17971,0.7819
6030,4,3.878262e-04,0.11036,0.5221
6031,4,3.876784e-04,0.14528,0.7757
6032,4,3.875305e-04,0.10963,0.5057
6033,4,3.873827e-04,0.06874,0.4505
6034,4,3.872349e-04,0.12908,0.7133
6035,4,3.870871e-04,0.12039,0.6270
6036,4,3.869393e-04,0.10814,0.6669
6037,4,3.867915e-04,0.14451,0.5795
6038,4,3.866438e-04,0.10874,0.5086
6039,4,3.864960e-04,0.15184,0.5698
6040,4,3.863483e-04,0.14172,0.7286
6041,4,3.862006e-04,0.13412,0.6130
6042,4,3.860529e-04,0.13641,0.9541
6043,4,3.859052e-04,0.12476,0.5760
6044,4,3.857575e-04,0.10328,0.5931
6045,4,3.856099e-04,0.12296,0.5645
6046,4,3.854622e-04,0.11111,0.6086
6047,4,3.853146e-04,0.17153,0.8005
6048,4,3.851670e-04,0.16417,0.6446
6049,4,3.850194e-04,0.08836,0.6203
6050,4,3.848718e-04,0.08369,0.4222
6051,4,3.847243e-04,0.16129,0.6239
6052,4,3.845767e-04,0.17312,0.6575
6053,4,3.844292e-04,0.09365,0.7467
6054,4,3.842817e-04,0.12659,0.5990
6055,4,3.841341e-04,0.16713,0.8062
6056,4,3.839867e-04,0.14397,0.6592
6057,4,3.838392e-04,0.07573,0.4092
6058,4,3.836917e-04,0.08373,0.4328
6059,4,3.835443e-04,0.16354,0.5999
6060,4,3.833968e-04,0.06087,0.3562
6061,4,3.832494e-04,0.14236,0.6423
6062,4,3.831020e-04,0.10859,0.5529
6063,4,3.829546e-04,0.11418,0.5462
6064,4,3.828073e-04,0.12116,0.5277
6065,4,3.826599e-04,0.14852,0.6060
6066,4,3.825126e-04,0.11700,0.8228
6067,4,3.823652e-04,0.20480,0.6306
6068,4,3.822179e-04,0.14537,0.8504
6069,4,3.820706e-04,0.14241,0.5608
6070,4,3.819234e-04,0.14923,0.7122
6071,4,3.817761e-04,0.12265,0.4965
6072,4,3.816288e-04,0.14045,0.6532
6073,4,3.814816e-04,0.12756,1.0418
6074,4,3.813344e-04,0.11094,0.5207
6075,4,3.811872e-04,0.12797,0.5602
6076,4,3.810400e-04,0.13226,0.6235
6077,4,3.808928e-04,0.17245,0.7199
6078,4,3.807457e-04,0.17128,0.6676
6079,4,3.805985e-04,0.11325,0.8362
6080,4,3.804514e-04,0.12325,0.5098
6081,4,3.803043e-04,0.18591,0.8041
6082,4,3.801572e-04,0.11027,0.5933
6083,4,3.800101e-04,0.12361,0.6203
6084,4,3.798630e-04,0.12093,0.6664
6085,4,3.797160e-04,0.13018,0.8513
6086,4,3.795689e-04,0.11134,0.5343
6087,4,3.794219e-04,0.18950,0.7055
6088,4,3.792749e-04,0.17567,0.7706
6089,4,3.791279e-04,0.17343,0.5708
6090,4,3.789809e-04,0.10522,0.5476
6091,4,3.788340e-04,0.11696,0.7493
6092,4,3.786870e-04,0.13761,0.5642
6093,4,3.785401e-04,0.14216,0.5157
6094,4,3.783932e-04,0.12479,0.8201
6095,4,3.782463e-04,0.10821,0.5193
6096,4,3.780994e-04,0.11872,0.6247
6097,4,3.779526e-04,0.19029,0.9721
6098,4,3.778057e-04,0.12865,0.8325
6099,4,3.776589e-04,0.11415,0.5691
6100,4,3.775121e-04,0.12730,0.5535
6101,4,3.773652e-04,0.15337,0.7113
6102,4,3.772185e-04,0.13072,0.5710
6103,4,3.770717e-04,0.10543,0.6946
6104,4,3.769249e-04,0.06859,0.5002
6105,4,3.767782e-04,0.10469,0.5944
6106,4,3.766315e-04,0.12239,0.5307
6107,4,3.764847e-04,0.12766,0.5568
6108,4,3.763381e-04,0.11484,0.5857
6109,4,3.761914e-04,0.11717,0.7674
6110,4,3.760447e-04,0.16625,0.9043
6111,4,3.758981e-04,0.11114,0.5232
6112,4,3.757514e-04,0.14430,0.7108
6113,4,3.756048e-04,0.13639,0.5271
6114,4,3.754582e-04,0.11847,0.6595
6115,4,3.753116e-04,0.12871,0.8987
6116,4,3.751651e-04,0.12931,0.6324
6117,4,3.750185e-04,0.11605,0.6211
6118,4,3.748720e-04,0.14877,0.5384
6119,4,3.747255e-04,0.10911,0.4911
6120,4,3.745789e-04,0.18006,0.6593
6121,4,3.744325e-04,0.10929,0.7084
6122,4,3.742860e-04,0.13788,0.6989
6123,4,3.741395e-04,0.12382,0.7117
6124,4,3.739931e-04,0.13873,0.8276
6125,4,3.738467e-04,0.13033,1.1917
6126,4,3.737003e-04,0.12819,1.0601
6127,4,3.735539e-04,0.14813,0.7334
6128,4,3.734075e-04,0.13261,1.2191
6129,4,3.732611e-04,0.12583,0.5770
6130,4,3.731148e-04,0.12673,0.6303
6131,4,3.729684e-04,0.14305,0.7441
6132,4,3.728221e-04,0.14380,0.6140
6133,4,3.726758e-04,0.11485,0.6113
6134,4,3.725296e-04,0.14811,0.5867
6135,4,3.723833e-04,0.09360,0.5223
6136,4,3.722370e-04,0.16861,0.7797
6137,4,3.720908e-04,0.15624,0.7363
6138,4,3.719446e-04,0.11591,0.4862
6139,4,3.717984e-04,0.11599,0.7025
6140,4,3.716522e-04,0.14854,0.5867
6141,4,3.715060e-04,0.14244,0.5843
6142,4,3.713599e-04,0.09734,0.5226
6143,4,3.712137e-04,0.13529,0.9961
6144,4,3.710676e-04,0.12749,0.4938
6145,4,3.709215e-04,0.11397,0.7667
6146,4,3.707754e-04,0.12574,0.6057
6147,4,3.706294e-04,0.15269,0.6901
6148,4,3.704833e-04,0.09065,0.6340
6149,4,3.703373e-04,0.10131,0.5800
6150,4,3.701913e-04,0.11857,0.5550
6151,4,3.700453e-04,0.13693,0.5862
6152,4,3.698993e-04,0.19276,0.6545
6153,4,3.697533e-04,0.16795,0.8639
6154,4,3.696073e-04,0.08716,0.4334
6155,4,3.694614e-04,0.13502,0.5507
6156,4,3.693155e-04,0.17696,0.8356
6157,4,3.691696e-04,0.09062,0.5027
6158,4,3.690237e-04,0.16869,0.5967
6159,4,3.688778e-04,0.15356,0.6661
6160,4,3.687319e-04,0.10244,0.6488
6161,4,3.685861e-04,0.09907,0.4433
6162,4,3.684403e-04,0.14920,0.6112
6163,4,3.682945e-04,0.11291,0.5835
6164,4,3.681487e-04,0.24573,1.0894
6165,4,3.680029e-04,0.13235,0.6677
6166,4,3.678572e-04,0.13745,0.8958
6167,4,3.677114e-04,0.24287,1.1305
6168,4,3.675657e-04,0.20527,0.6600
6169,4,3.674200e-04,0.12557,0.5255
6170,4,3.672743e-04,0.09863,0.5159
6171,4,3.671286e-04,0.12745,0.8342
6172,4,3.669830e-04,0.15070,0.7228
6173,4,3.668373e-04,0.11874,0.4685
6174,4,3.666917e-04,0.14613,0.7342
6175,4,3.665461e-04,0.13615,0.8268
6176,4,3.664005e-04,0.12550,0.6823
6177,4,3.662549e-04,0.12852,1.0959
6178,4,3.661094e-04,0.10952,0.4836
6179,4,3.659638e-04,0.09069,0.4737
6180,4,3.658183e-04,0.16529,0.5962
6181,4,3.656728e-04,0.23036,0.8174
6182,4,3.655273e-04,0.13347,0.7394
6183,4,3.653818e-04,0.18255,1.3944
6184,4,3.652364e-04,0.14392,0.5728
6185,4,3.650909e-04,0.08252,0.5904
6186,4,3.649455e-04,0.11816,0.5478
6187,4,3.648001e-04,0.16977,0.6249
6188,4,3.646547e-04,0.14311,0.7414
6189,4,3.645093e-04,0.11195,0.4903
6190,4,3.643640e-04,0.10049,0.4390
6191,4,3.642187e-04,0.11179,0.5107
6192,4,3.640733e-04,0.11948,0.8823
6193,4,3.639280e-04,0.17699,0.6757
6194,4,3.637827e-04,0.11903,0.5378
6195,4,3.636375e-04,0.09256,0.7123
6196,4,3.634922e-04,0.16321,0.6596
6197,4,3.633470e-04,0.12877,0.5562
6198,4,3.632018e-04,0.17360,0.6904
6199,4,3.630566e-04,0.12570,0.5543
6200,4,3.629114e-04,0.11036,0.5265
6201,4,3.627662e-04,0.11325,0.5156
6202,4,3.626211e-04,0.10665,0.4934
6203,4,3.624759e-04,0.12764,0.5215
6204,4,3.623308e-04,0.11237,0.5708
6205,4,3.621857e-04,0.10241,0.6402
6206,4,3.620406e-04,0.11919,0.5561
6207,4,3.618956e-04,0.11663,0.5299
6208,4,3.617505e-04,0.16975,0.7018
6209,4,3.616055e-04,0.12328,0.5806
6210,4,3.614605e-04,0.08521,0.4376
6211,4,3.613155e-04,0.16246,0.5645
6212,4,3.611705e-04,0.16219,0.5825
6213,4,3.610256e-04,0.09614,0.4918
6214,4,3.608806e-04,0.10708,0.5499
6215,4,3.607357e-04,0.12631,0.5983
6216,4,3.605908e-04,0.14242,0.6317
6217,4,3.604459e-04,0.15120,0.6731
6218,4,3.603010e-04,0.12558,0.6021
6219,4,3.601562e-04,0.10223,0.7006
6220,4,3.600113e-04,0.15629,0.6482
6221,4,3.598665e-04,0.09886,0.4694
6222,4,3.597217e-04,0.17029,0.5761
6223,4,3.595769e-04,0.14581,0.6144
6224,4,3.594321e-04,0.11670,0.7369
6225,4,3.592874e-04,0.10533,0.4958
6226,4,3.591427e-04,0.10445,0.4900
6227,4,3.589979e-04,0.10402,0.5539
6228,4,3.588532e-04,0.14577,0.5836
6229,4,3.587086e-04,0.14024,0.5336
6230,4,3.585639e-04,0.11519,0.5366
6231,4,3.584192e-04,0.18025,1.0182
6232,4,3.582746e-04,0.08066,0.3981
6233,4,3.581300e-04,0.09355,0.4555
6234,4,3.579854e-04,0.13138,0.6086
6235,4,3.578408e-04,0.10687,0.4826
6236,4,3.576963e-04,0.13148,0.5729
6237,4,3.575517e-04,0.14925,0.6207
6238,4,3.574072e-04,0.09750,0.8745
6239,4,3.572627e-04,0.11694,0.7990
6240,4,3.571182e-04,0.13827,0.9859
6241,4,3.569738e-04,0.15833,0.6253
6242,4,3.568293e-04,0.17569,1.0771
6243,4,3.566849e-04,0.10083,0.4386
6244,4,3.565405e-04,0.08482,0.5551
6245,4,3.563961e-04,0.13545,0.8033
6246,4,3.562517e-04,0.15025,0.7407
6247,4,3.561073e-04,0.11602,0.7899
6248,4,3.559630e-04,0.12431,0.5076
6249,4,3.558187e-04,0.15258,0.7029
6250,4,3.556743e-04,0.11087,0.5651
6251,4,3.555301e-04,0.12348,0.5530
6252,4,3.553858e-04,0.09483,0.5720
6253,4,3.552415e-04,0.10637,0.5650
6254,4,3.550973e-04,0.15681,0.7215
6255,4,3.549531e-04,0.14375,0.7026
6256,4,3.548089e-04,0.13443,0.5579
6257,4,3.546647e-04,0.12809,0.5950
6258,4,3.545205e-04,0.13732,0.6967
6259,4,3.543764e-04,0.14908,0.6095
6260,4,3.542322e-04,0.16047,0.7561
6261,4,3.540881e-04,0.14008,0.7861
6262,4,3.539440e-04,0.15441,0.5948
6263,4,3.538000e-04,0.17693,0.6994
6264,4,3.536559e-04,0.14051,0.5812
6265,4,3.535119e-04,0.14732,1.1831
6266,4,3.533679e-04,0.14794,0.5933
6267,4,3.532238e-04,0.14847,0.5337
6268,4,3.530799e-04,0.19518,1.3388
6269,4,3.529359e-04,0.18708,1.2963
6270,4,3.527920e-04,0.13793,0.6250
6271,4,3.526480e-04,0.15802,0.8650
6272,4,3.525041e-04,0.14509,0.7173
6273,4,3.523602e-04,0.14702,0.7736
6274,4,3.522163e-04,0.16532,1.2622
6275,4,3.520725e-04,0.11152,0.6646
6276,4,3.519286e-04,0.13921,0.6123
6277,4,3.517848e-04,0.11867,0.8330
6278,4,3.516410e-04,0.09700,0.6406
6279,4,3.514972e-04,0.12777,0.8467
6280,4,3.513535e-04,0.12240,0.5356
6281,4,3.512097e-04,0.14380,0.7559
6282,4,3.510660e-04,0.08905,0.7791
6283,4,3.509223e-04,0.13137,0.5810
6284,4,3.507786e-04,0.11251,0.6410
6285,4,3.506349e-04,0.15097,0.7954
6286,4,3.504913e-04,0.16250,0.6900
6287,4,3.503476e-04,0.11708,0.5450
6288,4,3.502040e-04,0.09425,1.0918
6289,4,3.500604e-04,0.15725,0.8808
6290,4,3.499168e-04,0.16345,0.7595
6291,4,3.497733e-04,0.15221,0.6155
6292,4,3.496297e-04,0.15300,0.6508
6293,4,3.494862e-04,0.11284,0.9479
6294,4,3.493427e-04,0.11313,0.6159
6295,4,3.491992e-04,0.08963,0.5639
6296,4,3.490557e-04,0.13658,0.5423
6297,4,3.489123e-04,0.14813,0.7293
6298,4,3.487689e-04,0.12174,0.6189
6299,4,3.486255e-04,0.14121,0.9348
6300,4,3.484821e-04,0.11164,0.7359
6301,4,3.483387e-04,0.15044,0.6414
6302,4,3.481953e-04,0.13786,0.6189
6303,4,3.480520e-04,0.23925,1.6341
6304,4,3.479087e-04,0.14169,0.7423
6305,4,3.477654e-04,0.10099,0.8663
6306,4,3.476221e-04,0.10155,0.4915
6307,4,3.474788e-04,0.12582,0.4835
6308,4,3.473356e-04,0.15127,0.5959
6309,4,3.471923e-04,0.12990,0.5576
6310,4,3.470491e-04,0.10179,0.6685
6311,4,3.469060e-04,0.10587,0.6102
6312,4,3.467628e-04,0.18009,0.6320
6313,4,3.466196e-04,0.11193,0.6319
6314,4,3.464765e-04,0.13811,0.6115
6315,4,3.463334e-04,0.11874,0.4836
6316,4,3.461903e-04,0.16749,1.1236
6317,4,3.460472e-04,0.16152,0.6054
6318,4,3.459042e-04,0.07514,0.3646
6319,4,3.457611e-04,0.20012,0.7821
6320,4,3.456181e-04,0.09618,0.5178
6321,4,3.454751e-04,0.16739,0.6719
6322,4,3.453321e-04,0.19342,0.6971
6323,4,3.451892e-04,0.20018,0.6344
6324,4,3.450462e-04,0.11283,0.5219
6325,4,3.449033e-04,0.19988,1.0571
6326,4,3.447604e-04,0.14666,0.5873
6327,4,3.446175e-04,0.13472,0.5447
6328,4,3.444746e-04,0.09901,0.4421
6329,4,3.443318e-04,0.17976,1.1557
6330,4,3.441890e-04,0.12663,0.8366
6331,4,3.440462e-04,0.14908,0.7905
6332,4,3.439034e-04,0.12268,0.5196
6333,4,3.437606e-04,0.16160,0.7884
6334,4,3.436178e-04,0.14662,0.6023
6335,4,3.434751e-04,0.12176,0.7722
6336,4,3.433324e-04,0.13138,0.6258
6337,4,3.431897e-04,0.18901,1.1250
6338,4,3.430470e-04,0.10969,0.7691
6339,4,3.429044e-04,0.16277,0.6386
6340,4,3.427617e-04,0.10760,0.5323
6341,4,3.426191e-04,0.16304,0.7453
6342,4,3.424765e-04,0.16969,0.5827
6343,4,3.423339e-04,0.18340,0.7647
6344,4,3.421914e-04,0.13456,0.6860
6345,4,3.420488e-04,0.11079,0.4987
6346,4,3.419063e-04,0.19684,0.7990
6347,4,3.417638e-04,0.18078,0.5840
6348,4,3.416213e-04,0.14531,0.9134
6349,4,3.414789e-04,0.17636,0.6544
6350,4,3.413364e-04,0.13323,0.6037
6351,4,3.411940e-04,0.13983,0.5315
6352,4,3.410516e-04,0.16275,0.7243
6353,4,3.409092e-04,0.10214,0.5088
6354,4,3.407668e-04,0.11263,0.4724
6355,4,3.406245e-04,0.16030,0.6131
6356,4,3.404822e-04,0.09419,0.5179
6357,4,3.403399e-04,0.09233,0.4702
6358,4,3.401976e-04,0.12845,0.7436
6359,4,3.400553e-04,0.15532,0.6852
6360,4,3.399131e-04,0.15481,0.5792
6361,4,3.397708e-04,0.20437,1.1912
6362,4,3.396286e-04,0.08825,0.5106
6363,4,3.394864e-04,0.18109,0.6215
6364,4,3.393443e-04,0.09790,0.4796
6365,4,3.392021e-04,0.12287,0.5275
6366,4,3.390600e-04,0.17732,0.9827
6367,4,3.389179e-04,0.10825,0.4196
6368,4,3.387758e-04,0.11616,0.7051
6369,4,3.386337e-04,0.10657,0.5981
6370,4,3.384917e-04,0.15288,0.5767
6371,4,3.383496e-04,0.12465,0.4963
6372,4,3.382076e-04,0.11124,0.6236
6373,4,3.380656e-04,0.15369,0.6451
6374,4,3.379237e-04,0.14325,0.8145
6375,4,3.377817e-04,0.07865,0.5597
6376,4,3.376398e-04,0.16121,0.6346
6377,4,3.374979e-04,0.16028,0.9924
6378,4,3.373560e-04,0.14067,0.6945
6379,4,3.372141e-04,0.13477,0.5690
6380,4,3.370722e-04,0.11696,0.5772
6381,4,3.369304e-04,0.10233,0.7459
6382,4,3.367886e-04,0.13218,0.7164
6383,4,3.366468e-04,0.16178,0.6378
6384,4,3.365050e-04,0.12592,0.5732
6385,4,3.363633e-04,0.09768,0.5828
6386,4,3.362215e-04,0.13677,0.7839
6387,4,3.360798e-04,0.15082,0.5586
6388,4,3.359381e-04,0.15987,0.5881
6389,4,3.357964e-04,0.16021,0.6583
6390,4,3.356548e-04,0.12265,0.8249
6391,4,3.355131e-04,0.13374,0.5896
6392,4,3.353715e-04,0.10428,0.4962
6393,4,3.352299e-04,0.14600,0.6215
6394,4,3.350884e-04,0.11123,0.7756
6395,4,3.349468e-04,0.11506,0.5371
6396,4,3.348053e-04,0.15285,0.6030
6397,4,3.346638e-04,0.09702,0.4282
6398,4,3.345223e-04,0.13648,0.5651
6399,4,3.343808e-04,0.13082,0.5110
6400,4,3.342393e-04,0.10054,0.5241
6401,4,3.340979e-04,0.11563,0.7200
6402,4,3.339565e-04,0.13923,0.5401
6403,4,3.338151e-04,0.12318,1.0793
6404,4,3.336737e-04,0.14296,0.6810
6405,4,3.335324e-04,0.12696,0.8437
6406,4,3.333910e-04,0.14408,0.7349
6407,4,3.332497e-04,0.11029,0.7387
6408,4,3.331084e-04,0.12275,0.6836
6409,4,3.329672e-04,0.17970,1.0557
6410,4,3.328259e-04,0.19199,0.7091
6411,4,3.326847e-04,0.12732,0.7416
6412,4,3.325435e-04,0.12100,0.5308
6413,4,3.324023e-04,0.12871,0.7675
6414,4,3.322611e-04,0.09722,0.4512
6415,4,3.321200e-04,0.13412,0.5535
6416,4,3.319788e-04,0.07148,0.5203
6417,4,3.318377e-04,0.14369,0.5353
6418,4,3.316966e-04,0.14688,0.6641
6419,4,3.315556e-04,0.11319,0.6300
6420,4,3.314145e-04,0.11374,0.4836
6421,4,3.312735e-04,0.08503,0.4189
6422,4,3.311325e-04,0.11539,1.0500
6423,4,3.309915e-04,0.13366,0.7463
6424,4,3.308505e-04,0.11511,0.5576
6425,4,3.307096e-04,0.12181,0.5926
6426,4,3.305687e-04,0.09752,0.6279
6427,4,3.304278e-04,0.09793,0.7190
6428,4,3.302869e-04,0.15924,0.9195
6429,4,3.301460e-04,0.09067,0.4757
6430,4,3.300052e-04,0.13338,0.5701
6431,4,3.298643e-04,0.13418,0.8009
6432,4,3.297235e-04,0.12044,0.6204
6433,4,3.295828e-04,0.11711,0.5537
6434,4,3.294420e-04,0.13664,0.7794
6435,4,3.293013e-04,0.11585,0.7332
6436,4,3.291605e-04,0.14270,0.5826
6437,4,3.290198e-04,0.11748,0.8264
6438,4,3.288792e-04,0.12375,0.5956
6439,4,3.287385e-04,0.12641,0.7234
6440,4,3.285979e-04,0.12074,0.5216
6441,4,3.284573e-04,0.11521,0.5972
6442,4,3.283167e-04,0.11303,0.5595
6443,4,3.281761e-04,0.10928,0.5656
6444,4,3.280355e-04,0.10702,0.7773
6445,4,3.278950e-04,0.08018,0.4535
6446,4,3.277545e-04,0.13893,0.9374
6447,4,3.276140e-04,0.12658,0.7281
6448,4,3.274735e-04,0.12632,0.5602
6449,4,3.273331e-04,0.17557,0.6328
6450,4,3.271927e-04,0.14249,0.5567
6451,4,3.270523e-04,0.11683,0.5025
6452,4,3.269119e-04,0.16127,1.2935
6453,4,3.267715e-04,0.13187,0.5176
6454,4,3.266312e-04,0.15317,0.8053
6455,4,3.264908e-04,0.11208,0.5472
6456,4,3.263505e-04,0.13360,0.5016
6457,4,3.262103e-04,0.12558,0.5129
6458,4,3.260700e-04,0.08617,0.4602
6459,4,3.259298e-04,0.11556,0.4612
6460,4,3.257895e-04,0.17208,0.6038
6461,4,3.256494e-04,0.13143,0.5236
6462,4,3.255092e-04,0.07682,0.5189
6463,4,3.253690e-04,0.18221,0.7676
6464,4,3.252289e-04,0.18027,0.6598
6465,4,3.250888e-04,0.10804,0.5213
6466,4,3.249487e-04,0.10254,0.5548
6467,4,3.248086e-04,0.11057,0.5489
6468,4,3.246686e-04,0.15387,0.8294
6469,4,3.245285e-04,0.15490,0.7143
6470,4,3.243885e-04,0.13303,0.7362
6471,4,3.242485e-04,0.10245,0.5209
6472,4,3.241086e-04,0.10911,0.4575
6473,4,3.239686e-04,0.15075,0.8229
6474,4,3.238287e-04,0.14620,0.6971
6475,4,3.236888e-04,0.17291,1.0459
6476,4,3.235489e-04,0.13098,0.7351
6477,4,3.234091e-04,0.11342,0.6073
6478,4,3.232692e-04,0.09288,0.6533
6479,4,3.231294e-04,0.08185,0.7244
6480,4,3.229896e-04,0.13040,0.8076
6481,4,3.228499e-04,0.10835,0.7826
6482,4,3.227101e-04,0.13754,0.6223
6483,4,3.225704e-04,0.12055,0.5742
6484,4,3.224307e-04,0.09148,0.5234
6485,4,3.222910e-04,0.19824,0.7728
6486,4,3.221513e-04,0.14547,0.5347
6487,4,3.220117e-04,0.12808,0.8959
6488,4,3.218721e-04,0.12850,0.6190
6489,4,3.217325e-04,0.12039,0.4679
6490,4,3.215929e-04,0.12701,0.5825
6491,4,3.214533e-04,0.15097,0.7101
6492,4,3.213138e-04,0.15284,0.6689
6493,4,3.211743e-04,0.10824,0.4974
6494,4,3.210348e-04,0.06107,0.5705
6495,4,3.208953e-04,0.11656,0.5052
6496,4,3.207559e-04,0.12274,0.5832
6497,4,3.206164e-04,0.12968,0.8255
6498,4,3.204770e-04,0.16705,0.7159
6499,4,3.203376e-04,0.10592,0.5273
6500,4,3.201983e-04,0.16060,0.5680
6501,4,3.200589e-04,0.11958,0.6874
6502,4,3.199196e-04,0.15118,0.7657
6503,4,3.197803e-04,0.13129,0.6096
6504,4,3.196410e-04,0.11886,0.7078
6505,4,3.195018e-04,0.14635,0.7241
6506,4,3.193626e-04,0.09173,0.5334
6507,4,3.192233e-04,0.15064,0.6355
6508,4,3.190842e-04,0.15195,0.7848
6509,4,3.189450e-04,0.10246,0.8197
6510,4,3.188058e-04,0.13696,0.5929
6511,4,3.186667e-04,0.10935,0.5788
6512,4,3.185276e-04,0.11811,0.5997
6513,4,3.183885e-04,0.14981,0.8872
6514,4,3.182495e-04,0.10421,0.6120
6515,4,3.181104e-04,0.09539,0.6982
6516,4,3.179714e-04,0.09131,0.4838
6517,4,3.178324e-04,0.15923,0.6683
6518,4,3.176935e-04,0.13872,1.1545
6519,4,3.175545e-04,0.13318,0.7053
6520,4,3.174156e-04,0.09809,0.5115
6521,4,3.172767e-04,0.06945,0.3673
6522,4,3.171378e-04,0.22762,0.7980
6523,4,3.169989e-04,0.19776,1.2167
6524,4,3.168601e-04,0.12207,0.5692
6525,4,3.167213e-04,0.10768,0.7207
6526,4,3.165825e-04,0.13430,0.7331
6527,4,3.164437e-04,0.12258,0.8206
6528,4,3.163049e-04,0.14242,0.6405
6529,4,3.161662e-04,0.09974,0.5806
6530,4,3.160275e-04,0.15140,0.7484
6531,4,3.158888e-04,0.11487,0.8056
6532,4,3.157502e-04,0.16991,0.7044
6533,4,3.156115e-04,0.11611,0.8499
6534,4,3.154729e-04,0.10215,0.7372
6535,4,3.153343e-04,0.13495,0.5051
6536,4,3.151957e-04,0.16234,0.6569
6537,4,3.150572e-04,0.14659,0.5599
6538,4,3.149186e-04,0.13342,0.5229
6539,4,3.147801e-04,0.12010,0.6346
6540,4,3.146416e-04,0.16027,0.6041
6541,4,3.145032e-04,0.07816,0.4528
6542,4,3.143647e-04,0.15014,0.6661
6543,4,3.142263e-04,0.10500,0.6653
6544,4,3.140879e-04,0.10803,0.4942
6545,4,3.139496e-04,0.12533,0.5894
6546,4,3.138112e-04,0.18129,1.0734
6547,4,3.136729e-04,0.20309,0.6330
6548,4,3.135346e-04,0.08877,0.3925
6549,4,3.133963e-04,0.10812,0.5200
6550,4,3.132580e-04,0.08787,0.4059
6551,4,3.131198e-04,0.12022,0.5639
6552,4,3.129816e-04,0.14955,0.6585
6553,4,3.128434e-04,0.11908,1.0728
6554,4,3.127052e-04,0.09254,0.4937
6555,4,3.125670e-04,0.15868,1.0098
6556,4,3.124289e-04,0.14571,0.6517
6557,4,3.122908e-04,0.14242,0.5379
6558,4,3.121527e-04,0.09518,0.6408
6559,4,3.120147e-04,0.17840,1.3598
6560,4,3.118766e-04,0.15363,0.7850
6561,4,3.117386e-04,0.15471,0.7957
6562,4,3.116006e-04,0.11594,0.5370
6563,4,3.114626e-04,0.09200,0.6171
6564,4,3.113247e-04,0.13943,0.5479
6565,4,3.111868e-04,0.12564,0.5058
6566,4,3.110489e-04,0.14880,0.5663
6567,4,3.109110e-04,0.10161,0.4660
6568,4,3.107731e-04,0.06622,0.3715
6569,4,3.106353e-04,0.13165,0.5170
6570,4,3.104975e-04,0.16202,0.8170
6571,4,3.103597e-04,0.09453,0.5864
6572,4,3.102219e-04,0.06990,0.5294
6573,4,3.100842e-04,0.11461,0.5394
6574,4,3.099465e-04,0.15161,0.8877
6575,4,3.098088e-04,0.07610,0.5265
6576,4,3.096711e-04,0.11139,0.8141
6577,4,3.095334e-04,0.11966,0.5705
6578,4,3.093958e-04,0.11463,0.5047
6579,4,3.092582e-04,0.18580,1.0823
6580,4,3.091206e-04,0.15164,0.7334
6581,4,3.089830e-04,0.10753,0.4650
6582,4,3.088455e-04,0.13584,0.6289
6583,4,3.087080e-04,0.16656,0.6550
6584,4,3.085705e-04,0.13052,0.5369
6585,4,3.084330e-04,0.16794,0.7924
6586,4,3.082956e-04,0.15940,0.7591
6587,4,3.081581e-04,0.12878,0.8909
6588,4,3.080207e-04,0.10746,0.8702
6589,4,3.078834e-04,0.10631,0.5631
6590,4,3.077460e-04,0.14023,1.0459
6591,4,3.076087e-04,0.16512,0.6287
6592,4,3.074714e-04,0.16209,0.5873
6593,4,3.073341e-04,0.11241,0.6743
6594,4,3.071968e-04,0.19069,0.8290
6595,4,3.070596e-04,0.10212,0.4615
6596,4,3.069224e-04,0.17673,0.6321
6597,4,3.067852e-04,0.15197,0.5667
6598,4,3.066480e-04,0.15815,1.3070
6599,4,3.065108e-04,0.08298,0.4107
6600,4,3.063737e-04,0.18919,0.6865
6601,4,3.062366e-04,0.13255,0.6725
6602,4,3.060995e-04,0.14219,0.8574
6603,4,3.059625e-04,0.08482,0.8792
6604,4,3.058254e-04,0.14198,1.0228
6605,4,3.056884e-04,0.16567,0.8913
6606,4,3.055514e-04,0.11542,0.4575
6607,4,3.054145e-04,0.10726,0.6297
6608,4,3.052775e-04,0.09070,0.4349
6609,4,3.051406e-04,0.13977,0.5506
6610,4,3.050037e-04,0.10792,0.6011
6611,4,3.048669e-04,0.11291,0.5834
6612,4,3.047300e-04,0.11799,0.5523
6613,4,3.045932e-04,0.13495,1.0283
6614,4,3.044564e-04,0.15144,0.6313
6615,4,3.043196e-04,0.17118,0.7006
6616,4,3.041829e-04,0.13157,1.2832
6617,4,3.040461e-04,0.09547,0.3822
6618,4,3.039094e-04,0.14417,0.7592
6619,4,3.037727e-04,0.11122,0.4915
6620,4,3.036361e-04,0.12660,0.5529
6621,4,3.034994e-04,0.18146,0.6111
6622,4,3.033628e-04,0.15591,0.5706
6623,4,3.032262e-04,0.10061,0.9114
6624,4,3.030897e-04,0.13398,1.2304
6625,4,3.029531e-04,0.09968,0.8798
6626,4,3.028166e-04,0.13209,0.6230
6627,4,3.026801e-04,0.17787,0.6544
6628,4,3.025436e-04,0.09530,0.4293
6629,4,3.024072e-04,0.14214,0.7330
6630,4,3.022708e-04,0.13749,0.5399
6631,4,3.021344e-04,0.15739,1.0861
6632,4,3.019980e-04,0.10708,0.4882
6633,4,3.018616e-04,0.19693,0.7119
6634,4,3.017253e-04,0.12455,0.5371
6635,4,3.015890e-04,0.11990,0.5654
6636,4,3.014527e-04,0.13727,0.6518
6637,4,3.013164e-04,0.12813,0.6294
6638,4,3.011802e-04,0.11636,0.6426
6639,4,3.010440e-04,0.15530,0.5392
6640,4,3.009078e-04,0.16900,0.5845
6641,4,3.007716e-04,0.17360,0.6573
6642,4,3.006355e-04,0.17234,0.6681
6643,4,3.004994e-04,0.16878,0.6610
6644,4,3.003633e-04,0.09311,0.5051
6645,4,3.002272e-04,0.13185,0.5987
6646,4,3.000912e-04,0.14263,1.2636
6647,4,2.999551e-04,0.11387,0.5933
6648,4,2.998191e-04,0.13071,0.5737
6649,4,2.996832e-04,0.12634,0.5386
6650,4,2.995472e-04,0.14414,0.7540
6651,4,2.994113e-04,0.13024,0.6652
6652,4,2.992754e-04,0.13945,0.5792
6653,4,2.991395e-04,0.09457,0.4143
6654,4,2.990036e-04,0.13353,0.6063
6655,4,2.988678e-04,0.13964,0.5448
6656,4,2.987320e-04,0.14304,0.5717
6657,4,2.985962e-04,0.15142,0.6026
6658,4,2.984604e-04,0.13118,0.7240
6659,4,2.983247e-04,0.16211,0.7244
6660,4,2.981890e-04,0.22255,0.7438
6661,4,2.980533e-04,0.08355,0.4286
6662,4,2.979176e-04,0.14315,0.5621
6663,4,2.977820e-04,0.11217,0.4977
6664,4,2.976464e-04,0.12459,0.6198
6665,4,2.975108e-04,0.14406,0.6292
6666,4,2.973752e-04,0.17992,0.6810
6667,4,2.972397e-04,0.11634,0.5462
6668,4,2.971041e-04,0.14182,0.9099
6669,4,2.969687e-04,0.12135,0.6509
6670,4,2.968332e-04,0.12557,0.7099
6671,4,2.966977e-04,0.11812,0.5142
6672,4,2.965623e-04,0.15158,0.8601
6673,4,2.964269e-04,0.14142,0.6183
6674,4,2.962915e-04,0.18314,0.7763
6675,4,2.961562e-04,0.17040,1.0115
6676,4,2.960208e-04,0.10785,0.5056
6677,4,2.958855e-04,0.16169,0.7060
6678,4,2.957503e-04,0.11134,0.7733
6679,4,2.956150e-04,0.08234,0.6331
6680,4,2.954798e-04,0.11610,0.5307
6681,4,2.953446e-04,0.13073,0.9872
6682,4,2.952094e-04,0.14148,1.1500
6683,4,2.950742e-04,0.13083,0.6702
6684,4,2.949391e-04,0.12451,0.4748
6685,4,2.948040e-04,0.11335,0.5806
6686,4,2.946689e-04,0.13000,0.5616
6687,4,2.945338e-04,0.09896,0.8306
6688,4,2.943988e-04,0.19249,1.0518
6689,4,2.942638e-04,0.16066,0.7671
6690,4,2.941288e-04,0.11965,0.6132
6691,4,2.939938e-04,0.09709,0.4727
6692,4,2.938589e-04,0.09837,0.6944
6693,4,2.937240e-04,0.14685,0.5990
6694,4,2.935891e-04,0.15281,0.5827
6695,4,2.934542e-04,0.10781,0.6865
6696,4,2.933194e-04,0.13736,0.8649
6697,4,2.931846e-04,0.17978,1.3793
6698,4,2.930498e-04,0.11421,0.5639
6699,4,2.929150e-04,0.12708,0.5619
6700,4,2.927803e-04,0.16594,0.7164
6701,4,2.926456e-04,0.12682,0.5273
6702,4,2.925109e-04,0.10159,0.4311
6703,4,2.923762e-04,0.10499,0.5079
6704,4,2.922415e-04,0.13541,0.6141
6705,4,2.921069e-04,0.16946,0.6655
6706,4,2.919723e-04,0.12492,0.5741
6707,4,2.918378e-04,0.14106,0.6411
6708,4,2.917032e-04,0.11209,0.4873
6709,4,2.915687e-04,0.10072,0.4791
6710,4,2.914342e-04,0.11907,0.4537
6711,4,2.912997e-04,0.12582,0.5715
6712,4,2.911653e-04,0.17307,0.8960
6713,4,2.910309e-04,0.14484,0.6186
6714,4,2.908965e-04,0.12879,0.5748
6715,4,2.907621e-04,0.13564,0.5829
6716,4,2.906277e-04,0.13654,0.5902
6717,4,2.904934e-04,0.09373,0.5091
6718,4,2.903591e-04,0.17297,0.6749
6719,4,2.902248e-04,0.16118,0.5697
6720,4,2.900906e-04,0.08404,0.4188
6721,4,2.899564e-04,0.18138,0.6891
6722,4,2.898222e-04,0.14064,0.6774
6723,4,2.896880e-04,0.13394,0.4763
6724,4,2.895538e-04,0.14721,0.6358
6725,4,2.894197e-04,0.12873,0.9450
6726,4,2.892856e-04,0.10639,0.6033
6727,4,2.891515e-04,0.14132,0.8343
6728,4,2.890175e-04,0.15205,0.6024
6729,4,2.888835e-04,0.11821,1.2201
6730,4,2.887495e-04,0.16149,0.9328
6731,4,2.886155e-04,0.10586,0.5364
6732,4,2.884815e-04,0.17287,0.6299
6733,4,2.883476e-04,0.11989,0.5430
6734,4,2.882137e-04,0.18560,1.1900
6735,4,2.880798e-04,0.10901,0.4848
6736,4,2.879460e-04,0.08020,0.6447
6737,4,2.878122e-04,0.11455,0.5506
6738,4,2.876784e-04,0.07733,0.5519
6739,4,2.875446e-04,0.11573,0.9936
6740,4,2.874108e-04,0.12928,0.5190
6741,4,2.872771e-04,0.15013,0.6716
6742,4,2.871434e-04,0.13645,0.6341
6743,4,2.870097e-04,0.08786,0.4283
6744,4,2.868761e-04,0.16181,0.6450
6745,4,2.867425e-04,0.16154,0.5912
6746,4,2.866089e-04,0.09641,0.4251
6747,4,2.864753e-04,0.11096,0.7263
6748,4,2.863417e-04,0.10059,0.5792
6749,4,2.862082e-04,0.07529,0.4104
6750,4,2.860747e-04,0.19156,0.6866
6751,4,2.859412e-04,0.12417,0.5542
6752,4,2.858078e-04,0.15064,0.5784
6753,4,2.856744e-04,0.17425,0.6627
6754,4,2.855410e-04,0.11583,0.5409
6755,4,2.854076e-04,0.08877,0.5728
6756,4,2.852743e-04,0.14518,0.6354
6757,4,2.851409e-04,0.10593,0.4809
6758,4,2.850076e-04,0.16821,0.9154
6759,4,2.848744e-04,0.11425,1.2891
6760,4,2.847411e-04,0.15589,0.6214
6761,4,2.846079e-04,0.10151,0.5640
6762,4,2.844747e-04,0.10501,0.6760
6763,4,2.843415e-04,0.10265,0.4763
6764,4,2.842084e-04,0.12097,0.5075
6765,4,2.840753e-04,0.11809,0.6159
6766,4,2.839422e-04,0.15183,0.5887
6767,4,2.838091e-04,0.12672,0.5571
6768,4,2.836761e-04,0.14770,0.8420
6769,4,2.835431e-04,0.10723,0.9121
6770,4,2.834101e-04,0.13452,0.5677
6771,4,2.832771e-04,0.16066,0.7139
6772,4,2.831442e-04,0.16114,0.8232
6773,4,2.830113e-04,0.15279,0.5576
6774,4,2.828784e-04,0.13597,0.5654
6775,4,2.827455e-04,0.14479,0.6651
6776,4,2.826127e-04,0.11289,0.5661
6777,4,2.824799e-04,0.11895,0.5150
6778,4,2.823471e-04,0.16889,0.6585
6779,4,2.822143e-04,0.14872,0.6250
6780,4,2.820816e-04,0.11237,0.5331
6781,4,2.819489e-04,0.07021,0.4190
6782,4,2.818162e-04,0.10022,0.4988
6783,4,2.816835e-04,0.11557,0.7850
6784,4,2.815509e-04,0.09867,0.5013
6785,4,2.814183e-04,0.10275,0.4857
6786,4,2.812857e-04,0.16644,0.7347
6787,4,2.811532e-04,0.09505,0.5948
6788,4,2.810206e-04,0.12103,0.5522
6789,4,2.808881e-04,0.10645,0.7840
6790,4,2.807557e-04,0.12419,0.4805
6791,4,2.806232e-04,0.17564,0.6780
6792,4,2.804908e-04,0.19522,0.7175
6793,4,2.803584e-04,0.14783,0.6547
6794,4,2.802260e-04,0.13987,0.6217
6795,4,2.800937e-04,0.18558,0.7427
6796,4,2.799613e-04,0.08889,0.5039
6797,4,2.798290e-04,0.10000,0.6244
6798,4,2.796968e-04,0.08923,0.4447
6799,4,2.795645e-04,0.11437,0.9057
6800,4,2.794323e-04,0.11620,0.4660
6801,4,2.793001e-04,0.12932,0.8012
6802,4,2.791680e-04,0.11932,0.5958
6803,4,2.790358e-04,0.14595,0.6159
6804,4,2.789037e-04,0.12599,0.5703
6805,4,2.787716e-04,0.10831,0.4426
6806,4,2.786396e-04,0.14304,0.6024
6807,4,2.785075e-04,0.11500,0.6315
6808,4,2.783755e-04,0.08684,0.7323
6809,4,2.782435e-04,0.14965,0.6835
6810,4,2.781116e-04,0.13240,0.5652
6811,4,2.779796e-04,0.12428,0.6028
6812,4,2.778477e-04,0.11406,0.5668
6813,4,2.777159e-04,0.17916,0.7049
6814,4,2.775840e-04,0.11005,0.6586
6815,4,2.774522e-04,0.12414,0.6193
6816,4,2.773204e-04,0.15790,0.7918
6817,4,2.771886e-04,0.12955,1.0667
6818,4,2.770568e-04,0.14444,0.6776
6819,4,2.769251e-04,0.11808,1.0038
6820,4,2.767934e-04,0.12536,0.7632
6821,4,2.766618e-04,0.18491,0.6253
6822,4,2.765301e-04,0.14352,0.6903
6823,4,2.763985e-04,0.14848,0.7939
6824,4,2.762669e-04,0.14837,0.5644
6825,4,2.761353e-04,0.12063,0.6408
6826,4,2.760038e-04,0.11430,0.6081
6827,4,2.758723e-04,0.09216,0.4189
6828,4,2.757408e-04,0.10856,0.4451
6829,4,2.756093e-04,0.11629,0.6048
6830,4,2.754779e-04,0.11561,0.8544
6831,4,2.753465e-04,0.12595,0.6164
6832,4,2.752151e-04,0.14736,0.6872
6833,4,2.750838e-04,0.14920,0.7033
6834,4,2.749524e-04,0.14978,0.7449
6835,4,2.748211e-04,0.12511,0.5468
6836,4,2.746899e-04,0.13148,0.6487
6837,4,2.745586e-04,0.10012,0.4892
6838,4,2.744274e-04,0.11820,0.4900
6839,4,2.742962e-04,0.11658,0.5054
6840,4,2.741650e-04,0.16179,0.6964
6841,4,2.740339e-04,0.10387,0.6857
6842,4,2.739028e-04,0.13604,0.6035
6843,4,2.737717e-04,0.12145,0.4951
6844,4,2.736406e-04,0.17609,1.0630
6845,4,2.735096e-04,0.12377,0.4994
6846,4,2.733786e-04,0.16002,0.5227
6847,4,2.732476e-04,0.09762,0.4332
6848,4,2.731166e-04,0.08780,0.4190
6849,4,2.729857e-04,0.11463,0.4566
6850,4,2.728548e-04,0.07852,0.3558
6851,4,2.727239e-04,0.17210,0.6409
6852,4,2.725931e-04,0.13402,0.9423
6853,4,2.724623e-04,0.10489,0.5173
6854,4,2.723315e-04,0.20205,0.7601
6855,4,2.722007e-04,0.12131,0.8923
6856,4,2.720700e-04,0.10112,0.8837
6857,4,2.719392e-04,0.13044,1.0592
6858,4,2.718086e-04,0.11883,0.4920
6859,4,2.716779e-04,0.13937,0.8435
6860,4,2.715473e-04,0.20075,0.6561
6861,4,2.714166e-04,0.16689,0.9324
6862,4,2.712861e-04,0.10531,0.5477
6863,4,2.711555e-04,0.17130,0.7842
6864,4,2.710250e-04,0.11157,0.8248
6865,4,2.708945e-04,0.10410,0.4833
6866,4,2.707640e-04,0.13302,0.8397
6867,4,2.706336e-04,0.12623,0.5666
6868,4,2.705031e-04,0.07213,0.7078
6869,4,2.703727e-04,0.07807,0.3823
6870,4,2.702424e-04,0.11912,0.6196
6871,4,2.701120e-04,0.23172,0.8308
6872,4,2.699817e-04,0.14438,0.6183
6873,4,2.698514e-04,0.12173,0.8385
6874,4,2.697212e-04,0.13380,0.5721
6875,4,2.695909e-04,0.12404,0.4939
6876,4,2.694607e-04,0.17514,0.6844
6877,4,2.693306e-04,0.11327,0.5366
6878,4,2.692004e-04,0.15969,0.6171
6879,4,2.690703e-04,0.12699,0.7922
6880,4,2.689402e-04,0.12689,0.5092
6881,4,2.688101e-04,0.13607,0.7215
6882,4,2.686801e-04,0.16126,0.5328
6883,4,2.685501e-04,0.10694,0.6564
6884,4,2.684201e-04,0.16016,1.3828
6885,4,2.682901e-04,0.09080,0.4288
6886,4,2.681602e-04,0.12667,0.9982
6887,4,2.680303e-04,0.18096,0.6851
6888,4,2.679004e-04,0.14202,0.6224
6889,4,2.677705e-04,0.13777,0.5246
6890,4,2.676407e-04,0.09453,0.4670
6891,4,2.675109e-04,0.12293,0.5128
6892,4,2.673811e-04,0.12685,0.5702
6893,4,2.672514e-04,0.07443,0.3506
6894,4,2.671217e-04,0.13224,0.5778
6895,4,2.669920e-04,0.12459,0.5703
6896,4,2.668623e-04,0.11346,0.4329
6897,4,2.667327e-04,0.16071,0.5863
6898,4,2.666031e-04,0.09207,0.7429
6899,4,2.664735e-04,0.16579,0.6291
6900,4,2.663440e-04,0.11060,0.6205
6901,4,2.662144e-04,0.13753,0.8625
6902,4,2.660849e-04,0.09887,0.4861
6903,4,2.659555e-04,0.12516,0.5491
6904,4,2.658260e-04,0.17182,0.7698
6905,4,2.656966e-04,0.11141,0.8609
6906,4,2.655672e-04,0.08007,0.5696
6907,4,2.654379e-04,0.10685,0.4410
6908,4,2.653085e-04,0.09453,0.4592
6909,4,2.651792e-04,0.16160,0.7245
6910,4,2.650499e-04,0.12557,0.5474
6911,4,2.649207e-04,0.13304,0.6037
6912,4,2.647915e-04,0.13657,0.5377
6913,4,2.646623e-04,0.09648,0.6004
6914,4,2.645331e-04,0.09434,0.5328
6915,4,2.644039e-04,0.15668,0.5782
6916,4,2.642748e-04,0.13286,0.6209
6917,4,2.641457e-04,0.15578,0.7641
6918,4,2.640167e-04,0.15399,0.9320
6919,4,2.638877e-04,0.12119,0.6151
6920,4,2.637587e-04,0.07942,0.4286
6921,4,2.636297e-04,0.10614,0.5034
6922,4,2.635007e-04,0.10004,0.6852
6923,4,2.633718e-04,0.12682,0.8564
6924,4,2.632429e-04,0.10034,0.7797
6925,4,2.631141e-04,0.10612,0.5125
6926,4,2.629852e-04,0.17063,0.8768
6927,4,2.628564e-04,0.15892,0.5690
6928,4,2.627276e-04,0.20068,0.7770
6929,4,2.625989e-04,0.13714,0.7824
6930,4,2.624701e-04,0.10078,1.2192
6931,4,2.623414e-04,0.13670,0.8814
6932,4,2.622128e-04,0.12272,0.9260
6933,4,2.620841e-04,0.13506,0.5880
6934,4,2.619555e-04,0.10363,0.6027
6935,4,2.618269e-04,0.15015,0.5531
6936,4,2.616984e-04,0.14408,0.7298
6937,4,2.615698e-04,0.17362,0.6429
6938,4,2.614413e-04,0.16180,0.6625
6939,4,2.613129e-04,0.16015,0.5860
6940,4,2.611844e-04,0.15408,0.6509
6941,4,2.610560e-04,0.18540,0.6099
6942,4,2.609276e-04,0.17737,0.8077
6943,4,2.607992e-04,0.13944,0.8712
6944,4,2.606709e-04,0.18268,1.3337
6945,4,2.605426e-04,0.07569,0.4295
6946,4,2.604143e-04,0.11505,0.5659
6947,4,2.602860e-04,0.11562,0.6685
6948,4,2.601578e-04,0.14676,1.3194
6949,4,2.600296e-04,0.09717,0.5730
6950,4,2.599015e-04,0.12524,0.5149
6951,4,2.597733e-04,0.16561,0.7371
6952,4,2.596452e-04,0.17311,0.8310
6953,4,2.595171e-04,0.14736,0.6930
6954,4,2.593891e-04,0.17441,0.7835
6955,4,2.592610e-04,0.13386,0.5413
6956,4,2.591330e-04,0.13249,0.7239
6957,4,2.590051e-04,0.10985,0.4898
6958,4,2.588771e-04,0.10051,0.9970
6959,4,2.587492e-04,0.15767,1.0138
6960,4,2.586213e-04,0.14144,0.6541
6961,4,2.584935e-04,0.10468,0.4733
6962,4,2.583656e-04,0.11268,0.7099
6963,4,2.582378e-04,0.15613,0.9123
6964,4,2.581100e-04,0.11140,0.6572
6965,4,2.579823e-04,0.12846,0.7074
6966,4,2.578546e-04,0.13915,0.4837
6967,4,2.577269e-04,0.11514,0.5896
6968,4,2.575992e-04,0.12422,0.6367
6969,4,2.574716e-04,0.14231,0.6057
6970,4,2.573440e-04,0.15594,0.6863
6971,4,2.572164e-04,0.16531,0.6314
6972,4,2.570889e-04,0.14842,0.5251
6973,4,2.569613e-04,0.13478,0.5295
6974,4,2.568338e-04,0.09941,0.4938
6975,4,2.567064e-04,0.11469,0.5242
6976,4,2.565789e-04,0.15807,0.7056
6977,4,2.564515e-04,0.09502,0.4774
6978,4,2.563242e-04,0.09556,0.3990
6979,4,2.561968e-04,0.07275,0.3405
6980,4,2.560695e-04,0.11856,0.5712
6981,4,2.559422e-04,0.14372,0.7501
6982,4,2.558149e-04,0.14726,0.8844
6983,4,2.556877e-04,0.11542,0.5515
6984,4,2.555605e-04,0.13599,0.7983
6985,4,2.554333e-04,0.16939,0.6433
6986,4,2.553061e-04,0.10305,0.7227
6987,4,2.551790e-04,0.11202,0.4626
6988,4,2.550519e-04,0.13561,0.4934
6989,4,2.549249e-04,0.12098,1.0550
6990,4,2.547978e-04,0.11993,0.7432
6991,4,2.546708e-04,0.12933,0.5583
6992,4,2.545438e-04,0.18711,0.7531
6993,4,2.544169e-04,0.13679,1.0785
6994,4,2.542900e-04,0.12965,0.7502
6995,4,2.541631e-04,0.10957,1.0275
6996,4,2.540362e-04,0.12928,0.5422
6997,4,2.539094e-04,0.12774,0.4862
6998,4,2.537826e-04,0.12412,0.5335
6999,4,2.536558e-04,0.09589,0.7530
7000,4,2.535290e-04,0.11008,0.5007
7001,4,2.534023e-04,0.20011,0.7297
7002,4,2.532756e-04,0.11344,0.4896
7003,4,2.531489e-04,0.14646,0.5429
7004,4,2.530223e-04,0.15067,0.7177
7005,4,2.528957e-04,0.14315,0.7237
7006,4,2.527691e-04,0.12681,0.5338
7007,4,2.526426e-04,0.13937,0.7590
7008,4,2.525161e-04,0.11966,0.5523
7009,4,2.523896e-04,0.15226,0.5267
7010,4,2.522631e-04,0.15013,0.5790
7011,4,2.521367e-04,0.18137,0.8053
7012,4,2.520103e-04,0.09244,0.6084
7013,4,2.518839e-04,0.14131,0.7386
7014,4,2.517575e-04,0.11525,0.4156
7015,4,2.516312e-04,0.12403,0.5883
7016,4,2.515049e-04,0.14797,0.5951
7017,4,2.513787e-04,0.11335,0.5805
7018,4,2.512524e-04,0.11808,0.6065
7019,4,2.511262e-04,0.11271,0.7037
7020,4,2.510000e-04,0.10581,0.5217
7021,4,2.508739e-04,0.14617,0.5360
7022,4,2.507478e-04,0.11670,0.8945
7023,4,2.506217e-04,0.15710,0.5318
7024,4,2.504956e-04,0.08572,0.4175
7025,4,2.503696e-04,0.10161,0.4478
7026,4,2.502436e-04,0.13232,0.7465
7027,4,2.501176e-04,0.14542,0.6620
7028,4,2.499917e-04,0.18787,0.6882
7029,4,2.498658e-04,0.13028,0.5634
7030,4,2.497399e-04,0.11691,0.5159
7031,4,2.496140e-04,0.10558,0.4272
7032,4,2.494882e-04,0.15126,0.5591
7033,4,2.493624e-04,0.13014,0.5738
7034,4,2.492367e-04,0.14432,0.8021
7035,4,2.491109e-04,0.18111,0.6677
7036,4,2.489852e-04,0.11954,0.5363
7037,4,2.488595e-04,0.13418,0.8214
7038,4,2.487339e-04,0.12805,0.4685
7039,4,2.486083e-04,0.13767,0.5010
7040,4,2.484827e-04,0.11609,0.4516
7041,4,2.483571e-04,0.12554,0.4300
7042,4,2.482316e-04,0.16373,0.7690
7043,4,2.481061e-04,0.20987,0.8868
7044,4,2.479806e-04,0.16920,0.7742
7045,4,2.478551e-04,0.13031,0.7958
7046,4,2.477297e-04,0.10306,0.4800
7047,4,2.476043e-04,0.17992,0.6586
7048,4,2.474790e-04,0.12556,0.7262
7049,4,2.473536e-04,0.16629,1.1002
7050,4,2.472283e-04,0.12399,0.7015
7051,4,2.471031e-04,0.10015,0.7522
7052,4,2.469778e-04,0.14799,1.0001
7053,4,2.468526e-04,0.10592,0.4876
7054,4,2.467274e-04,0.15757,0.8172
7055,4,2.466023e-04,0.14251,0.5561
7056,4,2.464772e-04,0.12927,0.9999
7057,4,2.463521e-04,0.12178,0.6122
7058,4,2.462270e-04,0.11021,0.6900
7059,4,2.461020e-04,0.14392,0.5446
7060,4,2.459770e-04,0.15520,0.7358
7061,4,2.458520e-04,0.19557,0.7177
7062,4,2.457270e-04,0.09115,0.4354
7063,4,2.456021e-04,0.11402,0.5540
7064,4,2.454772e-04,0.13118,0.6976
7065,4,2.453524e-04,0.12950,0.6102
7066,4,2.452276e-04,0.14952,0.6479
7067,4,2.451028e-04,0.15441,0.5199
7068,4,2.449780e-04,0.11558,0.5081
7069,4,2.448532e-04,0.09221,0.4006
7070,4,2.447285e-04,0.11359,0.5057
7071,4,2.446039e-04,0.13175,0.6373
7072,4,2.444792e-04,0.10931,0.4649
7073,4,2.443546e-04,0.11956,0.5147
7074,4,2.442300e-04,0.15198,0.5991
7075,4,2.441054e-04,0.14316,0.4950
7076,4,2.439809e-04,0.11705,0.5304
7077,4,2.438564e-04,0.08359,0.4503
7078,4,2.437319e-04,0.18858,0.7712
7079,4,2.436075e-04,0.14310,0.5554
7080,4,2.434831e-04,0.12385,0.5471
7081,4,2.433587e-04,0.10106,0.4381
7082,4,2.432343e-04,0.12114,0.5573
7083,4,2.431100e-04,0.12565,0.5480
7084,4,2.429857e-04,0.09960,0.5108
7085,4,2.428614e-04,0.11722,0.4926
7086,4,2.427372e-04,0.08471,0.5303
7087,4,2.426130e-04,0.10094,0.4967
7088,4,2.424888e-04,0.16087,0.6792
7089,4,2.423647e-04,0.14718,0.5959
7090,4,2.422406e-04,0.18503,0.7017
7091,4,2.421165e-04,0.12346,0.4839
7092,4,2.419924e-04,0.15144,0.8232
7093,4,2.418684e-04,0.16409,0.6861
7094,4,2.417444e-04,0.13288,0.5862
7095,4,2.416205e-04,0.14327,0.6390
7096,4,2.414965e-04,0.09632,0.4806
7097,4,2.413726e-04,0.14608,0.5805
7098,4,2.412487e-04,0.14880,0.5245
7099,4,2.411249e-04,0.16407,0.5437
7100,4,2.410011e-04,0.07360,0.4983
7101,4,2.408773e-04,0.09692,0.4969
7102,4,2.407535e-04,0.15918,0.5582
7103,4,2.406298e-04,0.10914,0.4950
7104,4,2.405061e-04,0.10237,0.4360
7105,4,2.403825e-04,0.14179,0.6280
7106,4,2.402588e-04,0.08409,0.4781
7107,4,2.401352e-04,0.10588,0.6976
7108,4,2.400116e-04,0.15049,0.6386
7109,4,2.398881e-04,0.14035,0.6662
7110,4,2.397646e-04,0.12516,0.9457
7111,4,2.396411e-04,0.10139,0.6638
7112,4,2.395176e-04,0.14079,0.8594
7113,4,2.393942e-04,0.12352,0.5221
7114,4,2.392708e-04,0.10574,0.4926
7115,4,2.391475e-04,0.11696,0.5452
7116,4,2.390241e-04,0.12266,0.6789
7117,4,2.389008e-04,0.15142,1.4526
7118,4,2.387775e-04,0.10087,0.4789
7119,4,2.386543e-04,0.11062,0.4963
7120,4,2.385311e-04,0.08689,0.4788
7121,4,2.384079e-04,0.07079,0.3520
7122,4,2.382848e-04,0.13589,0.5460
7123,4,2.381616e-04,0.14115,0.5269
7124,4,2.380385e-04,0.09846,0.9040
7125,4,2.379155e-04,0.06685,0.4787
7126,4,2.377925e-04,0.15247,0.8881
7127,4,2.376695e-04,0.17620,0.6169
7128,4,2.375465e-04,0.13203,0.9142
7129,4,2.374235e-04,0.10820,0.6986
7130,4,2.373006e-04,0.13401,0.7051
7131,4,2.371778e-04,0.15224,0.7158
7132,4,2.370549e-04,0.13430,0.8115
7133,4,2.369321e-04,0.14491,0.6002
7134,4,2.368093e-04,0.12889,0.6596
7135,4,2.366866e-04,0.14263,0.9071
7136,4,2.365638e-04,0.13223,0.6450
7137,4,2.364411e-04,0.13048,0.5558
7138,4,2.363185e-04,0.11517,0.5346
7139,4,2.361958e-04,0.10383,0.7192
7140,4,2.360732e-04,0.07676,0.3973
7141,4,2.359507e-04,0.15352,0.7499
7142,4,2.358281e-04,0.15302,0.5647
7143,4,2.357056e-04,0.12531,0.5721
7144,4,2.355831e-04,0.13637,0.6412
7145,4,2.354607e-04,0.11310,0.5715
7146,4,2.353382e-04,0.10789,0.5077
7147,4,2.352159e-04,0.09041,0.6172
7148,4,2.350935e-04,0.11623,0.5004
7149,4,2.349712e-04,0.14981,0.6922
7150,4,2.348489e-04,0.10431,0.6091
7151,4,2.347266e-04,0.12785,0.6470
7152,4,2.346044e-04,0.11946,0.7957
7153,4,2.344822e-04,0.12660,0.5687
7154,4,2.343600e-04,0.11486,0.6126
7155,4,2.342378e-04,0.09514,0.4416
7156,4,2.341157e-04,0.12448,0.5973
7157,4,2.339936e-04,0.13354,0.5506
7158,4,2.338716e-04,0.20213,1.1051
7159,4,2.337496e-04,0.12129,0.6367
7160,4,2.336276e-04,0.20746,0.7259
7161,4,2.335056e-04,0.11935,0.4618
7162,4,2.333837e-04,0.10793,0.8503
7163,4,2.332618e-04,0.13696,1.1464
7164,4,2.331399e-04,0.11821,0.6084
7165,4,2.330181e-04,0.13134,0.6038
7166,4,2.328963e-04,0.13181,0.6664
7167,4,2.327745e-04,0.12830,1.0023
7168,4,2.326528e-04,0.14873,0.5839
7169,4,2.325311e-04,0.13583,0.6880
7170,4,2.324094e-04,0.16625,1.1506
7171,4,2.322877e-04,0.09520,0.5837
7172,4,2.321661e-04,0.11985,0.5116
7173,4,2.320445e-04,0.11512,0.5451
7174,4,2.319229e-04,0.09628,0.5116
7175,4,2.318014e-04,0.15455,0.5580
7176,4,2.316799e-04,0.13143,0.5678
7177,4,2.315585e-04,0.11134,0.4505
7178,4,2.314370e-04,0.12738,0.6709
7179,4,2.313156e-04,0.10806,0.4855
7180,4,2.311943e-04,0.10327,0.6248
7181,4,2.310729e-04,0.14986,0.5586
7182,4,2.309516e-04,0.15325,1.0011
7183,4,2.308303e-04,0.10309,0.5434
7184,4,2.307091e-04,0.14417,0.6810
7185,4,2.305879e-04,0.10366,0.5068
7186,4,2.304667e-04,0.11667,0.8679
7187,4,2.303455e-04,0.12146,0.5516
7188,4,2.302244e-04,0.11892,0.7889
7189,4,2.301033e-04,0.13996,0.4902
7190,4,2.299822e-04,0.12218,0.4752
7191,4,2.298612e-04,0.11977,0.7738
7192,4,2.297402e-04,0.16628,0.6315
7193,4,2.296192e-04,0.10819,0.5526
7194,4,2.294983e-04,0.09843,0.4881
7195,4,2.293774e-04,0.11837,0.4774
7196,4,2.292565e-04,0.18297,0.8023
7197,4,2.291357e-04,0.13078,0.4967
7198,4,2.290149e-04,0.16586,0.6172
7199,4,2.288941e-04,0.11025,0.5179
7200,4,2.287733e-04,0.16134,0.9271
7201,4,2.286526e-04,0.12663,0.5512
7202,4,2.285319e-04,0.17214,0.6566
7203,4,2.284113e-04,0.13992,0.7523
7204,4,2.282907e-04,0.13752,0.7861
7205,4,2.281701e-04,0.15365,0.6358
7206,4,2.280495e-04,0.10126,0.6492
7207,4,2.279290e-04,0.11175,0.5747
7208,4,2.278085e-04,0.13954,0.6995
7209,4,2.276880e-04,0.17083,0.7009
7210,4,2.275676e-04,0.11809,0.7206
7211,4,2.274472e-04,0.12545,0.5993
7212,4,2.273268e-04,0.14225,0.6001
7213,4,2.272065e-04,0.13802,0.8890
7214,4,2.270862e-04,0.11667,0.7186
7215,4,2.269659e-04,0.09094,0.6678
7216,4,2.268456e-04,0.21456,0.7592
7217,4,2.267254e-04,0.13117,0.6517
7218,4,2.266052e-04,0.12223,0.5271
7219,4,2.264851e-04,0.16636,0.6262
7220,4,2.263650e-04,0.18252,0.7611
7221,4,2.262449e-04,0.12088,0.4958
7222,4,2.261248e-04,0.07365,0.3881
7223,4,2.260048e-04,0.11455,0.7506
7224,4,2.258848e-04,0.08493,0.9039
7225,4,2.257648e-04,0.13212,0.5463
7226,4,2.256449e-04,0.10779,0.5690
7227,4,2.255250e-04,0.13527,0.6372
7228,4,2.254052e-04,0.12882,1.2420
7229,4,2.252853e-04,0.12775,0.6925
7230,4,2.251655e-04,0.07275,0.4084
7231,4,2.250457e-04,0.14188,0.7091
7232,4,2.249260e-04,0.11759,0.5241
7233,4,2.248063e-04,0.11862,0.5584
7234,4,2.246866e-04,0.09472,0.7634
7235,4,2.245670e-04,0.12749,1.0061
7236,4,2.244474e-04,0.11050,0.5782
7237,4,2.243278e-04,0.10601,0.4560
7238,4,2.242082e-04,0.16295,0.7599
7239,4,2.240887e-04,0.17354,0.5686
7240,4,2.239692e-04,0.14290,0.9771
7241,4,2.238498e-04,0.14406,0.6220
7242,4,2.237304e-04,0.14084,0.6405
7243,4,2.236110e-04,0.09729,0.4625
7244,4,2.234916e-04,0.10691,0.5221
7245,4,2.233723e-04,0.12457,0.6337
7246,4,2.232530e-04,0.08589,0.4229
7247,4,2.231337e-04,0.09131,0.5136
7248,4,2.230145e-04,0.16830,0.8206
7249,4,2.228953e-04,0.18966,0.8540
7250,4,2.227761e-04,0.12595,0.9371
7251,4,2.226570e-04,0.14116,0.7137
7252,4,2.225379e-04,0.07644,0.5076
7253,4,2.224188e-04,0.11170,0.6542
7254,4,2.222998e-04,0.14117,1.2323
7255,4,2.221808e-04,0.16640,0.5980
7256,4,2.220618e-04,0.09537,0.4672
7257,4,2.219428e-04,0.14646,0.7092
7258,4,2.218239e-04,0.14409,0.7145
7259,4,2.217051e-04,0.13930,0.5538
7260,4,2.215862e-04,0.07350,0.5107
7261,4,2.214674e-04,0.11759,0.5088
7262,4,2.213486e-04,0.09919,0.5846
7263,4,2.212299e-04,0.09184,0.5420
7264,4,2.211111e-04,0.11359,0.4732
7265,4,2.209925e-04,0.12782,0.5040
7266,4,2.208738e-04,0.13906,0.5539
7267,4,2.207552e-04,0.17510,0.5930
7268,4,2.206366e-04,0.09245,0.5004
7269,4,2.205180e-04,0.20939,0.6558
7270,4,2.203995e-04,0.10595,0.5461
7271,4,2.202810e-04,0.10468,0.6384
7272,4,2.201626e-04,0.10249,0.6075
7273,4,2.200441e-04,0.15037,0.5761
7274,4,2.199257e-04,0.17539,0.5969
7275,4,2.198074e-04,0.13392,0.7231
7276,4,2.196890e-04,0.13707,0.6525
7277,4,2.195707e-04,0.14861,0.7298
7278,4,2.194525e-04,0.14869,0.7588
7279,4,2.193342e-04,0.13908,0.9166
7280,4,2.192160e-04,0.15544,0.7178
7281,4,2.190979e-04,0.13523,0.7813
7282,4,2.189797e-04,0.14276,0.7078
7283,4,2.188616e-04,0.13743,0.6257
7284,4,2.187435e-04,0.15498,0.5584
7285,4,2.186255e-04,0.11522,0.5281
7286,4,2.185075e-04,0.11372,0.5433
7287,4,2.183895e-04,0.15044,0.5311
7288,4,2.182716e-04,0.12044,0.5690
7289,4,2.181537e-04,0.14777,0.5922
7290,4,2.180358e-04,0.15536,0.8484
7291,4,2.179179e-04,0.09903,0.4348
7292,4,2.178001e-04,0.16054,0.6645
7293,4,2.176823e-04,0.11529,0.7335
7294,4,2.175646e-04,0.13225,0.6347
7295,4,2.174469e-04,0.11866,0.5252
7296,4,2.173292e-04,0.09745,0.4988
7297,4,2.172115e-04,0.10269,0.5058
7298,4,2.170939e-04,0.11352,0.5038
7299,4,2.169763e-04,0.13085,0.5306
7300,4,2.168588e-04,0.16962,1.1879
7301,4,2.167413e-04,0.15361,0.5705
7302,4,2.166238e-04,0.10601,0.6186
7303,4,2.165063e-04,0.13847,0.6092
7304,4,2.163889e-04,0.20433,0.7018
7305,4,2.162715e-04,0.12283,0.5852
7306,4,2.161541e-04,0.15865,0.8591
7307,4,2.160368e-04,0.13289,0.5038
7308,4,2.159195e-04,0.14500,0.8496
7309,4,2.158023e-04,0.11910,0.5838
7310,4,2.156850e-04,0.10021,0.4764
7311,4,2.155678e-04,0.21266,1.1875
7312,4,2.154507e-04,0.14030,0.5822
7313,4,2.153335e-04,0.09887,0.4703
7314,4,2.152164e-04,0.13485,0.5988
7315,4,2.150994e-04,0.16371,0.5918
7316,4,2.149823e-04,0.10923,0.6318
7317,4,2.148653e-04,0.13867,0.6068
7318,4,2.147484e-04,0.09971,0.5370
7319,4,2.146314e-04,0.10801,0.4776
7320,4,2.145145e-04,0.12238,0.5738
7321,4,2.143977e-04,0.14002,0.5375
7322,4,2.142808e-04,0.11262,0.6412
7323,4,2.141640e-04,0.14742,0.6176
7324,4,2.140473e-04,0.12147,0.5031
7325,4,2.139305e-04,0.07372,0.5499
7326,4,2.138138e-04,0.10802,0.5216
7327,4,2.136972e-04,0.20248,0.6116
7328,4,2.135805e-04,0.12584,0.5384
7329,4,2.134639e-04,0.14060,0.5739
7330,4,2.133474e-04,0.13808,0.5436
7331,4,2.132308e-04,0.08158,0.4344
7332,4,2.131143e-04,0.16136,0.6415
7333,4,2.129978e-04,0.11881,0.9308
7334,4,2.128814e-04,0.15828,0.8376
7335,4,2.127650e-04,0.15998,0.6643
7336,4,2.126486e-04,0.15320,1.1500
7337,4,2.125323e-04,0.11554,0.6035
7338,4,2.124160e-04,0.15539,0.6025
7339,4,2.122997e-04,0.09496,0.5112
7340,4,2.121835e-04,0.11225,0.5233
7341,4,2.120672e-04,0.11807,0.6990
7342,4,2.119511e-04,0.11115,0.5345
7343,4,2.118349e-04,0.08762,0.4992
7344,4,2.117188e-04,0.16514,0.6859
7345,4,2.116027e-04,0.14914,0.6170
7346,4,2.114867e-04,0.11411,0.6663
7347,4,2.113707e-04,0.10919,0.4598
7348,4,2.112547e-04,0.13705,0.7438
7349,4,2.111388e-04,0.19071,0.6929
7350,4,2.110229e-04,0.10868,0.5245
7351,4,2.109070e-04,0.16427,0.6892
7352,4,2.107911e-04,0.20834,0.7698
7353,4,2.106753e-04,0.13309,0.6636
7354,4,2.105596e-04,0.11672,0.5482
7355,4,2.104438e-04,0.11922,0.5175
7356,4,2.103281e-04,0.13348,0.6581
7357,4,2.102124e-04,0.12141,0.4913
7358,4,2.100968e-04,0.12253,0.5800
7359,4,2.099812e-04,0.13569,0.6527
7360,4,2.098656e-04,0.14790,0.8075
7361,4,2.097500e-04,0.13868,1.0747
7362,4,2.096345e-04,0.15749,0.5536
7363,4,2.095191e-04,0.12754,0.6298
7364,4,2.094036e-04,0.07115,0.4880
7365,4,2.092882e-04,0.11630,0.5151
7366,4,2.091728e-04,0.11062,0.5256
7367,4,2.090575e-04,0.09569,0.4494
7368,4,2.089422e-04,0.13064,0.5530
7369,4,2.088269e-04,0.20011,0.6520
7370,4,2.087116e-04,0.12249,0.5812
7371,4,2.085964e-04,0.19510,0.6304
7372,4,2.084813e-04,0.11795,0.4826
7373,4,2.083661e-04,0.08604,0.7565
7374,4,2.082510e-04,0.13726,0.5651
7375,4,2.081359e-04,0.11936,0.7364
7376,4,2.080209e-04,0.15189,0.6885
7377,4,2.079059e-04,0.12410,0.8074
7378,4,2.077909e-04,0.16377,1.0466
7379,4,2.076760e-04,0.17830,0.7783
7380,4,2.075611e-04,0.11683,0.5045
7381,4,2.074462e-04,0.12088,0.4659
7382,4,2.073313e-04,0.10647,0.5265
7383,4,2.072165e-04,0.13556,0.5216
7384,4,2.071018e-04,0.08659,0.4376
7385,4,2.069870e-04,0.12533,0.5685
7386,4,2.068723e-04,0.12106,0.6164
7387,4,2.067576e-04,0.11752,0.4865
7388,4,2.066430e-04,0.16462,0.6992
7389,4,2.065284e-04,0.12911,0.6520
7390,4,2.064138e-04,0.14623,0.5668
7391,4,2.062993e-04,0.19533,0.6951
7392,4,2.061848e-04,0.11352,1.1714
7393,4,2.060703e-04,0.10882,0.5396
7394,4,2.059559e-04,0.11618,0.5203
7395,4,2.058415e-04,0.09851,0.4495
7396,4,2.057271e-04,0.13532,0.5224
7397,4,2.056127e-04,0.14333,0.5586
7398,4,2.054984e-04,0.14680,0.6154
7399,4,2.053842e-04,0.10181,0.4037
7400,4,2.052699e-04,0.17064,0.6693
7401,4,2.051557e-04,0.16621,0.8542
7402,4,2.050416e-04,0.15425,0.6991
7403,4,2.049274e-04,0.13505,0.5479
7404,4,2.048133e-04,0.09119,0.5693
7405,4,2.046993e-04,0.17644,0.5696
7406,4,2.045852e-04,0.11934,0.9715
7407,4,2.044712e-04,0.12617,0.5979
7408,4,2.043573e-04,0.13505,0.5751
7409,4,2.042433e-04,0.14711,0.6160
7410,4,2.041294e-04,0.08635,0.6543
7411,4,2.040156e-04,0.15893,0.6967
7412,4,2.039018e-04,0.13922,0.8128
7413,4,2.037880e-04,0.15231,0.6551
7414,4,2.036742e-04,0.15923,0.6118
7415,4,2.035605e-04,0.20439,0.9159
7416,4,2.034468e-04,0.13746,0.8947
7417,4,2.033331e-04,0.15802,0.7000
7418,4,2.032195e-04,0.13336,0.5234
7419,4,2.031059e-04,0.16769,0.5954
7420,4,2.029923e-04,0.19568,0.6895
7421,4,2.028788e-04,0.10352,0.6631
7422,4,2.027653e-04,0.08769,0.3941
7423,4,2.026519e-04,0.14163,0.5756
7424,4,2.025385e-04,0.11865,0.6127
7425,4,2.024251e-04,0.13036,0.7628
7426,4,2.023117e-04,0.11159,0.6901
7427,4,2.021984e-04,0.12299,0.7454
7428,4,2.020851e-04,0.11230,0.4971
7429,4,2.019719e-04,0.11557,0.6012
7430,4,2.018587e-04,0.10560,0.7439
7431,4,2.017455e-04,0.15358,0.7899
7432,4,2.016323e-04,0.09422,0.4504
7433,4,2.015192e-04,0.13982,0.6313
7434,4,2.014061e-04,0.13618,0.5576
7435,4,2.012931e-04,0.13235,0.5661
7436,4,2.011801e-04,0.19236,0.6886
7437,4,2.010671e-04,0.13751,0.5459
7438,4,2.009542e-04,0.10784,0.4722
7439,4,2.008412e-04,0.16055,0.7575
7440,4,2.007284e-04,0.14961,0.5997
7441,4,2.006155e-04,0.16563,0.7899
7442,4,2.005027e-04,0.13501,0.4713
7443,4,2.003900e-04,0.16237,0.6304
7444,4,2.002772e-04,0.15429,0.7641
7445,4,2.001645e-04,0.11743,0.5761
7446,4,2.000518e-04,0.12208,1.0212
7447,4,1.999392e-04,0.11390,0.5918
7448,4,1.998266e-04,0.13615,0.7750
7449,4,1.997140e-04,0.17841,0.6566
7450,4,1.996015e-04,0.11026,0.4674
7451,4,1.994890e-04,0.12436,0.8601
7452,4,1.993766e-04,0.09492,0.5637
7453,4,1.992641e-04,0.16260,0.5688
7454,4,1.991517e-04,0.10531,0.4625
7455,4,1.990394e-04,0.14481,1.1055
7456,4,1.989271e-04,0.15838,0.5896
7457,4,1.988148e-04,0.08724,0.4141
7458,4,1.987025e-04,0.14574,0.5165
7459,4,1.985903e-04,0.12531,1.0150
7460,4,1.984781e-04,0.12024,0.6676
7461,4,1.983660e-04,0.13160,0.7028
7462,4,1.982538e-04,0.13807,0.7519
7463,4,1.981418e-04,0.09723,0.8761
7464,4,1.980297e-04,0.11686,0.7575
7465,4,1.979177e-04,0.12903,0.8848
7466,4,1.978057e-04,0.08871,0.9244
7467,4,1.976938e-04,0.14675,1.0658
7468,4,1.975819e-04,0.17275,0.7413
7469,4,1.974700e-04,0.14348,0.6958
7470,4,1.973581e-04,0.14979,0.5399
7471,4,1.972463e-04,0.16830,0.5289
7472,4,1.971346e-04,0.07453,0.4727
7473,4,1.970228e-04,0.11198,0.5997
7474,4,1.969111e-04,0.11404,0.4509
7475,4,1.967995e-04,0.12473,0.5538
7476,4,1.966878e-04,0.11214,0.7451
7477,4,1.965762e-04,0.15465,1.0011
7478,4,1.964647e-04,0.10684,0.5380
7479,4,1.963531e-04,0.16955,0.6572
7480,4,1.962417e-04,0.18227,0.6229
7481,4,1.961302e-04,0.16523,0.6642
7482,4,1.960188e-04,0.17444,1.2088
7483,4,1.959074e-04,0.13190,0.5724
7484,4,1.957960e-04,0.15720,0.6896
7485,4,1.956847e-04,0.15593,0.7874
7486,4,1.955734e-04,0.19820,1.0088
7487,4,1.954622e-04,0.10427,0.5582
7488,4,1.953510e-04,0.09871,0.5393
7489,4,1.952398e-04,0.11099,0.6138
7490,4,1.951286e-04,0.14244,0.5888
7491,4,1.950175e-04,0.12006,0.7057
7492,4,1.949064e-04,0.17434,0.7822
7493,4,1.947954e-04,0.14663,1.1131
7494,4,1.946844e-04,0.14942,0.6143
7495,4,1.945734e-04,0.11938,0.6837
7496,4,1.944625e-04,0.14894,0.7465
7497,4,1.943516e-04,0.15012,0.6827
7498,4,1.942407e-04,0.17266,0.7014
7499,4,1.941299e-04,0.11785,0.4636
7500,4,1.940191e-04,0.20146,0.8125
7501,4,1.939083e-04,0.12823,0.5960
7502,4,1.937976e-04,0.12878,0.8361
7503,4,1.936869e-04,0.14403,0.6879
7504,4,1.935763e-04,0.14580,0.7628
7505,4,1.934656e-04,0.12262,0.4761
7506,4,1.933551e-04,0.09865,0.5895
7507,4,1.932445e-04,0.15938,0.8476
7508,4,1.931340e-04,0.11663,0.6391
7509,4,1.930235e-04,0.07919,0.5591
7510,4,1.929131e-04,0.16904,0.5846
7511,4,1.928027e-04,0.22420,0.9343
7512,4,1.926923e-04,0.13207,0.5725
7513,4,1.925819e-04,0.09889,1.0434
7514,4,1.924716e-04,0.15597,0.6865
7515,4,1.923614e-04,0.14993,0.6971
7516,4,1.922511e-04,0.19529,0.5611
7517,4,1.921409e-04,0.11518,0.7192
7518,4,1.920308e-04,0.11934,0.6444
7519,4,1.919206e-04,0.11020,0.5130
7520,4,1.918105e-04,0.14765,0.6118
7521,4,1.917005e-04,0.14670,0.7546
7522,4,1.915905e-04,0.12586,0.5082
7523,4,1.914805e-04,0.07275,0.4110
7524,4,1.913705e-04,0.13892,0.5847
7525,4,1.912606e-04,0.12726,1.0903
7526,4,1.911507e-04,0.15249,0.6669
7527,4,1.910409e-04,0.16700,0.7926
7528,4,1.909311e-04,0.10525,0.4497
7529,4,1.908213e-04,0.13215,1.0820
7530,4,1.907115e-04,0.14745,0.8349
7531,4,1.906018e-04,0.10730,0.5205
7532,4,1.904922e-04,0.07613,0.3843
7533,4,1.903825e-04,0.12151,0.7431
7534,4,1.902729e-04,0.17547,0.6099
7535,4,1.901634e-04,0.15686,0.5517
7536,4,1.900538e-04,0.07025,0.5329
7537,4,1.899444e-04,0.10679,0.6487
7538,4,1.898349e-04,0.17057,0.5514
7539,4,1.897255e-04,0.12235,0.5571
7540,4,1.896161e-04,0.08685,0.4176
7541,4,1.895067e-04,0.16770,0.7542
7542,4,1.893974e-04,0.17627,0.6900
7543,4,1.892881e-04,0.13799,0.6601
7544,4,1.891789e-04,0.14078,0.7407
7545,4,1.890697e-04,0.11017,0.4394
7546,4,1.889605e-04,0.12711,0.5323
7547,4,1.888514e-04,0.12543,1.0612
7548,4,1.887423e-04,0.13307,0.5367
7549,4,1.886332e-04,0.12936,0.5879
7550,4,1.885242e-04,0.12150,1.0420
7551,4,1.884152e-04,0.10300,0.6380
7552,4,1.883062e-04,0.16547,0.6499
7553,4,1.881973e-04,0.12799,0.5198
7554,4,1.880884e-04,0.13622,0.7023
7555,4,1.879795e-04,0.12281,0.6511
7556,4,1.878707e-04,0.15280,0.7216
7557,4,1.877619e-04,0.18956,0.7666
7558,4,1.876532e-04,0.15530,0.7476
7559,4,1.875445e-04,0.08789,0.5123
7560,4,1.874358e-04,0.14067,0.4878
7561,4,1.873272e-04,0.12664,0.5820
7562,4,1.872186e-04,0.14916,0.6645
7563,4,1.871100e-04,0.10159,0.7535
7564,4,1.870015e-04,0.13056,0.5236
7565,4,1.868930e-04,0.11813,0.5300
7566,4,1.867845e-04,0.17257,0.6311
7567,4,1.866761e-04,0.15124,0.7708
7568,4,1.865677e-04,0.17499,0.5893
7569,4,1.864593e-04,0.06799,0.4984
7570,4,1.863510e-04,0.10755,0.4980
7571,4,1.862427e-04,0.14968,0.8111
7572,4,1.861345e-04,0.17038,0.8584
7573,4,1.860263e-04,0.10285,0.6656
7574,4,1.859181e-04,0.15373,0.7104
7575,4,1.858100e-04,0.17251,0.5750
7576,4,1.857018e-04,0.18712,0.7182
7577,4,1.855938e-04,0.12164,0.5393
7578,4,1.854857e-04,0.12511,0.5689
7579,4,1.853778e-04,0.13187,0.6040
7580,4,1.852698e-04,0.13237,0.5714
7581,4,1.851619e-04,0.13796,0.4758
7582,4,1.850540e-04,0.10324,0.5309
7583,4,1.849461e-04,0.10838,0.6986
7584,4,1.848383e-04,0.17242,0.6899
7585,4,1.847305e-04,0.13201,0.9425
7586,4,1.846228e-04,0.15121,0.7387
7587,4,1.845151e-04,0.18096,0.8392
7588,4,1.844074e-04,0.12002,0.4876
7589,4,1.842998e-04,0.12643,0.5477
7590,4,1.841922e-04,0.13248,0.6600
7591,4,1.840846e-04,0.14916,0.6156
7592,4,1.839771e-04,0.12920,0.5846
7593,4,1.838696e-04,0.10275,0.4615
7594,4,1.837621e-04,0.12300,0.7717
7595,4,1.836547e-04,0.11540,0.6035
7596,4,1.835473e-04,0.13819,0.7073
7597,4,1.834400e-04,0.13401,0.9280
7598,4,1.833327e-04,0.13292,0.6490
7599,4,1.832254e-04,0.11457,0.5456
7600,4,1.831182e-04,0.12427,0.5129
7601,4,1.830110e-04,0.11054,0.5472
7602,4,1.829038e-04,0.18748,1.0610
7603,4,1.827967e-04,0.16535,0.5948
7604,4,1.826896e-04,0.16730,0.5397
7605,4,1.825825e-04,0.15541,0.6840
7606,4,1.824755e-04,0.11703,0.4845
7607,4,1.823685e-04,0.11259,0.5595
7608,4,1.822615e-04,0.12527,0.7907
7609,4,1.821546e-04,0.14191,0.5375
7610,4,1.820477e-04,0.14833,0.5642
7611,4,1.819409e-04,0.10356,0.6486
7612,4,1.818341e-04,0.12619,0.4996
7613,4,1.817273e-04,0.14696,0.6007
7614,4,1.816206e-04,0.20566,0.6826
7615,4,1.815139e-04,0.15245,0.5462
7616,4,1.814072e-04,0.09904,0.4706
7617,4,1.813006e-04,0.12353,0.8062
7618,4,1.811940e-04,0.10132,0.4773
7619,4,1.810875e-04,0.13116,0.5495
7620,4,1.809810e-04,0.21169,0.7238
7621,4,1.808745e-04,0.17748,0.5720
7622,4,1.807681e-04,0.16274,0.5562
7623,4,1.806616e-04,0.12375,0.5067
7624,4,1.805553e-04,0.17858,0.7824
7625,4,1.804489e-04,0.14744,0.8473
7626,4,1.803426e-04,0.15016,0.8479
7627,4,1.802364e-04,0.09298,0.5209
7628,4,1.801302e-04,0.11362,0.4671
7629,4,1.800240e-04,0.09764,0.4993
7630,4,1.799178e-04,0.14965,0.5505
7631,4,1.798117e-04,0.13327,0.6114
7632,4,1.797056e-04,0.16158,0.7918
7633,4,1.795996e-04,0.13826,0.4630
7634,4,1.794936e-04,0.07423,0.3970
7635,4,1.793876e-04,0.16789,0.6398
7636,4,1.792817e-04,0.10554,0.6838
7637,4,1.791758e-04,0.12549,0.5037
7638,4,1.790699e-04,0.16834,0.7050
7639,4,1.789641e-04,0.09429,0.7223
7640,4,1.788583e-04,0.17363,1.1468
7641,4,1.787526e-04,0.15125,0.5690
7642,4,1.786469e-04,0.12484,0.6081
7643,4,1.785412e-04,0.09460,0.5993
7644,4,1.784356e-04,0.15830,0.6122
7645,4,1.783300e-04,0.11122,0.6247
7646,4,1.782244e-04,0.08192,0.4101
7647,4,1.781189e-04,0.12948,0.5338
7648,4,1.780134e-04,0.15807,0.6949
7649,4,1.779079e-04,0.12023,0.7004
7650,4,1.778025e-04,0.16693,0.7476
7651,4,1.776971e-04,0.10862,0.6542
7652,4,1.775918e-04,0.12127,0.5517
7653,4,1.774865e-04,0.11407,0.5513
7654,4,1.773812e-04,0.12863,0.5014
7655,4,1.772760e-04,0.15352,0.5912
7656,4,1.771708e-04,0.17519,0.5797
7657,4,1.770656e-04,0.10069,0.4224
7658,4,1.769605e-04,0.15953,0.9256
7659,4,1.768554e-04,0.12626,0.8363
7660,4,1.767503e-04,0.09619,0.4432
7661,4,1.766453e-04,0.10481,0.8026
7662,4,1.765404e-04,0.09551,0.4853
7663,4,1.764354e-04,0.09312,0.5739
7664,4,1.763305e-04,0.11594,0.4822
7665,4,1.762256e-04,0.14600,0.5481
7666,4,1.761208e-04,0.15311,0.6915
7667,4,1.760160e-04,0.15904,0.8085
7668,4,1.759113e-04,0.13309,0.5072
7669,4,1.758065e-04,0.10451,0.7329
7670,4,1.757019e-04,0.14493,0.5644
7671,4,1.755972e-04,0.15925,0.6937
7672,4,1.754926e-04,0.14463,0.5631
7673,4,1.753880e-04,0.13055,0.5897
7674,4,1.752835e-04,0.11079,0.5484
7675,4,1.751790e-04,0.15886,0.5843
7676,4,1.750745e-04,0.12721,0.6203
7677,4,1.749701e-04,0.14984,0.7495
7678,4,1.748657e-04,0.08782,0.3752
7679,4,1.747614e-04,0.14808,0.5197
7680,4,1.746571e-04,0.20386,0.8928
7681,4,1.745528e-04,0.18410,0.6972
7682,4,1.744486e-04,0.13974,0.7072
7683,4,1.743444e-04,0.16313,1.1710
7684,4,1.742402e-04,0.15584,0.8876
7685,4,1.741361e-04,0.11512,0.5062
7686,4,1.740320e-04,0.11890,0.9333
7687,4,1.739279e-04,0.10064,0.4698
7688,4,1.738239e-04,0.12994,0.7547
7689,4,1.737199e-04,0.16520,0.7586
7690,4,1.736160e-04,0.12978,0.5797
7691,4,1.735121e-04,0.12589,0.6519
7692,4,1.734082e-04,0.14068,0.6703
7693,4,1.733044e-04,0.13685,0.5544
7694,4,1.732006e-04,0.10220,0.6447
7695,4,1.730968e-04,0.19953,0.6193
7696,4,1.729931e-04,0.13052,0.6405
7697,4,1.728894e-04,0.20237,0.7522
7698,4,1.727858e-04,0.11966,0.4605
7699,4,1.726822e-04,0.09974,0.4370
7700,4,1.725786e-04,0.13966,0.8430
7701,4,1.724751e-04,0.12663,0.5519
7702,4,1.723716e-04,0.23044,0.7145
7703,4,1.722681e-04,0.09097,0.6383
7704,4,1.721647e-04,0.10918,0.7266
7705,4,1.720613e-04,0.11392,0.5396
7706,4,1.719580e-04,0.11200,0.4959
7707,4,1.718547e-04,0.12251,0.5450
7708,4,1.717514e-04,0.16747,0.7782
7709,4,1.716482e-04,0.13623,0.5339
7710,4,1.715450e-04,0.14541,0.5836
7711,4,1.714418e-04,0.13369,0.5811
7712,4,1.713387e-04,0.11708,0.7329
7713,4,1.712356e-04,0.08554,0.4617
7714,4,1.711326e-04,0.09160,0.6559
7715,4,1.710296e-04,0.12227,0.5530
7716,4,1.709266e-04,0.14767,0.5970
7717,4,1.708236e-04,0.13793,0.8636
7718,4,1.707208e-04,0.11994,0.6346
7719,4,1.706179e-04,0.19254,1.3110
7720,4,1.705151e-04,0.13045,0.5719
7721,4,1.704123e-04,0.09595,0.4998
7722,4,1.703095e-04,0.07210,0.8325
7723,4,1.702068e-04,0.21287,0.8494
7724,4,1.701042e-04,0.08589,0.3963
7725,4,1.700015e-04,0.18023,0.9084
7726,4,1.698989e-04,0.13585,0.5517
7727,4,1.697964e-04,0.11273,0.6715
7728,4,1.696938e-04,0.10671,0.5955
7729,4,1.695914e-04,0.12140,0.4994
7730,4,1.694889e-04,0.08878,0.4615
7731,4,1.693865e-04,0.17198,1.0638
7732,4,1.692841e-04,0.10959,0.4439
7733,4,1.691818e-04,0.13246,0.7195
7734,4,1.690795e-04,0.10842,0.4908
7735,4,1.689772e-04,0.16784,0.6473
7736,4,1.688750e-04,0.14068,0.5455
7737,4,1.687728e-04,0.09515,0.7141
7738,4,1.686707e-04,0.12727,0.5660
7739,4,1.685686e-04,0.13021,0.5600
7740,4,1.684665e-04,0.10177,0.4394
7741,4,1.683645e-04,0.15971,0.9395
7742,4,1.682625e-04,0.09355,0.5511
7743,4,1.681605e-04,0.12560,0.6264
7744,4,1.680586e-04,0.12006,0.5272
7745,4,1.679567e-04,0.11405,0.4959
7746,4,1.678549e-04,0.13363,0.7232
7747,4,1.677531e-04,0.10657,0.4617
7748,4,1.676513e-04,0.11621,0.4517
7749,4,1.675496e-04,0.12668,0.4908
7750,4,1.674479e-04,0.13669,0.9868
7751,4,1.673462e-04,0.09275,0.6547
7752,4,1.672446e-04,0.17996,0.9836
7753,4,1.671430e-04,0.13728,0.5262
7754,4,1.670415e-04,0.15551,0.5979
7755,4,1.669400e-04,0.20303,0.6648
7756,4,1.668385e-04,0.13812,0.5303
7757,4,1.667371e-04,0.11523,0.6788
7758,4,1.666357e-04,0.12586,0.6996
7759,4,1.665343e-04,0.12744,0.7426
7760,4,1.664330e-04,0.15897,0.7651
7761,4,1.663317e-04,0.08589,0.4820
7762,4,1.662305e-04,0.10742,0.5832
7763,4,1.661293e-04,0.14464,0.7906
7764,4,1.660281e-04,0.13644,0.6756
7765,4,1.659270e-04,0.09472,0.5948
7766,4,1.658259e-04,0.12173,0.5925
7767,4,1.657249e-04,0.11201,0.5486
7768,4,1.656239e-04,0.07769,0.5220
7769,4,1.655229e-04,0.11373,0.4678
7770,4,1.654220e-04,0.13299,0.6602
7771,4,1.653211e-04,0.11045,0.5944
7772,4,1.652202e-04,0.16816,0.8212
7773,4,1.651194e-04,0.11394,0.8511
7774,4,1.650186e-04,0.06039,0.3292
7775,4,1.649179e-04,0.20100,0.8357
7776,4,1.648172e-04,0.12241,0.5503
7777,4,1.647165e-04,0.11869,0.7744
7778,4,1.646159e-04,0.14275,1.0669
7779,4,1.645153e-04,0.10444,0.4180
7780,4,1.644147e-04,0.14403,0.8396
7781,4,1.643142e-04,0.12363,0.5016
7782,4,1.642137e-04,0.14158,0.5944
7783,4,1.641133e-04,0.09874,0.6523
7784,4,1.640129e-04,0.14011,0.5719
7785,4,1.639125e-04,0.13935,0.5992
7786,4,1.638122e-04,0.11339,0.5760
7787,4,1.637119e-04,0.10199,0.5022
7788,4,1.636116e-04,0.15643,1.1355
7789,4,1.635114e-04,0.13558,0.8010
7790,4,1.634113e-04,0.10370,0.4800
7791,4,1.633111e-04,0.15555,1.1900
7792,4,1.632110e-04,0.10884,0.5226
7793,4,1.631110e-04,0.15001,0.7896
7794,4,1.630110e-04,0.13785,0.5560
7795,4,1.629110e-04,0.07661,0.4415
7796,4,1.628110e-04,0.14501,1.1325
7797,4,1.627111e-04,0.17159,0.5528
7798,4,1.626113e-04,0.11953,0.5738
7799,4,1.625114e-04,0.10920,0.5378
7800,4,1.624116e-04,0.10648,0.6392
7801,4,1.623119e-04,0.15684,0.7044
7802,4,1.622122e-04,0.11712,0.4676
7803,4,1.621125e-04,0.15357,0.9170
7804,4,1.620129e-04,0.10848,0.5005
7805,4,1.619133e-04,0.11892,0.5585
7806,4,1.618137e-04,0.12018,0.7211
7807,4,1.617142e-04,0.10645,0.5415
7808,4,1.616147e-04,0.14770,0.6827
7809,4,1.615153e-04,0.10968,0.4888
7810,4,1.614158e-04,0.15593,0.5958
7811,4,1.613165e-04,0.07738,0.4447
7812,4,1.612171e-04,0.14602,0.5560
7813,4,1.611179e-04,0.12915,0.6391
7814,4,1.610186e-04,0.09881,0.6288
7815,4,1.609194e-04,0.09619,0.5045
7816,4,1.608202e-04,0.13710,0.4916
7817,4,1.607211e-04,0.08755,0.8686
7818,4,1.606220e-04,0.12837,0.7893
7819,4,1.605229e-04,0.12849,0.6943
7820,4,1.604239e-04,0.13043,0.5415
7821,4,1.603249e-04,0.11304,0.4906
7822,4,1.602260e-04,0.15215,0.6055
7823,4,1.601271e-04,0.18951,1.1806
7824,4,1.600282e-04,0.13974,0.7701
7825,4,1.599294e-04,0.12943,0.6790
7826,4,1.598306e-04,0.12533,0.8276
7827,4,1.597318e-04,0.12088,0.6412
7828,4,1.596331e-04,0.15900,0.7606
7829,4,1.595344e-04,0.15922,0.5762
7830,4,1.594358e-04,0.11676,0.5023
7831,4,1.593372e-04,0.09559,0.7716
7832,4,1.592387e-04,0.09882,0.5375
7833,4,1.591401e-04,0.09774,0.8289
7834,4,1.590417e-04,0.12175,0.7325
7835,4,1.589432e-04,0.14653,0.5641
7836,4,1.588448e-04,0.14409,0.5804
7837,4,1.587464e-04,0.15540,0.5375
7838,4,1.586481e-04,0.13282,0.8171
7839,4,1.585498e-04,0.11491,0.5652
7840,4,1.584516e-04,0.12854,0.6192
7841,4,1.583534e-04,0.13968,0.5628
7842,4,1.582552e-04,0.11909,0.4799
7843,4,1.581571e-04,0.15702,0.6403
7844,4,1.580590e-04,0.08013,0.4751
7845,4,1.579609e-04,0.11054,0.5919
7846,4,1.578629e-04,0.22170,1.0564
7847,4,1.577649e-04,0.09682,0.4323
7848,4,1.576670e-04,0.11686,0.4845
7849,4,1.575691e-04,0.13066,0.6159
7850,4,1.574712e-04,0.06659,0.3384
7851,4,1.573734e-04,0.12061,0.5250
7852,4,1.572756e-04,0.10243,0.5752
7853,4,1.571779e-04,0.16602,1.1995
7854,4,1.570802e-04,0.16174,0.6299
7855,4,1.569825e-04,0.07131,0.5301
7856,4,1.568849e-04,0.15867,0.6962
7857,4,1.567873e-04,0.15423,0.9339
7858,4,1.566897e-04,0.11830,0.5352
7859,4,1.565922e-04,0.10837,0.8976
7860,4,1.564948e-04,0.16354,0.6576
7861,4,1.563973e-04,0.12190,0.5178
7862,4,1.562999e-04,0.14913,0.9400
7863,4,1.562026e-04,0.11273,0.5195
7864,4,1.561053e-04,0.10572,0.4948
7865,4,1.560080e-04,0.12261,0.4945
7866,4,1.559108e-04,0.15424,0.5223
7867,4,1.558136e-04,0.12581,0.5611
7868,4,1.557164e-04,0.15504,0.7395
7869,4,1.556193e-04,0.09564,0.4564
7870,4,1.555222e-04,0.13088,0.5362
7871,4,1.554251e-04,0.11674,0.5160
7872,4,1.553281e-04,0.13311,0.5283
7873,4,1.552312e-04,0.13430,0.5560
7874,4,1.551343e-04,0.15163,0.5558
7875,4,1.550374e-04,0.28318,0.8444
7876,4,1.549405e-04,0.14743,0.5911
7877,4,1.548437e-04,0.13371,0.6594
7878,4,1.547469e-04,0.17947,0.7350
7879,4,1.546502e-04,0.08738,0.6000
7880,4,1.545535e-04,0.15889,0.6711
7881,4,1.544569e-04,0.14920,0.7803
7882,4,1.543603e-04,0.09297,0.5378
7883,4,1.542637e-04,0.21031,0.6813
7884,4,1.541672e-04,0.14035,1.0209
7885,4,1.540707e-04,0.09422,0.4164
7886,4,1.539742e-04,0.12795,0.5999
7887,4,1.538778e-04,0.16033,0.5334
7888,4,1.537814e-04,0.15299,1.0581
7889,4,1.536851e-04,0.15178,0.6413
7890,4,1.535888e-04,0.25520,1.2952
7891,4,1.534925e-04,0.08345,0.4567
7892,4,1.533963e-04,0.13982,0.6059
7893,4,1.533001e-04,0.16256,0.5783
7894,4,1.532040e-04,0.13200,0.5227
7895,4,1.531079e-04,0.10117,0.5884
7896,4,1.530118e-04,0.15044,0.6299
7897,4,1.529158e-04,0.14854,0.5646
7898,4,1.528198e-04,0.17430,0.6428
7899,4,1.527239e-04,0.13362,0.6138
7900,4,1.526280e-04,0.12698,0.5766
7901,4,1.525321e-04,0.14058,1.0043
7902,4,1.524363e-04,0.16197,0.5886
7903,4,1.523405e-04,0.13306,0.5921
7904,4,1.522447e-04,0.17100,0.6886
7905,4,1.521490e-04,0.11651,0.7478
7906,4,1.520534e-04,0.12963,0.5164
7907,4,1.519577e-04,0.11863,0.4523
7908,4,1.518621e-04,0.13005,0.5688
7909,4,1.517666e-04,0.13116,0.4774
7910,4,1.516711e-04,0.14064,0.5800
7911,4,1.515756e-04,0.13320,0.5875
7912,4,1.514802e-04,0.15535,0.6024
7913,4,1.513848e-04,0.10010,0.5250
7914,4,1.512894e-04,0.12410,0.6013
7915,4,1.511941e-04,0.15350,0.9666
7916,4,1.510988e-04,0.09685,0.5625
7917,4,1.510036e-04,0.09671,0.4632
7918,4,1.509084e-04,0.10792,0.5121
7919,4,1.508133e-04,0.15737,0.5837
7920,4,1.507181e-04,0.13072,0.5770
7921,4,1.506231e-04,0.10330,0.4952
7922,4,1.505280e-04,0.13688,0.9196
7923,4,1.504330e-04,0.13001,0.6686
7924,4,1.503381e-04,0.11176,0.6322
7925,4,1.502432e-04,0.09532,0.6208
7926,4,1.501483e-04,0.09629,0.4312
7927,4,1.500534e-04,0.13624,0.5287
7928,4,1.499586e-04,0.14538,0.8944
7929,4,1.498639e-04,0.18177,0.8194
7930,4,1.497692e-04,0.10582,0.4436
7931,4,1.496745e-04,0.15540,0.5465
7932,4,1.495798e-04,0.13746,0.6062
7933,4,1.494852e-04,0.13086,0.5403
7934,4,1.493907e-04,0.10734,0.5267
7935,4,1.492962e-04,0.11764,0.6738
7936,4,1.492017e-04,0.17396,0.6336
7937,4,1.491072e-04,0.10363,0.5375
7938,4,1.490128e-04,0.11122,0.6504
7939,4,1.489185e-04,0.13793,0.7251
7940,4,1.488241e-04,0.12147,0.5686
7941,4,1.487299e-04,0.09156,0.4807
7942,4,1.486356e-04,0.21030,0.7438
7943,4,1.485414e-04,0.10510,0.4401
7944,4,1.484472e-04,0.14490,0.6183
7945,4,1.483531e-04,0.11027,0.4927
7946,4,1.482590e-04,0.16217,0.7444
7947,4,1.481650e-04,0.10711,0.5591
7948,4,1.480710e-04,0.14124,0.6991
7949,4,1.479770e-04,0.10326,0.4699
7950,4,1.478831e-04,0.17684,0.6167
7951,4,1.477892e-04,0.16612,0.5840
7952,4,1.476954e-04,0.09030,0.4343
7953,4,1.476016e-04,0.09807,0.5559
7954,4,1.475078e-04,0.13084,0.5123
7955,4,1.474141e-04,0.11088,0.8171
7956,4,1.473204e-04,0.12926,0.6106
7957,4,1.472268e-04,0.13289,0.4210
7958,4,1.471331e-04,0.13131,0.5319
7959,4,1.470396e-04,0.14937,1.0887
7960,4,1.469461e-04,0.11807,0.6129
7961,4,1.468526e-04,0.14876,0.8340
7962,4,1.467591e-04,0.11495,0.5602
7963,4,1.466657e-04,0.12705,0.5338
7964,4,1.465724e-04,0.09172,0.7400
7965,4,1.464790e-04,0.17530,0.5834
7966,4,1.463857e-04,0.11214,0.5227
7967,4,1.462925e-04,0.08436,0.4686
7968,5,1.461993e-04,0.10191,0.4718
7969,5,1.461061e-04,0.19898,1.0626
7970,5,1.460130e-04,0.19216,0.8363
7971,5,1.459199e-04,0.13342,0.6548
7972,5,1.458269e-04,0.10913,0.4408
7973,5,1.457339e-04,0.16992,0.7560
7974,5,1.456409e-04,0.11515,0.4808
7975,5,1.455480e-04,0.09815,0.7586
7976,5,1.454551e-04,0.09105,0.6481
7977,5,1.453622e-04,0.14551,0.5955
7978,5,1.452694e-04,0.18181,0.6259
7979,5,1.451767e-04,0.11335,0.5461
7980,5,1.450840e-04,0.15537,0.5455
7981,5,1.449913e-04,0.17774,0.5950
7982,5,1.448986e-04,0.09612,0.5066
7983,5,1.448060e-04,0.07639,0.4199
7984,5,1.447135e-04,0.08622,0.5258
7985,5,1.446209e-04,0.10727,0.4623
7986,5,1.445285e-04,0.12006,0.5766
7987,5,1.444360e-04,0.10954,0.6224
7988,5,1.443436e-04,0.10962,0.5555
7989,5,1.442512e-04,0.11734,0.7475
7990,5,1.441589e-04,0.10432,0.4490
7991,5,1.440666e-04,0.12916,0.5150
7992,5,1.439744e-04,0.09776,0.4621
7993,5,1.438822e-04,0.11825,0.7010
7994,5,1.437900e-04,0.09342,0.4444
7995,5,1.436979e-04,0.13164,0.5496
7996,5,1.436058e-04,0.10777,0.4667
7997,5,1.435138e-04,0.15551,0.5986
7998,5,1.434218e-04,0.15043,0.9026
7999,5,1.433298e-04,0.17436,0.6141
8000,5,1.432379e-04,0.17898,0.7888
8001,5,1.431460e-04,0.12604,0.5471
8002,5,1.430542e-04,0.10300,0.6998
8003,5,1.429624e-04,0.20872,0.6273
8004,5,1.428707e-04,0.16987,1.3387
8005,5,1.427789e-04,0.15077,0.5573
8006,5,1.426873e-04,0.11631,0.6039
8007,5,1.425956e-04,0.10226,0.4509
8008,5,1.425040e-04,0.15628,0.8911
8009,5,1.424125e-04,0.11163,0.6488
8010,5,1.423210e-04,0.13660,0.5639
8011,5,1.422295e-04,0.10294,0.6449
8012,5,1.421380e-04,0.12966,0.5186
8013,5,1.420467e-04,0.11869,0.5332
8014,5,1.419553e-04,0.13243,0.4949
8015,5,1.418640e-04,0.14296,0.9840
8016,5,1.417727e-04,0.11250,0.5432
8017,5,1.416815e-04,0.14824,0.5522
8018,5,1.415903e-04,0.08972,0.5150
8019,5,1.414991e-04,0.10324,0.4543
8020,5,1.414080e-04,0.13646,0.5190
8021,5,1.413170e-04,0.10503,0.5613
8022,5,1.412259e-04,0.12503,0.5281
8023,5,1.411350e-04,0.15318,0.7421
8024,5,1.410440e-04,0.13749,0.6958
8025,5,1.409531e-04,0.14835,0.6724
8026,5,1.408622e-04,0.12983,0.6980
8027,5,1.407714e-04,0.09249,0.6526
8028,5,1.406806e-04,0.11137,0.5428
8029,5,1.405899e-04,0.16617,0.6912
8030,5,1.404992e-04,0.08004,0.7015
8031,5,1.404085e-04,0.12367,0.5051
8032,5,1.403179e-04,0.13382,0.8783
8033,5,1.402273e-04,0.12373,0.4827
8034,5,1.401368e-04,0.14845,0.6798
8035,5,1.400463e-04,0.14295,0.5665
8036,5,1.399558e-04,0.08475,0.4233
8037,5,1.398654e-04,0.06019,0.3554
8038,5,1.397750e-04,0.11741,0.4989
8039,5,1.396847e-04,0.14009,0.5395
8040,5,1.395944e-04,0.07725,0.4500
8041,5,1.395041e-04,0.15184,0.9406
8042,5,1.394139e-04,0.08997,0.4682
8043,5,1.393237e-04,0.10900,0.7118
8044,5,1.392336e-04,0.14516,0.5864
8045,5,1.391435e-04,0.12484,0.5324
8046,5,1.390534e-04,0.20487,0.7307
8047,5,1.389634e-04,0.09576,0.3887
8048,5,1.388735e-04,0.11821,0.5024
8049,5,1.387835e-04,0.10982,0.5766
8050,5,1.386936e-04,0.12961,0.5370
8051,5,1.386038e-04,0.13510,0.7240
8052,5,1.385140e-04,0.12676,1.0673
8053,5,1.384242e-04,0.13703,0.4999
8054,5,1.383345e-04,0.09415,0.4557
8055,5,1.382448e-04,0.10080,0.8085
8056,5,1.381552e-04,0.11207,0.5712
8057,5,1.380656e-04,0.09401,0.5253
8058,5,1.379760e-04,0.14823,0.6189
8059,5,1.378865e-04,0.16340,0.5974
8060,5,1.377970e-04,0.07395,0.5439
8061,5,1.377076e-04,0.11048,0.7531
8062,5,1.376182e-04,0.12171,0.5094
8063,5,1.375288e-04,0.12744,0.5708
8064,5,1.374395e-04,0.12270,0.6313
8065,5,1.373502e-04,0.11339,0.4814
8066,5,1.372610e-04,0.08893,1.0545
8067,5,1.371718e-04,0.09716,0.5169
8068,5,1.370826e-04,0.15938,0.5714
8069,5,1.369935e-04,0.11025,0.5408
8070,5,1.369045e-04,0.13008,0.5074
8071,5,1.368154e-04,0.11812,0.5943
8072,5,1.367264e-04,0.07832,0.4523
8073,5,1.366375e-04,0.13401,0.5320
8074,5,1.365486e-04,0.10604,0.5083
8075,5,1.364597e-04,0.06908,0.3155
8076,5,1.363709e-04,0.10795,0.5697
8077,5,1.362821e-04,0.12985,0.5269
8078,5,1.361934e-04,0.15097,0.8214
8079,5,1.361047e-04,0.13735,1.1152
8080,5,1.360160e-04,0.08897,0.4650
8081,5,1.359274e-04,0.10255,0.4549
8082,5,1.358388e-04,0.09047,0.5714
8083,5,1.357503e-04,0.08394,0.4230
8084,5,1.356618e-04,0.10688,0.4702
8085,5,1.355733e-04,0.15169,0.5861
8086,5,1.354849e-04,0.06640,0.3449
8087,5,1.353965e-04,0.11820,0.4617
8088,5,1.353082e-04,0.08820,0.3981
8089,5,1.352199e-04,0.09735,0.5556
8090,5,1.351317e-04,0.12192,0.7460
8091,5,1.350435e-04,0.13521,0.5692
8092,5,1.349553e-04,0.08824,0.4752
8093,5,1.348672e-04,0.12502,0.9805
8094,5,1.347791e-04,0.10828,0.6701
8095,5,1.346911e-04,0.12175,1.0242
8096,5,1.346031e-04,0.06936,0.5504
8097,5,1.345151e-04,0.10789,0.4971
8098,5,1.344272e-04,0.12994,0.5528
8099,5,1.343393e-04,0.10394,0.4558
8100,5,1.342515e-04,0.16346,0.6321
8101,5,1.341637e-04,0.15315,0.5621
8102,5,1.340759e-04,0.09625,0.4875
8103,5,1.339882e-04,0.13124,0.4697
8104,5,1.339005e-04,0.12443,0.5222
8105,5,1.338129e-04,0.19400,0.7410
8106,5,1.337253e-04,0.12423,0.4473
8107,5,1.336378e-04,0.06747,0.4398
8108,5,1.335503e-04,0.15181,0.5664
8109,5,1.334628e-04,0.10860,0.4305
8110,5,1.333754e-04,0.17363,0.7030
8111,5,1.332880e-04,0.11152,0.5108
8112,5,1.332007e-04,0.11581,0.6600
8113,5,1.331134e-04,0.14278,0.5560
8114,5,1.330261e-04,0.10269,0.6716
8115,5,1.329389e-04,0.14417,0.5060
8116,5,1.328517e-04,0.12190,0.5838
8117,5,1.327646e-04,0.12187,0.6003
8118,5,1.326775e-04,0.15734,0.5481
8119,5,1.325904e-04,0.12801,0.5296
8120,5,1.325034e-04,0.11965,0.4982
8121,5,1.324165e-04,0.10358,0.6786
8122,5,1.323296e-04,0.07777,0.3754
8123,5,1.322427e-04,0.22098,0.7271
8124,5,1.321558e-04,0.10238,0.5773
8125,5,1.320690e-04,0.09714,0.4631
8126,5,1.319823e-04,0.06879,0.6251
8127,5,1.318956e-04,0.14359,0.5583
8128,5,1.318089e-04,0.10278,0.8144
8129,5,1.317222e-04,0.12261,0.9096
8130,5,1.316357e-04,0.13587,0.5940
8131,5,1.315491e-04,0.12997,0.4860
8132,5,1.314626e-04,0.12574,0.4662
8133,5,1.313761e-04,0.09202,0.4461
8134,5,1.312897e-04,0.15556,0.6601
8135,5,1.312033e-04,0.10080,0.6342
8136,5,1.311170e-04,0.14369,0.4804
8137,5,1.310307e-04,0.19934,1.4055
8138,5,1.309444e-04,0.13228,0.9430
8139,5,1.308582e-04,0.13455,0.5460
8140,5,1.307720e-04,0.10300,0.5418
8141,5,1.306859e-04,0.10193,0.7790
8142,5,1.305998e-04,0.12605,0.5832
8143,5,1.305137e-04,0.10735,0.6334
8144,5,1.304277e-04,0.08204,0.4130
8145,5,1.303418e-04,0.11185,0.4874
8146,5,1.302558e-04,0.12859,0.5525
8147,5,1.301700e-04,0.12335,0.8134
8148,5,1.300841e-04,0.12478,0.4950
8149,5,1.299983e-04,0.09322,0.5218
8150,5,1.299126e-04,0.09037,0.5275
8151,5,1.298268e-04,0.18704,0.6221
8152,5,1.297412e-04,0.13808,0.7119
8153,5,1.296555e-04,0.15573,0.5600
8154,5,1.295699e-04,0.12213,0.5041
8155,5,1.294844e-04,0.12701,0.5360
8156,5,1.293989e-04,0.09342,0.5614
8157,5,1.293134e-04,0.10699,0.6079
8158,5,1.292280e-04,0.11681,0.9102
8159,5,1.291426e-04,0.14933,0.6013
8160,5,1.290573e-04,0.12682,0.6307
8161,5,1.289720e-04,0.11323,0.4588
8162,5,1.288867e-04,0.14477,0.5590
8163,5,1.288015e-04,0.15507,0.6605
8164,5,1.287163e-04,0.14827,0.9057
8165,5,1.286312e-04,0.12682,0.5767
8166,5,1.285461e-04,0.09906,0.4537
8167,5,1.284611e-04,0.08926,0.6132
8168,5,1.283761e-04,0.12580,1.1027
8169,5,1.282911e-04,0.13798,0.9341
8170,5,1.282062e-04,0.08949,0.5933
8171,5,1.281213e-04,0.08872,0.6860
8172,5,1.280365e-04,0.10802,0.4503
8173,5,1.279517e-04,0.10775,0.5291
8174,5,1.278669e-04,0.09720,0.5142
8175,5,1.277822e-04,0.08597,0.3729
8176,5,1.276975e-04,0.10168,0.4986
8177,5,1.276129e-04,0.12194,0.5571
8178,5,1.275283e-04,0.15649,0.6977
8179,5,1.274438e-04,0.10786,0.5210
8180,5,1.273593e-04,0.17932,0.6221
8181,5,1.272748e-04,0.17512,0.6948
8182,5,1.271904e-04,0.11655,0.4853
8183,5,1.271060e-04,0.13672,0.5067
8184,5,1.270217e-04,0.16613,0.6149
8185,5,1.269374e-04,0.20697,0.6727
8186,5,1.268531e-04,0.13291,0.6705
8187,5,1.267689e-04,0.13430,0.4785
8188,5,1.266848e-04,0.12492,0.8867
8189,5,1.266006e-04,0.14979,0.9057
8190,5,1.265166e-04,0.11970,0.5793
8191,5,1.264325e-04,0.13303,0.5205
8192,5,1.263485e-04,0.16765,0.6548
8193,5,1.262646e-04,0.11639,0.4955
8194,5,1.261807e-04,0.10032,0.8189
8195,5,1.260968e-04,0.09856,0.5649
8196,5,1.260130e-04,0.13635,0.6590
8197,5,1.259292e-04,0.14633,0.7266
8198,5,1.258454e-04,0.13308,0.4865
8199,5,1.257617e-04,0.09780,0.4601
8200,5,1.256781e-04,0.11638,0.5426
8201,5,1.255945e-04,0.15900,0.5579
8202,5,1.255109e-04,0.12837,0.5493
8203,5,1.254273e-04,0.15548,0.8206
8204,5,1.253439e-04,0.09145,0.3720
8205,5,1.252604e-04,0.10920,0.4488
8206,5,1.251770e-04,0.13722,0.5323
8207,5,1.250936e-04,0.10861,0.7500
8208,5,1.250103e-04,0.12212,0.5340
8209,5,1.249270e-04,0.12452,0.7490
8210,5,1.248438e-04,0.13612,0.5204
8211,5,1.247606e-04,0.10055,0.5197
8212,5,1.246775e-04,0.13762,0.5877
8213,5,1.245943e-04,0.07436,0.3679
8214,5,1.245113e-04,0.10019,0.4670
8215,5,1.244283e-04,0.14942,0.6837
8216,5,1.243453e-04,0.10809,0.7046
8217,5,1.242623e-04,0.09562,0.4366
8218,5,1.241794e-04,0.12351,0.5443
8219,5,1.240966e-04,0.17250,0.6863
8220,5,1.240138e-04,0.11904,0.5795
8221,5,1.239310e-04,0.14871,0.8830
8222,5,1.238483e-04,0.13655,0.5910
8223,5,1.237656e-04,0.09578,0.4046
8224,5,1.236829e-04,0.12867,0.5156
8225,5,1.236003e-04,0.12753,0.6758
8226,5,1.235178e-04,0.11759,0.5594
8227,5,1.234353e-04,0.12800,0.5725
8228,5,1.233528e-04,0.10996,0.4758
8229,5,1.232704e-04,0.12004,0.5505
8230,5,1.231880e-04,0.09306,0.6946
8231,5,1.231056e-04,0.14753,0.5774
8232,5,1.230233e-04,0.08408,0.4799
8233,5,1.229411e-04,0.10657,0.7021
8234,5,1.228588e-04,0.14770,0.5900
8235,5,1.227767e-04,0.10676,0.7303
8236,5,1.226945e-04,0.12419,0.6260
8237,5,1.226124e-04,0.12690,0.7873
8238,5,1.225304e-04,0.14881,0.6907
8239,5,1.224484e-04,0.09918,0.8248
8240,5,1.223664e-04,0.12044,0.9366
8241,5,1.222845e-04,0.15262,0.6112
8242,5,1.222026e-04,0.10511,0.4992
8243,5,1.221208e-04,0.15904,0.7724
8244,5,1.220390e-04,0.09648,0.4832
8245,5,1.219572e-04,0.10855,0.7766
8246,5,1.218755e-04,0.08114,0.4228
8247,5,1.217939e-04,0.09753,0.6282
8248,5,1.217122e-04,0.10287,0.4573
8249,5,1.216307e-04,0.12036,0.5886
8250,5,1.215491e-04,0.11522,0.5453
8251,5,1.214676e-04,0.10764,0.4339
8252,5,1.213862e-04,0.10695,0.4678
8253,5,1.213048e-04,0.10669,0.4942
8254,5,1.212234e-04,0.12754,0.6530
8255,5,1.211421e-04,0.13666,0.6525
8256,5,1.210608e-04,0.17085,0.8119
8257,5,1.209796e-04,0.17958,0.7819
8258,5,1.208984e-04,0.13982,0.6746
8259,5,1.208172e-04,0.10815,0.4504
8260,5,1.207361e-04,0.08872,0.6226
8261,5,1.206550e-04,0.12056,0.6261
8262,5,1.205740e-04,0.13211,0.6198
8263,5,1.204930e-04,0.08795,0.4358
8264,5,1.204121e-04,0.11119,0.4847
8265,5,1.203312e-04,0.11419,0.6366
8266,5,1.202503e-04,0.12450,0.7295
8267,5,1.201695e-04,0.07485,0.4424
8268,5,1.200888e-04,0.12001,0.7196
8269,5,1.200080e-04,0.07988,0.5008
8270,5,1.199273e-04,0.11483,0.5504
8271,5,1.198467e-04,0.14843,0.6408
8272,5,1.197661e-04,0.12556,0.5672
8273,5,1.196856e-04,0.09050,0.4274
8274,5,1.196050e-04,0.08713,0.4375
8275,5,1.195246e-04,0.18786,0.5508
8276,5,1.194441e-04,0.13128,0.7113
8277,5,1.193638e-04,0.09633,0.3803
8278,5,1.192834e-04,0.13309,0.5221
8279,5,1.192031e-04,0.13760,0.6076
8280,5,1.191229e-04,0.09694,0.4368
8281,5,1.190427e-04,0.10033,0.6599
8282,5,1.189625e-04,0.08717,0.3762
8283,5,1.188824e-04,0.09674,0.4887
8284,5,1.188023e-04,0.08822,0.3868
8285,5,1.187222e-04,0.17089,0.5804
8286,5,1.186422e-04,0.12176,0.5197
8287,5,1.185623e-04,0.12483,0.5830
8288,5,1.184824e-04,0.09655,0.5817
8289,5,1.184025e-04,0.09410,0.4425
8290,5,1.183227e-04,0.10933,0.4592
8291,5,1.182429e-04,0.16342,0.6254
8292,5,1.181632e-04,0.07100,0.4991
8293,5,1.180835e-04,0.12327,0.5983
8294,5,1.180038e-04,0.09219,0.9740
8295,5,1.179242e-04,0.12238,1.0602
8296,5,1.178446e-04,0.15340,0.4692
8297,5,1.177651e-04,0.09357,0.4643
8298,5,1.176856e-04,0.11992,0.5208
8299,5,1.176062e-04,0.11625,0.5933
8300,5,1.175268e-04,0.08899,0.6025
8301,5,1.174475e-04,0.12019,0.9125
8302,5,1.173682e-04,0.09477,0.4977
8303,5,1.172889e-04,0.12792,0.5197
8304,5,1.172097e-04,0.16030,0.6913
8305,5,1.171305e-04,0.08080,0.3633
8306,5,1.170514e-04,0.10711,0.5313
8307,5,1.169723e-04,0.10852,0.4773
8308,5,1.168932e-04,0.13727,0.8037
8309,5,1.168142e-04,0.15808,0.8593
8310,5,1.167352e-04,0.18068,0.6572
8311,5,1.166563e-04,0.09503,0.3869
8312,5,1.165774e-04,0.07028,0.3653
8313,5,1.164986e-04,0.13207,0.5040
8314,5,1.164198e-04,0.10931,0.4629
8315,5,1.163411e-04,0.10518,0.4899
8316,5,1.162624e-04,0.10007,0.5556
8317,5,1.161837e-04,0.11438,0.5195
8318,5,1.161051e-04,0.09912,0.6169
8319,5,1.160265e-04,0.15336,1.0470
8320,5,1.159480e-04,0.11856,0.5536
8321,5,1.158695e-04,0.13091,0.5090
8322,5,1.157911e-04,0.11444,0.6571
8323,5,1.157126e-04,0.12949,0.5421
8324,5,1.156343e-04,0.11737,0.5425
8325,5,1.155560e-04,0.10763,0.6857
8326,5,1.154777e-04,0.14395,0.8763
8327,5,1.153995e-04,0.11341,0.4915
8328,5,1.153213e-04,0.09608,0.5009
8329,5,1.152431e-04,0.10048,0.7326
8330,5,1.151651e-04,0.11501,0.6481
8331,5,1.150870e-04,0.15586,0.6635
8332,5,1.150090e-04,0.10973,0.5156
8333,5,1.149310e-04,0.12312,0.4784
8334,5,1.148531e-04,0.15648,0.5310
8335,5,1.147752e-04,0.10826,0.4796
8336,5,1.146974e-04,0.17004,1.1677
8337,5,1.146196e-04,0.10035,0.4697
8338,5,1.145418e-04,0.11121,0.5359
8339,5,1.144641e-04,0.10752,0.5327
8340,5,1.143865e-04,0.13629,0.5406
8341,5,1.143088e-04,0.16283,0.5340
8342,5,1.142313e-04,0.08621,0.4044
8343,5,1.141537e-04,0.12550,0.7348
8344,5,1.140762e-04,0.11580,0.5345
8345,5,1.139988e-04,0.16041,0.5783
8346,5,1.139214e-04,0.10334,0.5353
8347,5,1.138440e-04,0.13658,0.5680
8348,5,1.137667e-04,0.12835,0.5332
8349,5,1.136894e-04,0.07754,0.4304
8350,5,1.136122e-04,0.10366,0.4872
8351,5,1.135350e-04,0.19443,0.6796
8352,5,1.134579e-04,0.10126,0.4623
8353,5,1.133808e-04,0.17059,0.6717
8354,5,1.133037e-04,0.10199,0.4912
8355,5,1.132267e-04,0.08601,0.4475
8356,5,1.131497e-04,0.11337,0.6238
8357,5,1.130728e-04,0.10554,0.4784
8358,5,1.129959e-04,0.11764,0.4369
8359,5,1.129191e-04,0.15266,0.7021
8360,5,1.128423e-04,0.10637,0.6063
8361,5,1.127655e-04,0.12071,0.5036
8362,5,1.126888e-04,0.14466,0.8158
8363,5,1.126122e-04,0.09668,0.4704
8364,5,1.125355e-04,0.09534,0.6391
8365,5,1.124590e-04,0.09323,0.3872
8366,5,1.123824e-04,0.10163,0.5486
8367,5,1.123059e-04,0.14272,0.6089
8368,5,1.122295e-04,0.08360,0.5421
8369,5,1.121531e-04,0.12436,0.4578
8370,5,1.120767e-04,0.12220,0.7526
8371,5,1.120004e-04,0.12168,0.5415
8372,5,1.119241e-04,0.10387,0.5179
8373,5,1.118479e-04,0.15188,0.7907
8374,5,1.117717e-04,0.09897,0.6470
8375,5,1.116956e-04,0.14277,0.6627
8376,5,1.116195e-04,0.16390,0.7646
8377,5,1.115434e-04,0.10636,0.5527
8378,5,1.114674e-04,0.08522,0.3884
8379,5,1.113915e-04,0.12125,0.7840
8380,5,1.113155e-04,0.13067,1.0939
8381,5,1.112397e-04,0.08698,0.3934
8382,5,1.111638e-04,0.10534,0.4406
8383,5,1.110880e-04,0.14127,0.6255
8384,5,1.110123e-04,0.13976,0.5124
8385,5,1.109366e-04,0.11506,0.6105
8386,5,1.108609e-04,0.14253,0.6234
8387,5,1.107853e-04,0.10940,0.6615
8388,5,1.107097e-04,0.12869,0.5800
8389,5,1.106342e-04,0.11448,0.8126
8390,5,1.105587e-04,0.14000,0.6781
8391,5,1.104833e-04,0.09161,0.4789
8392,5,1.104079e-04,0.16027,0.5808
8393,5,1.103325e-04,0.11192,0.7062
8394,5,1.102572e-04,0.14581,0.6610
8395,5,1.101820e-04,0.10996,0.4667
8396,5,1.101068e-04,0.07607,0.4375
8397,5,1.100316e-04,0.12234,0.5561
8398,5,1.099564e-04,0.14658,0.5580
8399,5,1.098814e-04,0.11927,0.4810
8400,5,1.098063e-04,0.15270,0.5195
8401,5,1.097313e-04,0.13018,0.6645
8402,5,1.096563e-04,0.14727,0.5600
8403,5,1.095814e-04,0.20329,0.6966
8404,5,1.095066e-04,0.11170,0.4752
8405,5,1.094317e-04,0.11824,0.7528
8406,5,1.093570e-04,0.12996,0.4554
8407,5,1.092822e-04,0.08856,0.3950
8408,5,1.092075e-04,0.08027,0.4428
8409,5,1.091329e-04,0.11234,0.4345
8410,5,1.090583e-04,0.09784,0.4478
8411,5,1.089837e-04,0.11383,0.5667
8412,5,1.089092e-04,0.10785,0.4559
8413,5,1.088347e-04,0.13963,0.8243
8414,5,1.087603e-04,0.08874,0.4246
8415,5,1.086859e-04,0.10205,0.4138
8416,5,1.086116e-04,0.15479,0.6024
8417,5,1.085373e-04,0.12153,0.5909
8418,5,1.084630e-04,0.12290,0.7283
8419,5,1.083888e-04,0.10706,0.4617
8420,5,1.083146e-04,0.13135,0.5467
8421,5,1.082405e-04,0.12732,0.5005
8422,5,1.081664e-04,0.10592,0.4845
8423,5,1.080924e-04,0.12513,0.5262
8424,5,1.080184e-04,0.16416,0.5527
8425,5,1.079445e-04,0.11611,0.6264
8426,5,1.078705e-04,0.17556,0.6577
8427,5,1.077967e-04,0.14962,0.7735
8428,5,1.077229e-04,0.12915,0.5012
8429,5,1.076491e-04,0.11054,0.5144
8430,5,1.075754e-04,0.15998,0.8039
8431,5,1.075017e-04,0.09416,0.4595
8432,5,1.074281e-04,0.13604,0.6536
8433,5,1.073545e-04,0.15743,0.5800
8434,5,1.072809e-04,0.11283,0.7267
8435,5,1.072074e-04,0.09896,0.8608
8436,5,1.071340e-04,0.15518,0.8220
8437,5,1.070605e-04,0.16252,0.5937
8438,5,1.069872e-04,0.11965,0.5708
8439,5,1.069138e-04,0.14766,0.6653
8440,5,1.068406e-04,0.15493,0.6452
8441,5,1.067673e-04,0.13143,0.4925
8442,5,1.066941e-04,0.08423,0.4837
8443,5,1.066210e-04,0.16440,0.7628
8444,5,1.065479e-04,0.07596,0.4053
8445,5,1.064748e-04,0.19015,0.5977
8446,5,1.064018e-04,0.15239,0.5799
8447,5,1.063288e-04,0.09649,0.5922
8448,5,1.062559e-04,0.10678,0.6235
8449,5,1.061830e-04,0.10577,0.4678
8450,5,1.061102e-04,0.09271,0.5743
8451,5,1.060374e-04,0.10563,0.5020
8452,5,1.059646e-04,0.13740,0.7257
8453,5,1.058919e-04,0.11590,0.4717
8454,5,1.058192e-04,0.06353,0.3721
8455,5,1.057466e-04,0.12370,0.4974
8456,5,1.056740e-04,0.11046,0.7141
8457,5,1.056015e-04,0.14010,0.7337
8458,5,1.055290e-04,0.12339,0.4983
8459,5,1.054566e-04,0.12902,0.5343
8460,5,1.053842e-04,0.08543,0.6294
8461,5,1.053118e-04,0.12516,0.5366
8462,5,1.052395e-04,0.16364,0.6388
8463,5,1.051672e-04,0.12089,0.6209
8464,5,1.050950e-04,0.16692,0.5955
8465,5,1.050229e-04,0.11393,0.6955
8466,5,1.049507e-04,0.09466,0.5591
8467,5,1.048786e-04,0.13190,0.5692
8468,5,1.048066e-04,0.17174,0.8408
8469,5,1.047346e-04,0.13330,0.6595
8470,5,1.046626e-04,0.11941,0.4652
8471,5,1.045907e-04,0.13512,0.8157
8472,5,1.045189e-04,0.10594,0.5568
8473,5,1.044470e-04,0.09666,0.5117
8474,5,1.043753e-04,0.11089,0.6345
8475,5,1.043035e-04,0.08868,0.4406
8476,5,1.042318e-04,0.15346,0.5825
8477,5,1.041602e-04,0.11371,0.5104
8478,5,1.040886e-04,0.11303,0.6404
8479,5,1.040171e-04,0.14345,0.7030
8480,5,1.039455e-04,0.11872,0.8593
8481,5,1.038741e-04,0.10792,0.8244
8482,5,1.038027e-04,0.13818,0.6091
8483,5,1.037313e-04,0.14479,0.8293
8484,5,1.036599e-04,0.09709,0.7011
8485,5,1.035887e-04,0.13503,0.7004
8486,5,1.035174e-04,0.13552,0.5814
8487,5,1.034462e-04,0.13260,1.1600
8488,5,1.033751e-04,0.11713,0.5226
8489,5,1.033040e-04,0.09243,0.6121
8490,5,1.032329e-04,0.14132,0.7515
8491,5,1.031619e-04,0.11897,1.2711
8492,5,1.030909e-04,0.14677,0.6063
8493,5,1.030200e-04,0.13821,0.7590
8494,5,1.029491e-04,0.09156,0.4018
8495,5,1.028782e-04,0.15383,1.1630
8496,5,1.028075e-04,0.12408,0.5106
8497,5,1.027367e-04,0.15271,0.6052
8498,5,1.026660e-04,0.12869,0.4750
8499,5,1.025953e-04,0.07503,0.5138
8500,5,1.025247e-04,0.11830,0.7472
8501,5,1.024541e-04,0.09299,0.4965
8502,5,1.023836e-04,0.13325,1.0191
8503,5,1.023131e-04,0.10680,0.5618
8504,5,1.022427e-04,0.14498,0.5173
8505,5,1.021723e-04,0.10054,0.5215
8506,5,1.021019e-04,0.15136,0.5325
8507,5,1.020316e-04,0.14183,0.6696
8508,5,1.019614e-04,0.06348,0.4600
8509,5,1.018912e-04,0.07890,0.5257
8510,5,1.018210e-04,0.13163,0.9007
8511,5,1.017509e-04,0.14221,1.1203
8512,5,1.016808e-04,0.12235,0.6303
8513,5,1.016108e-04,0.10385,0.4570
8514,5,1.015408e-04,0.09739,0.6394
8515,5,1.014708e-04,0.09925,0.5140
8516,5,1.014009e-04,0.10252,0.5526
8517,5,1.013311e-04,0.09957,0.4635
8518,5,1.012612e-04,0.08216,0.4837
8519,5,1.011915e-04,0.08362,0.5977
8520,5,1.011217e-04,0.08527,0.5402
8521,5,1.010521e-04,0.17302,0.6483
8522,5,1.009824e-04,0.14897,0.6290
8523,5,1.009128e-04,0.15332,0.5556
8524,5,1.008433e-04,0.15626,0.5923
8525,5,1.007738e-04,0.16205,0.5566
8526,5,1.007044e-04,0.15448,0.6267
8527,5,1.006349e-04,0.08438,0.4165
8528,5,1.005656e-04,0.13044,0.6053
8529,5,1.004963e-04,0.14341,0.5437
8530,5,1.004270e-04,0.12292,0.5567
8531,5,1.003578e-04,0.12878,0.6853
8532,5,1.002886e-04,0.13669,0.5189
8533,5,1.002194e-04,0.13874,0.7869
8534,5,1.001503e-04,0.12019,0.4649
8535,5,1.000813e-04,0.12785,0.5225
8536,5,1.000123e-04,0.12627,0.6556
8537,5,9.994332e-05,0.13403,1.0954
8538,5,9.987441e-05,0.09528,0.5477
8539,5,9.980554e-05,0.14018,0.9611
8540,5,9.973671e-05,0.14474,0.5542
8541,5,9.966793e-05,0.07789,0.5636
8542,5,9.959920e-05,0.11249,0.5323
8543,5,9.953050e-05,0.09334,0.3964
8544,5,9.946186e-05,0.09354,0.6071
8545,5,9.939326e-05,0.14492,0.6067
8546,5,9.932470e-05,0.10436,0.4999
8547,5,9.925619e-05,0.09758,0.6028
8548,5,9.918773e-05,0.06999,0.4224
8549,5,9.911931e-05,0.11544,0.5345
8550,5,9.905093e-05,0.12772,0.4926
8551,5,9.898260e-05,0.10633,0.4395
8552,5,9.891432e-05,0.12100,0.7452
8553,5,9.884608e-05,0.16006,0.5411
8554,5,9.877788e-05,0.12588,0.5660
8555,5,9.870973e-05,0.12620,0.6306
8556,5,9.864163e-05,0.10775,0.6752
8557,5,9.857357e-05,0.08927,0.5131
8558,5,9.850555e-05,0.10843,0.6962
8559,5,9.843758e-05,0.08333,0.4741
8560,5,9.836966e-05,0.13673,0.6004
8561,5,9.830178e-05,0.11181,0.6904
8562,5,9.823394e-05,0.13041,0.4951
8563,5,9.816615e-05,0.12867,0.5988
8564,5,9.809841e-05,0.12849,0.8742
8565,5,9.803071e-05,0.13610,0.5677
8566,5,9.796306e-05,0.13525,0.8469
8567,5,9.789545e-05,0.22171,0.6771
8568,5,9.782788e-05,0.12784,0.7410
8569,5,9.776036e-05,0.08899,0.5402
8570,5,9.769289e-05,0.10637,0.5079
8571,5,9.762546e-05,0.10211,0.4889
8572,5,9.755808e-05,0.06357,0.3443
8573,5,9.749074e-05,0.11942,0.4777
8574,5,9.742345e-05,0.12984,0.5927
8575,5,9.735620e-05,0.16390,0.7191
8576,5,9.728900e-05,0.10348,0.6040
8577,5,9.722184e-05,0.13934,0.5190
8578,5,9.715473e-05,0.18995,0.6441
8579,5,9.708766e-05,0.12175,0.5283
8580,5,9.702064e-05,0.12135,0.5919
8581,5,9.695367e-05,0.13391,0.4903
8582,5,9.688674e-05,0.15102,0.5850
8583,5,9.681985e-05,0.07846,0.4489
8584,5,9.675301e-05,0.09432,0.4656
8585,5,9.668622e-05,0.07961,0.4998
8586,5,9.661947e-05,0.09780,0.5723
8587,5,9.655276e-05,0.13619,0.5335
8588,5,9.648610e-05,0.10883,0.5061
8589,5,9.641949e-05,0.13623,0.5809
8590,5,9.635292e-05,0.10174,0.4708
8591,5,9.628640e-05,0.08981,0.5455
8592,5,9.621992e-05,0.13943,0.6286
8593,5,9.615349e-05,0.08824,0.4304
8594,5,9.608710e-05,0.13029,0.5588
8595,5,9.602076e-05,0.08171,0.5671
8596,5,9.595446e-05,0.11985,0.5715
8597,5,9.588821e-05,0.11183,0.5145
8598,5,9.582200e-05,0.10658,0.5298
8599,5,9.575584e-05,0.13260,0.5169
8600,5,9.568973e-05,0.10528,0.5395
8601,5,9.562366e-05,0.13476,0.6634
8602,5,9.555764e-05,0.07814,0.3693
8603,5,9.549166e-05,0.12602,0.5429
8604,5,9.542572e-05,0.13435,0.9016
8605,5,9.535984e-05,0.12042,0.4607
8606,5,9.529399e-05,0.10697,0.7002
8607,5,9.522820e-05,0.11471,0.5323
8608,5,9.516244e-05,0.14178,0.4956
8609,5,9.509674e-05,0.13275,0.9142
8610,5,9.503108e-05,0.08529,0.4469
8611,5,9.496546e-05,0.18732,0.6495
8612,5,9.489989e-05,0.10629,0.5096
8613,5,9.483437e-05,0.15148,0.6548
8614,5,9.476889e-05,0.12520,0.8562
8615,5,9.470345e-05,0.13450,0.5253
8616,5,9.463807e-05,0.17339,1.2715
8617,5,9.457272e-05,0.14056,0.6220
8618,5,9.450743e-05,0.13492,0.8961
8619,5,9.444218e-05,0.15616,0.6518
8620,5,9.437697e-05,0.13284,0.7361
8621,5,9.431181e-05,0.09942,0.5070
8622,5,9.424669e-05,0.10174,0.5321
8623,5,9.418163e-05,0.14280,0.5824
8624,5,9.411660e-05,0.10485,0.5384
8625,5,9.405162e-05,0.13862,0.7822
8626,5,9.398669e-05,0.14614,0.6182
8627,5,9.392180e-05,0.12935,0.5101
8628,5,9.385696e-05,0.17987,0.7534
8629,5,9.379217e-05,0.10402,0.4039
8630,5,9.372742e-05,0.17975,0.6430
8631,5,9.366271e-05,0.09175,0.4422
8632,5,9.359805e-05,0.12605,0.6140
8633,5,9.353344e-05,0.12558,0.7123
8634,5,9.346887e-05,0.07033,0.8008
8635,5,9.340435e-05,0.12033,0.6558
8636,5,9.333987e-05,0.13764,0.9525
8637,5,9.327544e-05,0.08909,0.4747
8638,5,9.321106e-05,0.15909,0.6489
8639,5,9.314672e-05,0.16380,0.5777
8640,5,9.308242e-05,0.11803,1.1111
8641,5,9.301817e-05,0.15823,0.7911
8642,5,9.295397e-05,0.12455,0.5594
8643,5,9.288981e-05,0.07659,0.4582
8644,5,9.282570e-05,0.11613,0.5153
8645,5,9.276164e-05,0.12018,0.6799
8646,5,9.269762e-05,0.14911,0.8235
8647,5,9.263364e-05,0.13646,0.6370
8648,5,9.256971e-05,0.12847,0.5835
8649,5,9.250583e-05,0.11236,0.5639
8650,5,9.244199e-05,0.16177,0.6033
8651,5,9.237820e-05,0.12048,0.5454
8652,5,9.231446e-05,0.14203,1.1356
8653,5,9.225076e-05,0.12502,0.5254
8654,5,9.218710e-05,0.11693,0.5567
8655,5,9.212349e-05,0.08660,0.4868
8656,5,9.205993e-05,0.12691,0.7412
8657,5,9.199641e-05,0.09317,0.5076
8658,5,9.193294e-05,0.10411,0.5156
8659,5,9.186952e-05,0.11567,0.5154
8660,5,9.180614e-05,0.10055,0.5928
8661,5,9.174280e-05,0.10143,0.6085
8662,5,9.167952e-05,0.12996,0.4566
8663,5,9.161627e-05,0.11736,0.9570
8664,5,9.155308e-05,0.15971,0.5369
8665,5,9.148993e-05,0.12841,0.6133
8666,5,9.142682e-05,0.10396,0.4442
8667,5,9.136376e-05,0.09034,0.4273
8668,5,9.130075e-05,0.11774,0.8373
8669,5,9.123778e-05,0.14348,0.7560
8670,5,9.117486e-05,0.09879,0.5056
8671,5,9.111199e-05,0.11449,0.7111
8672,5,9.104916e-05,0.11273,0.5559
8673,5,9.098637e-05,0.11257,0.5135
8674,5,9.092364e-05,0.10335,0.6616
8675,5,9.086094e-05,0.10144,0.4377
8676,5,9.079830e-05,0.08187,0.4055
8677,5,9.073570e-05,0.13738,1.0069
8678,5,9.067314e-05,0.13936,0.5756
8679,5,9.061064e-05,0.12299,0.6359
8680,5,9.054817e-05,0.11720,0.7979
8681,5,9.048576e-05,0.13226,0.4949
8682,5,9.042339e-05,0.08653,0.4607
8683,5,9.036106e-05,0.08757,0.4249
8684,5,9.029878e-05,0.12196,0.6414
8685,5,9.023655e-05,0.17687,0.7472
8686,5,9.017436e-05,0.13761,0.6971
8687,5,9.011222e-05,0.10869,0.5082
8688,5,9.005013e-05,0.09020,0.4713
8689,5,8.998808e-05,0.13560,0.5291
8690,5,8.992608e-05,0.11374,0.6820
8691,5,8.986412e-05,0.12632,0.9174
8692,5,8.980221e-05,0.09159,0.8295
8693,5,8.974035e-05,0.06445,0.4342
8694,5,8.967853e-05,0.12192,0.4735
8695,5,8.961675e-05,0.15374,0.6346
8696,5,8.955503e-05,0.13821,0.5789
8697,5,8.949335e-05,0.15115,0.8859
8698,5,8.943171e-05,0.10739,0.5715
8699,5,8.937012e-05,0.12063,0.4407
8700,5,8.930858e-05,0.12606,0.4463
8701,5,8.924709e-05,0.10892,0.6474
8702,5,8.918563e-05,0.11285,0.6631
8703,5,8.912423e-05,0.09898,0.5054
8704,5,8.906287e-05,0.17383,0.8525
8705,5,8.900156e-05,0.12002,0.4504
8706,5,8.894029e-05,0.13357,0.5883
8707,5,8.887907e-05,0.12262,0.5356
8708,5,8.881790e-05,0.13219,0.5544
8709,5,8.875677e-05,0.11428,0.5165
8710,5,8.869569e-05,0.15118,0.7795
8711,5,8.863466e-05,0.11201,0.8432
8712,5,8.857367e-05,0.13893,0.6242
8713,5,8.851272e-05,0.10656,0.5457
8714,5,8.845183e-05,0.07960,0.4605
8715,5,8.839098e-05,0.13596,0.9882
8716,5,8.833017e-05,0.10442,0.4924
8717,5,8.826941e-05,0.14736,0.5970
8718,5,8.820870e-05,0.06234,0.3774
8719,5,8.814803e-05,0.12049,0.6679
8720,5,8.808741e-05,0.12147,0.4914
8721,5,8.802684e-05,0.17065,0.8595
8722,5,8.796631e-05,0.10039,0.5006
8723,5,8.790583e-05,0.13721,0.7314
8724,5,8.784540e-05,0.08422,0.4190
8725,5,8.778501e-05,0.13217,0.5849
8726,5,8.772467e-05,0.14203,0.5977
8727,5,8.766437e-05,0.12171,0.6487
8728,5,8.760412e-05,0.11891,0.5012
8729,5,8.754391e-05,0.14160,1.0951
8730,5,8.748376e-05,0.15476,0.6296
8731,5,8.742365e-05,0.09030,0.3404
8732,5,8.736358e-05,0.15548,0.6349
8733,5,8.730356e-05,0.08762,0.4862
8734,5,8.724359e-05,0.17276,0.5623
8735,5,8.718366e-05,0.14106,0.7488
8736,5,8.712378e-05,0.09821,0.4864
8737,5,8.706395e-05,0.13567,0.6339
8738,5,8.700416e-05,0.18710,0.7031
8739,5,8.694442e-05,0.10252,0.5209
8740,5,8.688472e-05,0.10520,0.5044
8741,5,8.682508e-05,0.07826,0.4256
8742,5,8.676547e-05,0.13257,0.7165
8743,5,8.670592e-05,0.10973,0.5512
8744,5,8.664641e-05,0.10044,0.4013
8745,5,8.658694e-05,0.07233,0.6344
8746,5,8.652753e-05,0.17992,0.7097
8747,5,8.646816e-05,0.10746,0.6595
8748,5,8.640883e-05,0.10009,0.4669
8749,5,8.634955e-05,0.07858,0.3819
8750,5,8.629032e-05,0.15278,0.6108
8751,5,8.623114e-05,0.08988,0.6639
8752,5,8.617200e-05,0.07728,0.4127
8753,5,8.611291e-05,0.13341,0.7028
8754,5,8.605386e-05,0.11470,0.5072
8755,5,8.599486e-05,0.13364,0.4985
8756,5,8.593591e-05,0.15720,0.6721
8757,5,8.587700e-05,0.15520,0.6351
8758,5,8.581814e-05,0.09579,0.5009
8759,5,8.575933e-05,0.11806,0.4754
8760,5,8.570056e-05,0.12889,0.5038
8761,5,8.564184e-05,0.13773,0.9236
8762,5,8.558317e-05,0.06401,0.3608
8763,5,8.552454e-05,0.13668,0.5400
8764,5,8.546596e-05,0.15051,0.5827
8765,5,8.540742e-05,0.10128,0.5266
8766,5,8.534893e-05,0.12194,0.6197
8767,5,8.529049e-05,0.10838,0.7801
8768,5,8.523209e-05,0.19186,0.7420
8769,5,8.517375e-05,0.16839,1.0119
8770,5,8.511544e-05,0.13096,0.4990
8771,5,8.505719e-05,0.11713,0.4847
8772,5,8.499898e-05,0.14827,0.6776
8773,5,8.494081e-05,0.10889,0.8215
8774,5,8.488270e-05,0.06409,0.3872
8775,5,8.482463e-05,0.12962,0.4816
8776,5,8.476660e-05,0.12042,0.5600
8777,5,8.470863e-05,0.15627,0.6956
8778,5,8.465070e-05,0.13239,0.6183
8779,5,8.459281e-05,0.14291,0.5612
8780,5,8.453497e-05,0.11206,0.5561
8781,5,8.447718e-05,0.10152,0.4724
8782,5,8.441944e-05,0.13392,0.5005
8783,5,8.436174e-05,0.12325,0.6913
8784,5,8.430409e-05,0.15199,0.6392
8785,5,8.424649e-05,0.11972,1.0338
8786,5,8.418893e-05,0.10188,0.6351
8787,5,8.413142e-05,0.12882,0.6790
8788,5,8.407395e-05,0.13832,0.5278
8789,5,8.401654e-05,0.07459,0.4074
8790,5,8.395916e-05,0.16402,0.9546
8791,5,8.390184e-05,0.09068,0.7693
8792,5,8.384456e-05,0.11123,0.6070
8793,5,8.378733e-05,0.19623,0.8217
8794,5,8.373014e-05,0.10362,0.6852
8795,5,8.367301e-05,0.14561,0.5763
8796,5,8.361591e-05,0.16193,0.6456
8797,5,8.355887e-05,0.14757,0.6791
8798,5,8.350187e-05,0.08666,0.4279
8799,5,8.344492e-05,0.10658,0.6223
8800,5,8.338802e-05,0.14136,0.5494
8801,5,8.333116e-05,0.16604,0.6042
8802,5,8.327435e-05,0.11567,0.4861
8803,5,8.321758e-05,0.18664,0.6290
8804,5,8.316086e-05,0.12089,0.8436
8805,5,8.310419e-05,0.11197,0.6614
8806,5,8.304757e-05,0.16787,0.6940
8807,5,8.299099e-05,0.11954,0.5236
8808,5,8.293446e-05,0.16260,1.3852
8809,5,8.287797e-05,0.13597,0.5969
8810,5,8.282154e-05,0.10096,0.9280
8811,5,8.276515e-05,0.16090,0.5633
8812,5,8.270880e-05,0.12273,0.9440
8813,5,8.265250e-05,0.09598,0.5644
8814,5,8.259625e-05,0.15077,0.5439
8815,5,8.254005e-05,0.11710,0.8230
8816,5,8.248389e-05,0.09334,0.4782
8817,5,8.242778e-05,0.11318,0.7015
8818,5,8.237172e-05,0.12819,0.7369
8819,5,8.231570e-05,0.11277,0.5244
8820,5,8.225973e-05,0.09881,0.6590
8821,5,8.220381e-05,0.12756,0.4288
8822,5,8.214793e-05,0.12660,0.5846
8823,5,8.209210e-05,0.12065,0.6783
8824,5,8.203632e-05,0.13696,0.5476
8825,5,8.198058e-05,0.11227,0.8854
8826,5,8.192490e-05,0.08678,0.4829
8827,5,8.186925e-05,0.10134,0.6195
8828,5,8.181366e-05,0.12215,0.5107
8829,5,8.175811e-05,0.11477,0.5285
8830,5,8.170261e-05,0.12702,0.8262
8831,5,8.164715e-05,0.11060,0.4551
8832,5,8.159175e-05,0.12328,0.5169
8833,5,8.153638e-05,0.08942,0.4575
8834,5,8.148107e-05,0.15031,0.7236
8835,5,8.142580e-05,0.09235,0.5051
8836,5,8.137058e-05,0.10332,0.4075
8837,5,8.131541e-05,0.12695,0.6349
8838,5,8.126028e-05,0.10360,0.7828
8839,5,8.120520e-05,0.08051,0.5768
8840,5,8.115017e-05,0.07560,0.3567
8841,5,8.109518e-05,0.10065,0.4936
8842,5,8.104025e-05,0.12467,1.0469
8843,5,8.098535e-05,0.12080,0.5892
8844,5,8.093051e-05,0.13305,0.9705
8845,5,8.087571e-05,0.09760,0.4323
8846,5,8.082096e-05,0.19715,0.5993
8847,5,8.076626e-05,0.15925,0.5228
8848,5,8.071160e-05,0.15169,0.6045
8849,5,8.065699e-05,0.12944,0.9167
8850,5,8.060243e-05,0.10642,0.8472
8851,5,8.054791e-05,0.08288,0.4254
8852,5,8.049344e-05,0.11569,0.7503
8853,5,8.043902e-05,0.10376,0.7903
8854,5,8.038464e-05,0.08965,0.4378
8855,5,8.033031e-05,0.12614,0.6741
8856,5,8.027603e-05,0.13490,0.5185
8857,5,8.022180e-05,0.13740,0.6373
8858,5,8.016761e-05,0.15649,1.1418
8859,5,8.011347e-05,0.10165,0.4566
8860,5,8.005938e-05,0.14575,0.5889
8861,5,8.000533e-05,0.08933,0.3940
8862,5,7.995133e-05,0.12362,0.5602
8863,5,7.989738e-05,0.08924,0.4421
8864,5,7.984348e-05,0.11437,0.4990
8865,5,7.978962e-05,0.13169,0.5552
8866,5,7.973581e-05,0.09306,0.5104
8867,5,7.968204e-05,0.10250,0.4543
8868,5,7.962833e-05,0.10270,0.6322
8869,5,7.957466e-05,0.12251,0.6827
8870,5,7.952104e-05,0.09524,0.7980
8871,5,7.946746e-05,0.06468,0.3663
8872,5,7.941393e-05,0.11464,0.4900
8873,5,7.936045e-05,0.14972,0.8054
8874,5,7.930702e-05,0.12128,0.8705
8875,5,7.925363e-05,0.08076,0.4102
8876,5,7.920029e-05,0.09646,0.4375
8877,5,7.914700e-05,0.10158,0.4930
8878,5,7.909375e-05,0.11204,0.6371
8879,5,7.904055e-05,0.15340,0.8954
8880,5,7.898740e-05,0.13174,0.6584
8881,5,7.893430e-05,0.08896,0.5885
8882,5,7.888124e-05,0.16300,0.6382
8883,5,7.882823e-05,0.12640,0.6388
8884,5,7.877527e-05,0.10964,0.4720
8885,5,7.872236e-05,0.09246,0.5291
8886,5,7.866949e-05,0.10138,0.4892
8887,5,7.861667e-05,0.11568,0.5044
8888,5,7.856389e-05,0.11109,0.5487
8889,5,7.851117e-05,0.11777,0.6360
8890,5,7.845849e-05,0.17971,0.9619
8891,5,7.840585e-05,0.10449,0.5703
8892,5,7.835327e-05,0.12602,0.5067
8893,5,7.830073e-05,0.10715,0.4965
8894,5,7.824824e-05,0.12888,0.5869
8895,5,7.819580e-05,0.09201,0.4432
8896,5,7.814340e-05,0.14974,0.5840
8897,5,7.809105e-05,0.16313,0.5728
8898,5,7.803875e-05,0.18921,0.6103
8899,5,7.798650e-05,0.14193,0.6008
8900,5,7.793429e-05,0.12955,0.7404
8901,5,7.788213e-05,0.11211,0.4104
8902,5,7.783002e-05,0.15516,0.6340
8903,5,7.777795e-05,0.07525,0.3761
8904,5,7.772593e-05,0.18999,1.1153
8905,5,7.767396e-05,0.12059,0.7811
8906,5,7.762204e-05,0.09799,0.5207
8907,5,7.757016e-05,0.12602,0.5689
8908,5,7.751834e-05,0.14084,0.6948
8909,5,7.746655e-05,0.11518,0.5425
8910,5,7.741482e-05,0.12656,0.5272
8911,5,7.736313e-05,0.12540,0.5450
8912,5,7.731149e-05,0.11207,0.6313
8913,5,7.725990e-05,0.14713,0.5247
8914,5,7.720836e-05,0.05675,0.3537
8915,5,7.715686e-05,0.11591,0.4776
8916,5,7.710541e-05,0.11390,0.5825
8917,5,7.705401e-05,0.08048,0.8043
8918,5,7.700265e-05,0.12766,0.5178
8919,5,7.695134e-05,0.12395,0.4769
8920,5,7.690008e-05,0.14649,0.7906
8921,5,7.684887e-05,0.11725,0.5180
8922,5,7.679770e-05,0.09823,0.5236
8923,5,7.674658e-05,0.12307,0.5090
8924,5,7.669551e-05,0.13520,0.6535
8925,5,7.664449e-05,0.15230,0.4913
8926,5,7.659351e-05,0.09977,0.4533
8927,5,7.654258e-05,0.10366,0.4406
8928,5,7.649170e-05,0.08769,0.4876
8929,5,7.644087e-05,0.13365,0.9549
8930,5,7.639008e-05,0.13325,0.8504
8931,5,7.633934e-05,0.16478,0.6750
8932,5,7.628865e-05,0.13892,0.5457
8933,5,7.623800e-05,0.16289,0.8260
8934,5,7.618741e-05,0.16017,0.6418
8935,5,7.613686e-05,0.11641,0.7915
8936,5,7.608636e-05,0.14156,0.5070
8937,5,7.603590e-05,0.10173,0.4574
8938,5,7.598549e-05,0.07204,0.3866
8939,5,7.593513e-05,0.13319,0.8147
8940,5,7.588482e-05,0.11293,0.5640
8941,5,7.583456e-05,0.14015,0.6964
8942,5,7.578434e-05,0.14020,0.5857
8943,5,7.573417e-05,0.15592,0.5372
8944,5,7.568405e-05,0.10843,0.4597
8945,5,7.563397e-05,0.08497,0.4230
8946,5,7.558395e-05,0.21698,0.7617
8947,5,7.553397e-05,0.12129,0.5291
8948,5,7.548403e-05,0.14119,0.6360
8949,5,7.543415e-05,0.11750,0.4877
8950,5,7.538431e-05,0.11016,0.4989
8951,5,7.533452e-05,0.08709,0.5639
8952,5,7.528478e-05,0.13756,0.5487
8953,5,7.523509e-05,0.11093,0.4933
8954,5,7.518544e-05,0.15878,0.6491
8955,5,7.513584e-05,0.13024,0.6937
8956,5,7.508629e-05,0.10823,0.4989
8957,5,7.503678e-05,0.10324,0.4921
8958,5,7.498733e-05,0.10624,0.4373
8959,5,7.493792e-05,0.15281,0.5756
8960,5,7.488856e-05,0.11974,0.6653
8961,5,7.483924e-05,0.10366,0.5271
8962,5,7.478998e-05,0.10244,0.4516
8963,5,7.474076e-05,0.10707,0.4379
8964,5,7.469159e-05,0.14815,0.7200
8965,5,7.464246e-05,0.11468,0.5019
8966,5,7.459339e-05,0.09030,0.4646
8967,5,7.454436e-05,0.11951,0.5080
8968,5,7.449538e-05,0.15275,0.9915
8969,5,7.444644e-05,0.16560,0.6804
8970,5,7.439756e-05,0.10531,0.8058
8971,5,7.434872e-05,0.10917,0.7313
8972,5,7.429993e-05,0.14716,0.6346
8973,5,7.425119e-05,0.12646,0.4822
8974,5,7.420249e-05,0.16272,0.6344
8975,5,7.415385e-05,0.09161,0.5540
8976,5,7.410525e-05,0.12637,0.5660
8977,5,7.405669e-05,0.13535,0.6456
8978,5,7.400819e-05,0.10214,0.4406
8979,5,7.395973e-05,0.11818,0.4800
8980,5,7.391132e-05,0.10700,0.4841
8981,5,7.386296e-05,0.20651,0.6220
8982,5,7.381465e-05,0.11851,0.5475
8983,5,7.376638e-05,0.12816,1.0609
8984,5,7.371817e-05,0.12951,0.5006
8985,5,7.367000e-05,0.11428,0.4651
8986,5,7.362187e-05,0.13925,0.5556
8987,5,7.357380e-05,0.19413,0.6470
8988,5,7.352577e-05,0.11457,0.6797
8989,5,7.347779e-05,0.14261,0.9282
8990,5,7.342986e-05,0.10496,0.4831
8991,5,7.338198e-05,0.10967,0.4739
8992,5,7.333414e-05,0.05977,0.4746
8993,5,7.328635e-05,0.11807,0.4577
8994,5,7.323861e-05,0.13815,0.5798
8995,5,7.319092e-05,0.11727,0.5657
8996,5,7.314327e-05,0.07447,0.4578
8997,5,7.309567e-05,0.09535,0.4348
8998,5,7.304813e-05,0.09945,0.7435
8999,5,7.300062e-05,0.14651,0.6929
9000,5,7.295317e-05,0.08378,0.5366
9001,5,7.290576e-05,0.11871,0.5448
9002,5,7.285840e-05,0.14807,0.6215
9003,5,7.281109e-05,0.11160,0.4409
9004,5,7.276383e-05,0.11721,0.4660
9005,5,7.271662e-05,0.16273,0.7755
9006,5,7.266945e-05,0.09724,0.4195
9007,5,7.262233e-05,0.11145,0.5940
9008,5,7.257526e-05,0.10795,0.5595
9009,5,7.252823e-05,0.12569,0.7917
9010,5,7.248126e-05,0.13234,0.5759
9011,5,7.243433e-05,0.12745,0.5217
9012,5,7.238745e-05,0.09085,0.4148
9013,5,7.234062e-05,0.16371,0.6753
9014,5,7.229383e-05,0.10632,0.5791
9015,5,7.224710e-05,0.14379,0.5199
9016,5,7.220041e-05,0.12253,0.5357
9017,5,7.215377e-05,0.15347,0.5827
9018,5,7.210717e-05,0.10260,0.4813
9019,5,7.206063e-05,0.15300,0.6550
9020,5,7.201413e-05,0.14211,0.8274
9021,5,7.196768e-05,0.10285,0.4359
9022,5,7.192128e-05,0.09980,0.5602
9023,5,7.187493e-05,0.13361,0.5370
9024,5,7.182862e-05,0.11575,0.5158
9025,5,7.178236e-05,0.15247,0.5611
9026,5,7.173615e-05,0.14336,0.9781
9027,5,7.168999e-05,0.07937,0.3336
9028,5,7.164388e-05,0.16599,0.5820
9029,5,7.159781e-05,0.09909,0.5044
9030,5,7.155179e-05,0.17755,0.5712
9031,5,7.150582e-05,0.16856,0.5371
9032,5,7.145990e-05,0.10575,0.4147
9033,5,7.141402e-05,0.16428,0.5582
9034,5,7.136820e-05,0.11016,0.7848
9035,5,7.132242e-05,0.13753,0.5064
9036,5,7.127669e-05,0.12180,0.4673
9037,5,7.123101e-05,0.12801,0.5860
9038,5,7.118537e-05,0.14157,0.7891
9039,5,7.113979e-05,0.10139,0.4269
9040,5,7.109425e-05,0.10811,0.4886
9041,5,7.104876e-05,0.14889,0.8361
9042,5,7.100331e-05,0.07324,0.3579
9043,5,7.095792e-05,0.13712,0.9897
9044,5,7.091257e-05,0.09979,0.7948
9045,5,7.086727e-05,0.10416,0.8711
9046,5,7.082202e-05,0.11980,0.5088
9047,5,7.077682e-05,0.11374,0.4767
9048,5,7.073167e-05,0.11682,0.4963
9049,5,7.068656e-05,0.11871,0.5418
9050,5,7.064150e-05,0.15529,0.6556
9051,5,7.059649e-05,0.07869,0.3974
9052,5,7.055153e-05,0.11348,0.5106
9053,5,7.050661e-05,0.14962,0.4483
9054,5,7.046175e-05,0.21566,0.6003
9055,5,7.041693e-05,0.14626,0.5815
9056,5,7.037216e-05,0.13011,0.5998
9057,5,7.032744e-05,0.16837,0.6095
9058,5,7.028276e-05,0.16299,0.6063
9059,5,7.023814e-05,0.14767,0.5377
9060,5,7.019356e-05,0.07778,0.4001
9061,5,7.014903e-05,0.13314,0.4880
9062,5,7.010455e-05,0.10871,0.4858
9063,5,7.006011e-05,0.11830,0.5546
9064,5,7.001573e-05,0.14769,0.9339
9065,5,6.997139e-05,0.10178,0.5834
9066,5,6.992710e-05,0.12614,0.4718
9067,5,6.988286e-05,0.16459,0.8525
9068,5,6.983867e-05,0.08598,0.4892
9069,5,6.979452e-05,0.13317,0.6135
9070,5,6.975043e-05,0.13126,0.5367
9071,5,6.970638e-05,0.13784,0.5557
9072,5,6.966238e-05,0.06489,0.3638
9073,5,6.961842e-05,0.11728,0.8557
9074,5,6.957452e-05,0.09422,0.8250
9075,5,6.953066e-05,0.12488,0.5492
9076,5,6.948685e-05,0.13119,0.7614
9077,5,6.944309e-05,0.11080,0.8899
9078,5,6.939938e-05,0.10057,0.4803
9079,5,6.935572e-05,0.13852,0.8809
9080,5,6.931210e-05,0.12923,0.5361
9081,5,6.926854e-05,0.11041,0.5292
9082,5,6.922502e-05,0.13304,0.4849
9083,5,6.918155e-05,0.12650,0.5457
9084,5,6.913812e-05,0.13749,0.5866
9085,5,6.909475e-05,0.10625,0.5164
9086,5,6.905142e-05,0.16508,0.8629
9087,5,6.900815e-05,0.08154,0.4183
9088,5,6.896492e-05,0.12870,0.5658
9089,5,6.892173e-05,0.13953,0.8151
9090,5,6.887860e-05,0.14289,0.7672
9091,5,6.883552e-05,0.09440,0.5459
9092,5,6.879248e-05,0.09166,0.5267
9093,5,6.874949e-05,0.11178,0.7438
9094,5,6.870655e-05,0.11170,0.4621
9095,5,6.866366e-05,0.11581,0.6289
9096,5,6.862081e-05,0.13888,0.5727
9097,5,6.857802e-05,0.09320,0.5165
9098,5,6.853527e-05,0.12462,0.5804
9099,5,6.849257e-05,0.14820,0.5351
9100,5,6.844992e-05,0.08817,0.6007
9101,5,6.840732e-05,0.20728,0.7507
9102,5,6.836476e-05,0.11110,1.0299
9103,5,6.832226e-05,0.15397,0.6758
9104,5,6.827980e-05,0.14590,0.7329
9105,5,6.823739e-05,0.12429,0.5548
9106,5,6.819503e-05,0.09941,0.5410
9107,5,6.815271e-05,0.09272,0.4990
9108,5,6.811045e-05,0.14855,0.5043
9109,5,6.806823e-05,0.13449,0.6478
9110,5,6.802607e-05,0.13168,0.5927
9111,5,6.798395e-05,0.15493,0.7517
9112,5,6.794187e-05,0.17569,0.7257
9113,5,6.789985e-05,0.13746,0.5392
9114,5,6.785788e-05,0.06566,0.3923
9115,5,6.781595e-05,0.05938,0.3442
9116,5,6.777407e-05,0.11993,0.7290
9117,5,6.773224e-05,0.12115,0.4577
9118,5,6.769046e-05,0.11641,0.6228
9119,5,6.764873e-05,0.17182,0.7250
9120,5,6.760704e-05,0.09597,0.4476
9121,5,6.756541e-05,0.09988,0.4529
9122,5,6.752382e-05,0.10503,0.4812
9123,5,6.748228e-05,0.13581,0.7333
9124,5,6.744079e-05,0.14574,0.6865
9125,5,6.739934e-05,0.12847,0.5975
9126,5,6.735795e-05,0.11755,0.5201
9127,5,6.731660e-05,0.15938,0.9045
9128,5,6.727531e-05,0.11656,0.7797
9129,5,6.723406e-05,0.14949,0.5244
9130,5,6.719285e-05,0.07524,0.4051
9131,5,6.715170e-05,0.12785,0.5964
9132,5,6.711060e-05,0.12887,0.8344
9133,5,6.706954e-05,0.14081,0.5482
9134,5,6.702853e-05,0.09690,0.4380
9135,5,6.698758e-05,0.16369,0.5924
9136,5,6.694667e-05,0.10012,0.6365
9137,5,6.690580e-05,0.10618,0.4687
9138,5,6.686499e-05,0.10532,0.6622
9139,5,6.682422e-05,0.11528,0.4408
9140,5,6.678351e-05,0.09509,0.4250
9141,5,6.674284e-05,0.12215,0.5102
9142,5,6.670222e-05,0.13630,0.5223
9143,5,6.666165e-05,0.10091,0.5659
9144,5,6.662112e-05,0.15489,0.7645
9145,5,6.658065e-05,0.15911,0.8383
9146,5,6.654022e-05,0.10469,0.4529
9147,5,6.649985e-05,0.14229,0.6368
9148,5,6.645952e-05,0.11387,0.4871
9149,5,6.641924e-05,0.09139,0.6325
9150,5,6.637900e-05,0.11710,0.6972
9151,5,6.633882e-05,0.12836,0.4747
9152,5,6.629869e-05,0.19628,0.8574
9153,5,6.625860e-05,0.14842,0.6860
9154,5,6.621856e-05,0.10037,0.7720
9155,5,6.617857e-05,0.09443,0.5307
9156,5,6.613863e-05,0.09149,0.7316
9157,5,6.609874e-05,0.09529,0.5075
9158,5,6.605889e-05,0.17963,0.7446
9159,5,6.601910e-05,0.14123,0.8329
9160,5,6.597935e-05,0.10071,0.4657
9161,5,6.593965e-05,0.08844,0.4340
9162,5,6.590000e-05,0.14840,0.6588
9163,5,6.586040e-05,0.11984,0.5354
9164,5,6.582085e-05,0.11414,0.5631
9165,5,6.578134e-05,0.11674,1.0356
9166,5,6.574189e-05,0.13229,0.5834
9167,5,6.570248e-05,0.07517,0.5318
9168,5,6.566312e-05,0.09673,0.6299
9169,5,6.562381e-05,0.10443,0.6140
9170,5,6.558455e-05,0.11811,0.5269
9171,5,6.554534e-05,0.09828,0.5394
9172,5,6.550617e-05,0.12653,0.5724
9173,5,6.546705e-05,0.10964,0.6396
9174,5,6.542799e-05,0.11360,0.8339
9175,5,6.538897e-05,0.13142,0.7332
9176,5,6.535000e-05,0.13675,0.5257
9177,5,6.531108e-05,0.11025,0.8765
9178,5,6.527220e-05,0.14896,0.5785
9179,5,6.523338e-05,0.11255,0.4680
9180,5,6.519460e-05,0.07156,0.4734
9181,5,6.515588e-05,0.09893,0.5276
9182,5,6.511720e-05,0.09611,0.5070
9183,5,6.507857e-05,0.08565,0.3645
9184,5,6.503999e-05,0.09662,0.4533
9185,5,6.500145e-05,0.14155,0.5815
9186,5,6.496297e-05,0.11082,0.7549
9187,5,6.492453e-05,0.16703,0.6898
9188,5,6.488615e-05,0.10895,0.5370
9189,5,6.484781e-05,0.15781,0.5251
9190,5,6.480952e-05,0.12794,0.5605
9191,5,6.477128e-05,0.11929,0.5590
9192,5,6.473309e-05,0.11236,0.5217
9193,5,6.469494e-05,0.08195,0.6292
9194,5,6.465685e-05,0.07678,0.4808
9195,5,6.461880e-05,0.08664,0.3302
9196,5,6.458081e-05,0.13490,1.0046
9197,5,6.454286e-05,0.07143,0.6719
9198,5,6.450496e-05,0.08777,0.4663
9199,5,6.446711e-05,0.18976,0.6741
9200,5,6.442930e-05,0.11516,0.5365
9201,5,6.439155e-05,0.11030,0.5637
9202,5,6.435384e-05,0.14776,0.6121
9203,5,6.431619e-05,0.11447,0.4243
9204,5,6.427858e-05,0.08979,0.4658
9205,5,6.424102e-05,0.10694,0.7224
9206,5,6.420351e-05,0.08756,0.5776
9207,5,6.416605e-05,0.17017,0.8607
9208,5,6.412863e-05,0.10409,0.4901
9209,5,6.409127e-05,0.13362,0.5238
9210,5,6.405395e-05,0.11967,0.5389
9211,5,6.401669e-05,0.09006,0.4598
9212,5,6.397947e-05,0.14030,0.6340
9213,5,6.394230e-05,0.08923,0.3866
9214,5,6.390518e-05,0.12602,0.8104
9215,5,6.386811e-05,0.17057,0.8591
9216,5,6.383108e-05,0.11864,0.5589
9217,5,6.379411e-05,0.10465,0.4379
9218,5,6.375718e-05,0.14360,0.6475
9219,5,6.372031e-05,0.12540,0.7023
9220,5,6.368348e-05,0.10315,0.4577
9221,5,6.364670e-05,0.13363,0.5776
9222,5,6.360997e-05,0.13902,0.5588
9223,5,6.357329e-05,0.09695,0.5155
9224,5,6.353665e-05,0.14531,0.6045
9225,5,6.350007e-05,0.17084,0.6367
9226,5,6.346353e-05,0.17677,0.6815
9227,5,6.342705e-05,0.18034,0.6418
9228,5,6.339061e-05,0.08957,0.4826
9229,5,6.335422e-05,0.13764,0.6353
9230,5,6.331788e-05,0.09698,0.4383
9231,5,6.328159e-05,0.14803,0.6480
9232,5,6.324534e-05,0.17680,0.9830
9233,5,6.320915e-05,0.11030,0.5603
9234,5,6.317301e-05,0.10765,0.6889
9235,5,6.313691e-05,0.16796,0.7688
9236,5,6.310086e-05,0.11634,0.6710
9237,5,6.306486e-05,0.14865,0.5548
9238,5,6.302891e-05,0.11699,0.4984
9239,5,6.299301e-05,0.10506,0.6283
9240,5,6.295716e-05,0.16371,0.5857
9241,5,6.292136e-05,0.12100,0.6204
9242,5,6.288560e-05,0.14226,0.6554
9243,5,6.284990e-05,0.13506,0.5783
9244,5,6.281424e-05,0.12154,0.5074
9245,5,6.277863e-05,0.07179,0.4441
9246,5,6.274308e-05,0.12694,0.6278
9247,5,6.270757e-05,0.10735,0.6488
9248,5,6.267210e-05,0.10545,0.3941
9249,5,6.263669e-05,0.09006,0.4658
9250,5,6.260133e-05,0.08060,0.4340
9251,5,6.256601e-05,0.12056,0.4369
9252,5,6.253075e-05,0.09969,0.4740
9253,5,6.249553e-05,0.12547,0.7135
9254,5,6.246036e-05,0.14808,0.9488
9255,5,6.242525e-05,0.08059,0.4004
9256,5,6.239018e-05,0.11760,0.4318
9257,5,6.235515e-05,0.16681,0.8531
9258,5,6.232018e-05,0.10014,0.4341
9259,5,6.228526e-05,0.11780,0.5139
9260,5,6.225038e-05,0.18140,0.9102
9261,5,6.221556e-05,0.13885,0.6410
9262,5,6.218078e-05,0.10757,0.5744
9263,5,6.214606e-05,0.12241,0.4603
9264,5,6.211138e-05,0.17527,0.7834
9265,5,6.207675e-05,0.10910,0.6372
9266,5,6.204217e-05,0.12919,0.5962
9267,5,6.200763e-05,0.13075,0.8722
9268,5,6.197315e-05,0.09781,0.4728
9269,5,6.193872e-05,0.12713,0.4900
9270,5,6.190433e-05,0.11394,0.5407
9271,5,6.187000e-05,0.08081,0.6298
9272,5,6.183571e-05,0.13205,0.7570
9273,5,6.180147e-05,0.13153,0.5514
9274,5,6.176728e-05,0.07358,0.4195
9275,5,6.173314e-05,0.10192,0.4516
9276,5,6.169905e-05,0.14961,0.5388
9277,5,6.166501e-05,0.10343,0.4665
9278,5,6.163102e-05,0.12736,0.5170
9279,5,6.159707e-05,0.11617,0.8240
9280,5,6.156318e-05,0.12971,0.5098
9281,5,6.152933e-05,0.11502,0.5233
9282,5,6.149553e-05,0.19940,0.8873
9283,5,6.146179e-05,0.16229,0.5940
9284,5,6.142809e-05,0.09777,0.4769
9285,5,6.139444e-05,0.07535,0.5391
9286,5,6.136083e-05,0.08781,0.5537
9287,5,6.132728e-05,0.11659,0.8965
9288,5,6.129378e-05,0.18106,1.0795
9289,5,6.126033e-05,0.14812,0.5761
9290,5,6.122692e-05,0.12900,0.5836
9291,5,6.119356e-05,0.11146,0.5604
9292,5,6.116026e-05,0.12320,0.7883
9293,5,6.112700e-05,0.15396,0.7148
9294,5,6.109379e-05,0.12125,0.7422
9295,5,6.106063e-05,0.12184,0.4737
9296,5,6.102752e-05,0.12975,0.4999
9297,5,6.099446e-05,0.14983,0.6572
9298,5,6.096145e-05,0.10864,0.4720
9299,5,6.092848e-05,0.14554,0.5539
9300,5,6.089557e-05,0.10995,0.5061
9301,5,6.086270e-05,0.09284,0.5788
9302,5,6.082988e-05,0.09978,0.4830
9303,5,6.079712e-05,0.11068,0.4852
9304,5,6.076440e-05,0.10749,0.5329
9305,5,6.073173e-05,0.13092,0.4712
9306,5,6.069911e-05,0.11248,0.5256
9307,5,6.066654e-05,0.09782,0.4518
9308,5,6.063402e-05,0.12076,0.6134
9309,5,6.060154e-05,0.11800,0.6776
9310,5,6.056912e-05,0.16404,0.7959
9311,5,6.053675e-05,0.15310,0.6322
9312,5,6.050442e-05,0.10558,0.4925
9313,5,6.047214e-05,0.11350,0.7179
9314,5,6.043992e-05,0.09489,0.4259
9315,5,6.040774e-05,0.08378,0.5378
9316,5,6.037561e-05,0.14540,0.5066
9317,5,6.034353e-05,0.07591,0.3504
9318,5,6.031150e-05,0.17200,0.6561
9319,5,6.027952e-05,0.09386,0.4878
9320,5,6.024758e-05,0.09778,0.4744
9321,5,6.021570e-05,0.10099,0.4658
9322,5,6.018387e-05,0.17931,0.8781
9323,5,6.015208e-05,0.12168,0.5353
9324,5,6.012034e-05,0.15841,0.6486
9325,5,6.008866e-05,0.12186,0.4777
9326,5,6.005702e-05,0.15112,0.7371
9327,5,6.002543e-05,0.16556,0.7394
9328,5,5.999389e-05,0.10265,0.3963
9329,5,5.996240e-05,0.13939,0.5514
9330,5,5.993096e-05,0.09443,0.4705
9331,5,5.989957e-05,0.11462,0.5403
9332,5,5.986823e-05,0.09304,0.5709
9333,5,5.983693e-05,0.17095,0.6504
9334,5,5.980569e-05,0.11963,0.9220
9335,5,5.977449e-05,0.09565,0.4532
9336,5,5.974335e-05,0.15347,0.6720
9337,5,5.971225e-05,0.12875,1.2442
9338,5,5.968120e-05,0.10323,0.8436
9339,5,5.965020e-05,0.08714,0.4391
9340,5,5.961925e-05,0.15445,0.6640
9341,5,5.958835e-05,0.11968,0.5168
9342,5,5.955750e-05,0.09803,0.5225
9343,5,5.952670e-05,0.13806,0.5159
9344,5,5.949595e-05,0.08937,0.5195
9345,5,5.946525e-05,0.17367,0.6182
9346,5,5.943459e-05,0.09953,0.4028
9347,5,5.940399e-05,0.10927,0.5458
9348,5,5.937343e-05,0.09993,0.5305
9349,5,5.934292e-05,0.12134,0.5795
9350,5,5.931247e-05,0.13538,0.5904
9351,5,5.928206e-05,0.11213,0.5873
9352,5,5.925170e-05,0.12994,0.7470
9353,5,5.922139e-05,0.12794,0.5140
9354,5,5.919113e-05,0.06129,0.3485
9355,5,5.916092e-05,0.14462,0.5617
9356,5,5.913076e-05,0.11434,0.9263
9357,5,5.910065e-05,0.15522,1.2168
9358,5,5.907058e-05,0.13861,0.4804
9359,5,5.904057e-05,0.15148,0.7056
9360,5,5.901060e-05,0.08784,0.4293
9361,5,5.898069e-05,0.10509,0.7072
9362,5,5.895082e-05,0.10595,0.4321
9363,5,5.892101e-05,0.11007,0.4784
9364,5,5.889124e-05,0.11463,0.6015
9365,5,5.886152e-05,0.12655,0.4838
9366,5,5.883185e-05,0.11476,0.7178
9367,5,5.880223e-05,0.10826,0.4300
9368,5,5.877266e-05,0.17871,0.6822
9369,5,5.874314e-05,0.16234,0.6030
9370,5,5.871367e-05,0.16630,0.8276
9371,5,5.868425e-05,0.09672,0.4489
9372,5,5.865487e-05,0.11352,0.4407
9373,5,5.862555e-05,0.16874,0.6650
9374,5,5.859627e-05,0.08882,0.4011
9375,5,5.856705e-05,0.11211,0.5706
9376,5,5.853787e-05,0.14935,0.6106
9377,5,5.850875e-05,0.13950,0.5819
9378,5,5.847967e-05,0.12014,0.5240
9379,5,5.845064e-05,0.11586,0.7977
9380,5,5.842166e-05,0.11685,0.4829
9381,5,5.839273e-05,0.14085,0.5716
9382,5,5.836385e-05,0.11554,0.5397
9383,5,5.833502e-05,0.10502,0.4581
9384,5,5.830624e-05,0.13393,0.5363
9385,5,5.827751e-05,0.10702,0.4516
9386,5,5.824882e-05,0.10993,0.5281
9387,5,5.822019e-05,0.18865,0.6387
9388,5,5.819161e-05,0.11372,0.5678
9389,5,5.816307e-05,0.14431,0.5637
9390,5,5.813459e-05,0.14198,0.6711
9391,5,5.810615e-05,0.12184,0.6686
9392,5,5.807776e-05,0.17109,0.8554
9393,5,5.804943e-05,0.11630,0.5258
9394,5,5.802114e-05,0.16258,0.6346
9395,5,5.799290e-05,0.12175,0.6350
9396,5,5.796471e-05,0.17250,0.8862
9397,5,5.793657e-05,0.09615,0.6647
9398,5,5.790848e-05,0.12784,0.7341
9399,5,5.788044e-05,0.13256,0.4709
9400,5,5.785245e-05,0.10265,0.6705
9401,5,5.782451e-05,0.11640,0.7169
9402,5,5.779661e-05,0.15123,0.6067
9403,5,5.776877e-05,0.10483,0.5730
9404,5,5.774098e-05,0.10521,0.5386
9405,5,5.771323e-05,0.11938,0.7364
9406,5,5.768554e-05,0.08419,0.4138
9407,5,5.765789e-05,0.09873,0.9047
9408,5,5.763029e-05,0.10869,0.6088
9409,5,5.760275e-05,0.09407,0.4510
9410,5,5.757525e-05,0.10469,0.4693
9411,5,5.754780e-05,0.10353,0.5477
9412,5,5.752040e-05,0.13298,0.5756
9413,5,5.749305e-05,0.12430,0.5582
9414,5,5.746575e-05,0.10884,0.5323
9415,5,5.743850e-05,0.10016,0.4711
9416,5,5.741130e-05,0.13589,0.5705
9417,5,5.738415e-05,0.09880,0.5741
9418,5,5.735705e-05,0.08882,0.4576
9419,5,5.732999e-05,0.11306,0.8809
9420,5,5.730299e-05,0.09814,0.5324
9421,5,5.727604e-05,0.12853,0.8276
9422,5,5.724913e-05,0.17524,0.5589
9423,5,5.722228e-05,0.13029,0.8580
9424,5,5.719547e-05,0.10345,0.4404
9425,5,5.716872e-05,0.11981,0.5083
9426,5,5.714201e-05,0.10551,0.5813
9427,5,5.711535e-05,0.12453,0.4992
9428,5,5.708875e-05,0.09342,0.7370
9429,5,5.706219e-05,0.13416,1.4163
9430,5,5.703568e-05,0.09425,0.5375
9431,5,5.700922e-05,0.13361,0.6628
9432,5,5.698281e-05,0.11759,0.6020
9433,5,5.695645e-05,0.09981,0.5787
9434,5,5.693014e-05,0.11248,0.4846
9435,5,5.690388e-05,0.11560,0.4788
9436,5,5.687767e-05,0.14973,0.6495
9437,5,5.685150e-05,0.13163,0.6516
9438,5,5.682539e-05,0.12898,0.4960
9439,5,5.679933e-05,0.15456,0.5951
9440,5,5.677331e-05,0.14384,0.5649
9441,5,5.674735e-05,0.14102,0.7227
9442,5,5.672143e-05,0.13218,0.6196
9443,5,5.669557e-05,0.11144,0.4929
9444,5,5.666975e-05,0.09452,0.4968
9445,5,5.664399e-05,0.15257,0.6534
9446,5,5.661827e-05,0.13095,0.6504
9447,5,5.659260e-05,0.10179,0.4635
9448,5,5.656698e-05,0.14450,0.5233
9449,5,5.654142e-05,0.09546,0.6177
9450,5,5.651590e-05,0.09046,0.4721
9451,5,5.649043e-05,0.11780,0.4870
9452,5,5.646501e-05,0.10862,0.6493
9453,5,5.643964e-05,0.16837,1.0219
9454,5,5.641432e-05,0.11163,0.4196
9455,5,5.638905e-05,0.10623,0.4704
9456,5,5.636383e-05,0.12654,0.5866
9457,5,5.633865e-05,0.16093,0.6153
9458,5,5.631353e-05,0.06487,0.3408
9459,5,5.628846e-05,0.10394,0.4410
9460,5,5.626343e-05,0.12110,0.8260
9461,5,5.623846e-05,0.11674,0.6928
9462,5,5.621354e-05,0.14345,0.6126
9463,5,5.618866e-05,0.18451,0.5580
9464,5,5.616384e-05,0.10958,0.5105
9465,5,5.613906e-05,0.18220,0.6126
9466,5,5.611434e-05,0.09208,0.4201
9467,5,5.608966e-05,0.09429,0.4096
9468,5,5.606503e-05,0.12346,0.5272
9469,5,5.604046e-05,0.10855,0.8985
9470,5,5.601593e-05,0.12943,0.5248
9471,5,5.599145e-05,0.12513,0.8811
9472,5,5.596702e-05,0.14740,0.7088
9473,5,5.594264e-05,0.08817,0.4292
9474,5,5.591831e-05,0.12810,0.7112
9475,5,5.589403e-05,0.12980,0.5426
9476,5,5.586980e-05,0.07295,0.4874
9477,5,5.584562e-05,0.08612,0.3878
9478,5,5.582149e-05,0.08564,0.3745
9479,5,5.579741e-05,0.08440,0.4685
9480,5,5.577338e-05,0.23068,0.8468
9481,5,5.574940e-05,0.12013,0.4751
9482,5,5.572546e-05,0.11810,0.5488
9483,5,5.570158e-05,0.12683,0.4829
9484,5,5.567775e-05,0.12447,0.6131
9485,5,5.565396e-05,0.16216,0.7496
9486,5,5.563023e-05,0.12690,0.6728
9487,5,5.560655e-05,0.09954,0.4849
9488,5,5.558291e-05,0.09509,0.4911
9489,5,5.555933e-05,0.10442,0.5366
9490,5,5.553579e-05,0.16724,0.8303
9491,5,5.551230e-05,0.12373,0.7199
9492,5,5.548887e-05,0.16597,0.5516
9493,5,5.546548e-05,0.16435,0.5632
9494,5,5.544214e-05,0.08933,0.4765
9495,5,5.541886e-05,0.12100,0.5099
9496,5,5.539562e-05,0.10099,0.4363
9497,5,5.537243e-05,0.14313,0.6302
9498,5,5.534929e-05,0.12011,0.4645
9499,5,5.532620e-05,0.09641,0.4881
9500,5,5.530317e-05,0.15851,0.9358
9501,5,5.528018e-05,0.07068,0.3649
9502,5,5.525724e-05,0.09571,0.5425
9503,5,5.523435e-05,0.10442,0.5532
9504,5,5.521151e-05,0.13512,0.6063
9505,5,5.518872e-05,0.12314,0.5354
9506,5,5.516597e-05,0.11722,0.4901
9507,5,5.514328e-05,0.12999,0.5510
9508,5,5.512064e-05,0.13136,0.5215
9509,5,5.509805e-05,0.13686,0.9452
9510,5,5.507551e-05,0.12715,0.5130
9511,5,5.505301e-05,0.13994,0.5214
9512,5,5.503057e-05,0.07083,0.4588
9513,5,5.500818e-05,0.10969,0.4922
9514,5,5.498583e-05,0.10594,0.4363
9515,5,5.496354e-05,0.11998,0.6048
9516,5,5.494130e-05,0.14121,0.7243
9517,5,5.491910e-05,0.13605,0.7200
9518,5,5.489696e-05,0.07365,0.3749
9519,5,5.487486e-05,0.09505,0.4573
9520,5,5.485282e-05,0.15511,0.6995
9521,5,5.483082e-05,0.17750,0.6039
9522,5,5.480887e-05,0.15550,0.5642
9523,5,5.478698e-05,0.13838,0.5522
9524,5,5.476513e-05,0.08228,0.4506
9525,5,5.474333e-05,0.17898,0.6633
9526,5,5.472159e-05,0.11489,0.4400
9527,5,5.469989e-05,0.13769,0.9766
9528,5,5.467824e-05,0.10488,0.5483
9529,5,5.465664e-05,0.09984,0.4485
9530,5,5.463509e-05,0.10499,0.5902
9531,5,5.461360e-05,0.12599,0.5544
9532,5,5.459215e-05,0.14007,0.6687
9533,5,5.457075e-05,0.11166,0.5169
9534,5,5.454940e-05,0.07371,0.3635
9535,5,5.452810e-05,0.13479,0.5538
9536,5,5.450685e-05,0.10108,0.5134
9537,5,5.448565e-05,0.16865,0.7524
9538,5,5.446450e-05,0.13677,0.5923
9539,5,5.444340e-05,0.15068,0.5502
9540,5,5.442235e-05,0.12311,0.6030
9541,5,5.440135e-05,0.10624,0.4551
9542,5,5.438039e-05,0.11447,0.5720
9543,5,5.435949e-05,0.17298,0.7396
9544,5,5.433864e-05,0.10492,0.5405
9545,5,5.431784e-05,0.14001,0.6978
9546,5,5.429709e-05,0.11043,0.5894
9547,5,5.427638e-05,0.07922,0.4268
9548,5,5.425573e-05,0.10282,0.5278
9549,5,5.423513e-05,0.16044,0.6525
9550,5,5.421457e-05,0.11334,0.5183
9551,5,5.419407e-05,0.12705,0.4271
9552,5,5.417362e-05,0.11720,0.4265
9553,5,5.415321e-05,0.14869,0.6232
9554,5,5.413286e-05,0.13232,0.7435
9555,5,5.411255e-05,0.14012,0.7235
9556,5,5.409230e-05,0.15289,0.5606
9557,5,5.407209e-05,0.10498,0.7472
9558,5,5.405194e-05,0.16119,0.6746
9559,5,5.403183e-05,0.09621,0.5008
9560,5,5.401178e-05,0.10776,0.4776
9561,5,5.399177e-05,0.10905,0.5166
9562,5,5.397182e-05,0.12833,0.6453
9563,5,5.395191e-05,0.09374,0.4180
9564,5,5.393205e-05,0.11353,0.4316
9565,5,5.391225e-05,0.10276,0.9342
9566,5,5.389249e-05,0.07771,0.3981
9567,5,5.387278e-05,0.13291,0.5599
9568,5,5.385313e-05,0.10320,0.4258
9569,5,5.383352e-05,0.11756,0.5144
9570,5,5.381396e-05,0.08639,0.6280
9571,5,5.379446e-05,0.12515,0.7148
9572,5,5.377500e-05,0.18700,1.2922
9573,5,5.375559e-05,0.09713,0.6275
9574,5,5.373623e-05,0.12034,0.6714
9575,5,5.371692e-05,0.10504,0.5027
9576,5,5.369766e-05,0.13455,0.5419
9577,5,5.367846e-05,0.11495,0.5194
9578,5,5.365930e-05,0.11978,0.5692
9579,5,5.364019e-05,0.07847,0.3591
9580,5,5.362113e-05,0.13665,0.7135
9581,5,5.360212e-05,0.11185,0.6301
9582,5,5.358316e-05,0.09292,0.4705
9583,5,5.356425e-05,0.16500,0.7473
9584,5,5.354539e-05,0.14053,0.7063
9585,5,5.352658e-05,0.11189,0.6248
9586,5,5.350782e-05,0.13211,0.5231
9587,5,5.348911e-05,0.10742,0.4102
9588,5,5.347045e-05,0.10710,0.4089
9589,5,5.345184e-05,0.14178,0.5328
9590,5,5.343328e-05,0.09038,0.4304
9591,5,5.341477e-05,0.12777,0.5141
9592,5,5.339631e-05,0.10559,0.4906
9593,5,5.337789e-05,0.08437,0.5216
9594,5,5.335953e-05,0.11048,0.4788
9595,5,5.334122e-05,0.09202,0.4564
9596,5,5.332296e-05,0.12801,0.5671
9597,5,5.330475e-05,0.16156,0.7237
9598,5,5.328659e-05,0.09283,0.7886
9599,5,5.326847e-05,0.12265,0.5535
9600,5,5.325041e-05,0.11201,0.5167
9601,5,5.323240e-05,0.11778,0.6462
9602,5,5.321444e-05,0.09772,0.5083
9603,5,5.319652e-05,0.09459,0.4301
9604,5,5.317866e-05,0.10250,0.5096
9605,5,5.316085e-05,0.11288,0.8852
9606,5,5.314309e-05,0.16296,0.6209
9607,5,5.312537e-05,0.15168,0.5675
9608,5,5.310771e-05,0.09983,0.4804
9609,5,5.309010e-05,0.11424,0.5158
9610,5,5.307253e-05,0.06835,0.4350
9611,5,5.305502e-05,0.15949,0.5322
9612,5,5.303756e-05,0.11394,0.5888
9613,5,5.302014e-05,0.12960,0.5109
9614,5,5.300278e-05,0.15446,0.5616
9615,5,5.298547e-05,0.13970,0.6360
9616,5,5.296820e-05,0.09468,0.6223
9617,5,5.295099e-05,0.11856,0.5062
9618,5,5.293382e-05,0.13825,0.4844
9619,5,5.291671e-05,0.14040,0.7306
9620,5,5.289964e-05,0.12315,0.7515
9621,5,5.288263e-05,0.16105,0.5589
9622,5,5.286567e-05,0.16629,0.5369
9623,5,5.284875e-05,0.10916,0.5197
9624,5,5.283189e-05,0.12374,0.6419
9625,5,5.281507e-05,0.13747,0.5659
9626,5,5.279831e-05,0.11079,0.4778
9627,5,5.278159e-05,0.13867,0.6058
9628,5,5.276493e-05,0.14488,0.5459
9629,5,5.274831e-05,0.14437,1.0872
9630,5,5.273175e-05,0.10901,0.5551
9631,5,5.271523e-05,0.10859,0.4603
9632,5,5.269877e-05,0.13337,0.6101
9633,5,5.268235e-05,0.19267,0.6068
9634,5,5.266599e-05,0.16452,0.5476
9635,5,5.264967e-05,0.16333,0.5813
9636,5,5.263340e-05,0.12417,0.7760
9637,5,5.261719e-05,0.09354,0.4593
9638,5,5.260102e-05,0.11758,0.8070
9639,5,5.258491e-05,0.10793,0.5250
9640,5,5.256884e-05,0.12118,1.0120
9641,5,5.255283e-05,0.11539,0.4868
9642,5,5.253686e-05,0.15108,0.9492
9643,5,5.252094e-05,0.14209,0.9898
9644,5,5.250508e-05,0.13740,0.6690
9645,5,5.248926e-05,0.13551,0.5711
9646,5,5.247350e-05,0.15794,0.5639
9647,5,5.245778e-05,0.11432,0.5318
9648,5,5.244211e-05,0.12006,0.8221
9649,5,5.242650e-05,0.09702,0.7017
9650,5,5.241093e-05,0.12979,0.7306
9651,5,5.239542e-05,0.09216,0.4415
9652,5,5.237995e-05,0.09141,0.5207
9653,5,5.236453e-05,0.14300,0.8327
9654,5,5.234917e-05,0.10335,0.4708
9655,5,5.233385e-05,0.12463,0.5143
9656,5,5.231858e-05,0.14042,0.5161
9657,5,5.230337e-05,0.15016,0.5411
9658,5,5.228820e-05,0.12356,0.4562
9659,5,5.227308e-05,0.09692,0.5857
9660,5,5.225802e-05,0.10837,0.7939
9661,5,5.224300e-05,0.15362,0.6910
9662,5,5.222804e-05,0.13469,0.5045
9663,5,5.221312e-05,0.10846,0.4199
9664,5,5.219825e-05,0.17644,0.6302
9665,5,5.218344e-05,0.11198,0.6990
9666,5,5.216867e-05,0.08842,0.5193
9667,5,5.215395e-05,0.10737,0.4570
9668,5,5.213929e-05,0.09229,0.6176
9669,5,5.212467e-05,0.13614,0.7511
9670,5,5.211010e-05,0.12863,0.6005
9671,5,5.209559e-05,0.06017,0.4392
9672,5,5.208112e-05,0.11593,0.4867
9673,5,5.206670e-05,0.19048,0.6735
9674,5,5.205234e-05,0.14977,0.7619
9675,5,5.203802e-05,0.11798,0.5590
9676,5,5.202375e-05,0.10116,0.4685
9677,5,5.200954e-05,0.07723,0.7393
9678,5,5.199537e-05,0.12431,0.4915
9679,5,5.198125e-05,0.14985,0.5913
9680,5,5.196719e-05,0.06860,0.3892
9681,5,5.195317e-05,0.10486,0.4522
9682,5,5.193920e-05,0.14223,0.5009
9683,5,5.192529e-05,0.09100,0.4982
9684,5,5.191142e-05,0.09784,0.5024
9685,5,5.189760e-05,0.15971,0.8002
9686,5,5.188384e-05,0.15289,1.2319
9687,5,5.187012e-05,0.13872,0.8935
9688,5,5.185645e-05,0.16619,0.9148
9689,5,5.184284e-05,0.11355,0.4682
9690,5,5.182927e-05,0.09674,0.6021
9691,5,5.181575e-05,0.16238,0.8164
9692,5,5.180229e-05,0.12884,0.4613
9693,5,5.178887e-05,0.11962,0.5664
9694,5,5.177550e-05,0.10438,0.6220
9695,5,5.176219e-05,0.12100,0.7064
9696,5,5.174892e-05,0.13232,0.7329
9697,5,5.173571e-05,0.23745,0.7302
9698,5,5.172254e-05,0.14518,0.5832
9699,5,5.170942e-05,0.11906,0.5509
9700,5,5.169636e-05,0.09767,0.5866
9701,5,5.168334e-05,0.08172,0.4178
9702,5,5.167038e-05,0.20636,0.9818
9703,5,5.165746e-05,0.12977,0.4958
9704,5,5.164459e-05,0.09215,0.4617
9705,5,5.163178e-05,0.12855,0.5374
9706,5,5.161901e-05,0.11663,0.4978
9707,5,5.160630e-05,0.12778,0.5214
9708,5,5.159363e-05,0.11588,0.5401
9709,5,5.158101e-05,0.11019,0.4333
9710,5,5.156845e-05,0.15060,0.5600
9711,5,5.155593e-05,0.12798,0.7917
9712,5,5.154347e-05,0.11358,0.4355
9713,5,5.153105e-05,0.14385,0.5900
9714,5,5.151869e-05,0.06115,0.3847
9715,5,5.150637e-05,0.15189,0.7800
9716,5,5.149411e-05,0.08181,0.4133
9717,5,5.148189e-05,0.13309,0.7268
9718,5,5.146972e-05,0.13046,0.5969
9719,5,5.145761e-05,0.21031,0.8842
9720,5,5.144554e-05,0.09561,0.4333
9721,5,5.143353e-05,0.13858,0.7807
9722,5,5.142156e-05,0.08071,0.5668
9723,5,5.140965e-05,0.08963,0.3942
9724,5,5.139778e-05,0.13847,0.6005
9725,5,5.138597e-05,0.10647,0.4623
9726,5,5.137420e-05,0.21852,0.7647
9727,5,5.136249e-05,0.15196,0.8548
9728,5,5.135083e-05,0.11287,0.4663
9729,5,5.133921e-05,0.09333,0.5800
9730,5,5.132765e-05,0.11269,0.5992
9731,5,5.131613e-05,0.20434,0.6247
9732,5,5.130467e-05,0.17176,0.9249
9733,5,5.129325e-05,0.11106,0.8594
9734,5,5.128189e-05,0.09043,0.4151
9735,5,5.127058e-05,0.10051,0.5653
9736,5,5.125931e-05,0.10224,0.4292
9737,5,5.124810e-05,0.11343,0.5785
9738,5,5.123693e-05,0.11303,0.4733
9739,5,5.122582e-05,0.14317,0.5524
9740,5,5.121476e-05,0.11167,1.0853
9741,5,5.120374e-05,0.19809,1.0235
9742,5,5.119278e-05,0.07789,0.4247
9743,5,5.118187e-05,0.13201,0.6873
9744,5,5.117100e-05,0.13236,0.4780
9745,5,5.116019e-05,0.11244,0.8629
9746,5,5.114943e-05,0.11003,0.4969
9747,5,5.113871e-05,0.11270,0.5170
9748,5,5.112805e-05,0.17770,0.7475
9749,5,5.111744e-05,0.07986,0.4511
9750,5,5.110688e-05,0.15899,0.6244
9751,5,5.109636e-05,0.15770,0.6443
9752,5,5.108590e-05,0.08660,0.7465
9753,5,5.107549e-05,0.09415,0.5145
9754,5,5.106513e-05,0.08048,0.4589
9755,5,5.105481e-05,0.11612,0.9982
9756,5,5.104455e-05,0.09232,0.4713
9757,5,5.103434e-05,0.08707,0.4027
9758,5,5.102418e-05,0.11696,0.5090
9759,5,5.101407e-05,0.11278,0.6130
9760,5,5.100401e-05,0.10444,0.8971
9761,5,5.099399e-05,0.08701,0.4586
9762,5,5.098403e-05,0.14952,0.6585
9763,5,5.097412e-05,0.10674,0.5150
9764,5,5.096426e-05,0.17198,0.5791
9765,5,5.095445e-05,0.15675,0.5693
9766,5,5.094469e-05,0.10494,0.4574
9767,5,5.093498e-05,0.15778,1.0293
9768,5,5.092532e-05,0.13375,0.5717
9769,5,5.091571e-05,0.10986,0.4875
9770,5,5.090615e-05,0.12812,0.7040
9771,5,5.089664e-05,0.11584,0.7863
9772,5,5.088718e-05,0.10449,0.6919
9773,5,5.087777e-05,0.10533,0.5166
9774,5,5.086841e-05,0.10562,0.4806
9775,5,5.085910e-05,0.10273,0.5223
9776,5,5.084984e-05,0.11221,0.7146
9777,5,5.084063e-05,0.14221,1.0001
9778,5,5.083147e-05,0.09089,0.4670
9779,5,5.082236e-05,0.06684,0.3246
9780,5,5.081330e-05,0.12868,0.5338
9781,5,5.080429e-05,0.10979,0.4702
9782,5,5.079533e-05,0.12951,0.7568
9783,5,5.078642e-05,0.14140,0.4905
9784,5,5.077756e-05,0.13256,0.8190
9785,5,5.076876e-05,0.12215,0.6468
9786,5,5.076000e-05,0.14711,0.5802
9787,5,5.075129e-05,0.13584,0.7661
9788,5,5.074263e-05,0.12361,0.5115
9789,5,5.073402e-05,0.15054,1.0700
9790,5,5.072547e-05,0.13654,0.6045
9791,5,5.071696e-05,0.13923,0.6937
9792,5,5.070850e-05,0.12874,0.9281
9793,5,5.070009e-05,0.15447,0.5227
9794,5,5.069174e-05,0.12863,0.5745
9795,5,5.068343e-05,0.10698,0.5670
9796,5,5.067517e-05,0.12457,0.5771
9797,5,5.066696e-05,0.12890,0.6832
9798,5,5.065881e-05,0.16986,0.5944
9799,5,5.065070e-05,0.11562,0.5249
9800,5,5.064265e-05,0.14832,0.6937
9801,5,5.063464e-05,0.09669,0.4919
9802,5,5.062668e-05,0.08324,0.4183
9803,5,5.061878e-05,0.18071,0.5749
9804,5,5.061092e-05,0.11275,0.4802
9805,5,5.060312e-05,0.09605,0.5065
9806,5,5.059536e-05,0.09433,0.4224
9807,5,5.058766e-05,0.14041,0.6167
9808,5,5.058000e-05,0.11036,0.5764
9809,5,5.057240e-05,0.10720,0.6616
9810,5,5.056484e-05,0.10464,0.4485
9811,5,5.055734e-05,0.15243,0.5977
9812,5,5.054988e-05,0.12946,0.6134
9813,5,5.054248e-05,0.10317,0.4709
9814,5,5.053512e-05,0.11653,0.4689
9815,5,5.052782e-05,0.13699,0.5075
9816,5,5.052056e-05,0.07603,0.6683
9817,5,5.051336e-05,0.07068,0.3642
9818,5,5.050621e-05,0.13011,0.5473
9819,5,5.049910e-05,0.09899,0.4782
9820,5,5.049205e-05,0.12695,0.5589
9821,5,5.048505e-05,0.13494,0.7597
9822,5,5.047810e-05,0.12844,0.5382
9823,5,5.047119e-05,0.15175,0.5416
9824,5,5.046434e-05,0.06634,0.3784
9825,5,5.045754e-05,0.10071,0.7485
9826,5,5.045079e-05,0.09774,0.4021
9827,5,5.044408e-05,0.10130,0.5271
9828,5,5.043743e-05,0.09580,0.4778
9829,5,5.043083e-05,0.12408,0.4893
9830,5,5.042428e-05,0.11846,0.5116
9831,5,5.041778e-05,0.14688,0.8038
9832,5,5.041133e-05,0.08566,0.5053
9833,5,5.040493e-05,0.09872,0.4267
9834,5,5.039857e-05,0.11390,0.5283
9835,5,5.039227e-05,0.09406,0.5685
9836,5,5.038602e-05,0.14657,0.5967
9837,5,5.037982e-05,0.14693,0.7136
9838,5,5.037367e-05,0.10630,0.4361
9839,5,5.036757e-05,0.10092,0.4804
9840,5,5.036152e-05,0.15760,0.6554
9841,5,5.035552e-05,0.17219,0.7235
9842,5,5.034957e-05,0.15420,0.8191
9843,5,5.034368e-05,0.13290,0.5669
9844,5,5.033783e-05,0.10192,0.4573
9845,5,5.033203e-05,0.09431,0.4478
9846,5,5.032628e-05,0.13466,0.5730
9847,5,5.032058e-05,0.13394,0.4972
9848,5,5.031493e-05,0.09113,0.4468
9849,5,5.030933e-05,0.09216,0.4245
9850,5,5.030379e-05,0.08626,0.5852
9851,5,5.029829e-05,0.10669,0.8515
9852,5,5.029284e-05,0.06920,0.4536
9853,5,5.028744e-05,0.07647,0.4023
9854,5,5.028210e-05,0.11803,0.6068
9855,5,5.027680e-05,0.13199,0.5140
9856,5,5.027155e-05,0.11547,0.7106
9857,5,5.026636e-05,0.09820,0.4312
9858,5,5.026121e-05,0.14092,0.5978
9859,5,5.025611e-05,0.10789,0.6437
9860,5,5.025107e-05,0.09818,0.5076
9861,5,5.024607e-05,0.09620,0.4144
9862,5,5.024113e-05,0.09969,0.6713
9863,5,5.023623e-05,0.10642,0.5759
9864,5,5.023139e-05,0.14406,0.8515
9865,5,5.022659e-05,0.08396,0.6789
9866,5,5.022185e-05,0.08272,0.4053
9867,5,5.021715e-05,0.15147,0.5188
9868,5,5.021251e-05,0.10534,0.4454
9869,5,5.020791e-05,0.12084,0.4864
9870,5,5.020337e-05,0.10464,0.4135
9871,5,5.019887e-05,0.15342,0.8547
9872,5,5.019443e-05,0.13301,0.5482
9873,5,5.019004e-05,0.17250,0.6665
9874,5,5.018569e-05,0.10186,0.5945
9875,5,5.018140e-05,0.10404,0.6471
9876,5,5.017716e-05,0.15755,0.5167
9877,5,5.017297e-05,0.13750,0.7446
9878,5,5.016882e-05,0.08053,0.3618
9879,5,5.016473e-05,0.18318,0.8783
9880,5,5.016069e-05,0.13200,0.5633
9881,5,5.015670e-05,0.12350,0.7682
9882,5,5.015275e-05,0.10496,0.5016
9883,5,5.014886e-05,0.16749,0.5516
9884,5,5.014502e-05,0.16423,0.6388
9885,5,5.014123e-05,0.10736,0.5688
9886,5,5.013749e-05,0.13638,0.5897
9887,5,5.013380e-05,0.08827,0.4224
9888,5,5.013016e-05,0.09352,0.4778
9889,5,5.012657e-05,0.12768,0.9544
9890,5,5.012303e-05,0.07906,0.5143
9891,5,5.011954e-05,0.16458,0.5078
9892,5,5.011610e-05,0.10326,0.5288
9893,5,5.011271e-05,0.14416,0.5690
9894,5,5.010937e-05,0.18419,0.7794
9895,5,5.010608e-05,0.13740,1.0867
9896,5,5.010284e-05,0.06147,0.3428
9897,5,5.009965e-05,0.11009,0.4866
9898,5,5.009652e-05,0.10352,0.6660
9899,5,5.009343e-05,0.14836,0.6158
9900,5,5.009039e-05,0.14748,0.7154
9901,5,5.008740e-05,0.13283,0.5653
9902,5,5.008446e-05,0.10528,0.4388
9903,5,5.008158e-05,0.09953,0.4388
9904,5,5.007874e-05,0.10877,0.4201
9905,5,5.007595e-05,0.11097,0.4798
9906,5,5.007322e-05,0.09775,0.9221
9907,5,5.007053e-05,0.11748,0.4904
9908,5,5.006789e-05,0.14047,0.6095
9909,5,5.006531e-05,0.13785,0.5840
9910,5,5.006277e-05,0.11733,0.5954
9911,5,5.006029e-05,0.11350,0.5615
9912,5,5.005785e-05,0.13224,0.5618
9913,5,5.005546e-05,0.08229,0.4331
9914,5,5.005313e-05,0.11142,0.8456
9915,5,5.005084e-05,0.07793,0.3619
9916,5,5.004861e-05,0.10436,0.6630
9917,5,5.004643e-05,0.14739,0.6540
9918,5,5.004429e-05,0.14438,1.0361
9919,5,5.004221e-05,0.13757,0.6690
9920,5,5.004017e-05,0.10205,0.5550
9921,5,5.003819e-05,0.09416,0.4605
9922,5,5.003626e-05,0.11859,0.4876
9923,5,5.003437e-05,0.12894,0.7297
9924,5,5.003254e-05,0.11615,0.6685
9925,5,5.003076e-05,0.18341,0.6338
9926,5,5.002903e-05,0.16998,0.5591
9927,5,5.002734e-05,0.11649,0.4853
9928,5,5.002571e-05,0.15597,0.8290
9929,5,5.002413e-05,0.11683,0.4765
9930,5,5.002260e-05,0.10766,0.4916
9931,5,5.002112e-05,0.16535,0.5358
9932,5,5.001969e-05,0.14695,0.4898
9933,5,5.001830e-05,0.09847,0.4959
9934,5,5.001697e-05,0.11490,0.5233
9935,5,5.001569e-05,0.08762,0.4383
9936,5,5.001446e-05,0.08382,0.3986
9937,5,5.001328e-05,0.14587,0.8198
9938,5,5.001215e-05,0.17771,0.6070
9939,5,5.001107e-05,0.19080,0.6914
9940,5,5.001004e-05,0.12936,0.5109
9941,5,5.000906e-05,0.07857,0.4408
9942,5,5.000814e-05,0.08333,0.4491
9943,5,5.000726e-05,0.13273,0.5306
9944,5,5.000643e-05,0.14535,0.5446
9945,5,5.000565e-05,0.12878,0.6936
9946,5,5.000492e-05,0.12042,0.5450
9947,5,5.000424e-05,0.11878,0.4470
9948,5,5.000362e-05,0.13616,0.7223
9949,5,5.000304e-05,0.11950,0.6011
9950,5,5.000251e-05,0.08818,0.6587
9951,5,5.000203e-05,0.07991,0.3167
9952,5,5.000161e-05,0.10224,0.7503
9953,5,5.000123e-05,0.12065,0.7709
9954,5,5.000090e-05,0.08747,0.4530
9955,5,5.000063e-05,0.11339,0.5144
9956,5,5.000040e-05,0.11214,0.5313
9957,5,5.000023e-05,0.11518,0.5416
9958,5,5.000010e-05,0.15680,0.5538
9959,5,5.000003e-05,0.11087,0.7200
