step,epoch,lr,loss,grad_norm
0,1,8.368201e-06,0.69733,0.0827
1,1,1.673640e-05,0.69339,0.0537
2,1,2.510460e-05,0.69580,0.0596
3,1,3.347280e-05,0.69108,0.0653
4,1,4.184100e-05,0.69423,0.0619
5,1,5.020921e-05,0.69749,0.0609
6,1,5.857741e-05,0.69303,0.0607
7,1,6.694561e-05,0.69321,0.0668
8,1,7.531381e-05,0.69403,0.0627
9,1,8.368201e-05,0.69416,0.0637
10,1,9.205021e-05,0.69196,0.0600
11,1,1.004184e-04,0.69273,0.0673
12,1,1.087866e-04,0.69476,0.0555
13,1,1.171548e-04,0.69365,0.0594
14,1,1.255230e-04,0.69301,0.0599
15,1,1.338912e-04,0.69372,0.0614
16,1,1.422594e-04,0.69407,0.0691
17,1,1.506276e-04,0.68927,0.0622
18,1,1.589958e-04,0.69081,0.0568
19,1,1.673640e-04,0.69345,0.0646
20,1,1.757322e-04,0.68907,0.0572
21,1,1.841004e-04,0.69275,0.0622
22,1,1.924686e-04,0.68913,0.0559
23,1,2.008368e-04,0.68974,0.0816
24,1,2.092050e-04,0.68945,0.0529
25,1,2.175732e-04,0.68807,0.0537
26,1,2.259414e-04,0.69131,0.0596
27,1,2.343096e-04,0.68698,0.0615
28,1,2.426778e-04,0.68665,0.0622
29,1,2.510460e-04,0.69125,0.0584
30,1,2.594142e-04,0.68680,0.0797
31,1,2.677824e-04,0.68911,0.0536
32,1,2.761506e-04,0.68598,0.0564
33,1,2.845188e-04,0.68721,0.0783
34,1,2.928870e-04,0.68653,0.0583
35,1,3.012552e-04,0.68562,0.0588
36,1,3.096234e-04,0.68252,0.0610
37,1,3.179916e-04,0.67788,0.0877
38,1,3.263598e-04,0.68138,0.0604
39,1,3.347280e-04,0.68349,0.0602
40,1,3.430962e-04,0.68353,0.0592
41,1,3.514644e-04,0.68275,0.0579
42,1,3.598326e-04,0.68431,0.0585
43,1,3.682008e-04,0.68341,0.0562
44,1,3.765690e-04,0.68296,0.0607
45,1,3.849372e-04,0.67691,0.0702
46,1,3.933054e-04,0.67828,0.0669
47,1,4.016736e-04,0.67802,0.0626
48,1,4.100418e-04,0.68125,0.0644
49,1,4.184100e-04,0.67771,0.0645
50,1,4.267782e-04,0.67586,0.0793
51,1,4.351464e-04,0.67225,0.0717
52,1,4.435146e-04,0.67302,0.0685
53,1,4.518828e-04,0.67946,0.0685
54,1,4.602510e-04,0.67186,0.0719
55,1,4.686192e-04,0.67008,0.0734
56,1,4.769874e-04,0.66695,0.0749
57,1,4.853556e-04,0.67266,0.0693
58,1,4.937238e-04,0.67343,0.0671
59,1,5.020921e-04,0.66854,0.0718
60,1,5.104603e-04,0.66231,0.0770
61,1,5.188285e-04,0.66729,0.0721
62,1,5.271967e-04,0.66977,0.0658
63,1,5.355649e-04,0.66409,0.0745
64,1,5.439331e-04,0.65631,0.0876
65,1,5.523013e-04,0.66149,0.0753
66,1,5.606695e-04,0.66251,0.0736
67,1,5.690377e-04,0.66439,0.1038
68,1,5.774059e-04,0.65689,0.0833
69,1,5.857741e-04,0.65695,0.0998
70,1,5.941423e-04,0.64636,0.0959
71,1,6.025105e-04,0.64798,0.0912
72,1,6.108787e-04,0.64370,0.1003
73,1,6.192469e-04,0.64661,0.0902
74,1,6.276151e-04,0.64539,0.0932
75,1,6.359833e-04,0.63454,0.1037
76,1,6.443515e-04,0.62897,0.1166
77,1,6.527197e-04,0.65037,0.0807
78,1,6.610879e-04,0.63237,0.1031
79,1,6.694561e-04,0.63051,0.1007
80,1,6.778243e-04,0.63266,0.1027
81,1,6.861925e-04,0.63482,0.1026
82,1,6.945607e-04,0.62890,0.1127
83,1,7.029289e-04,0.62357,0.1085
84,1,7.112971e-04,0.62302,0.1165
85,1,7.196653e-04,0.62555,0.1108
86,1,7.280335e-04,0.62469,0.1099
87,1,7.364017e-04,0.61238,0.1113
88,1,7.447699e-04,0.62551,0.0990
89,1,7.531381e-04,0.60784,0.1225
90,1,7.615063e-04,0.61545,0.1313
91,1,7.698745e-04,0.59146,0.1230
92,1,7.782427e-04,0.60243,0.1125
93,1,7.866109e-04,0.58320,0.1349
94,1,7.949791e-04,0.59444,0.1175
95,1,8.033473e-04,0.58515,0.1289
96,1,8.117155e-04,0.58122,0.1174
97,1,8.200837e-04,0.56615,0.1491
98,1,8.284519e-04,0.57428,0.1268
99,1,8.368201e-04,0.58683,0.1346
100,1,8.451883e-04,0.56212,0.1285
101,1,8.535565e-04,0.56625,0.1266
102,1,8.619247e-04,0.55850,0.1233
103,1,8.702929e-04,0.55224,0.1357
104,1,8.786611e-04,0.55706,0.1200
105,1,8.870293e-04,0.56014,0.1105
106,1,8.953975e-04,0.54837,0.1143
107,1,9.037657e-04,0.54375,0.1198
108,1,9.121339e-04,0.52577,0.1548
109,1,9.205021e-04,0.54479,0.1292
110,1,9.288703e-04,0.53832,0.1132
111,1,9.372385e-04,0.51058,0.1332
112,1,9.456067e-04,0.54657,0.1063
113,1,9.539749e-04,0.50071,0.1275
114,1,9.623431e-04,0.53064,0.1042
115,1,9.707113e-04,0.49921,0.1265
116,1,9.790795e-04,0.48417,0.1503
117,1,9.874477e-04,0.51221,0.1044
118,1,9.958159e-04,0.47983,0.1260
119,1,1.004184e-03,0.49436,0.1042
120,1,1.012552e-03,0.51263,0.1296
121,1,1.020921e-03,0.47863,0.1036
122,1,1.029289e-03,0.47122,0.1128
123,1,1.037657e-03,0.47109,0.0983
124,1,1.046025e-03,0.49366,0.0973
125,1,1.054393e-03,0.48312,0.1210
126,1,1.062762e-03,0.46207,0.1001
127,1,1.071130e-03,0.44899,0.1032
128,1,1.079498e-03,0.46407,0.1348
129,1,1.087866e-03,0.44509,0.0990
130,1,1.096234e-03,0.47551,0.0923
131,1,1.104603e-03,0.46321,0.0773
132,1,1.112971e-03,0.46285,0.0926
133,1,1.121339e-03,0.45850,0.0855
134,1,1.129707e-03,0.45523,0.0836
135,1,1.138075e-03,0.42042,0.0945
136,1,1.146444e-03,0.43033,0.1065
137,1,1.154812e-03,0.45894,0.1000
138,1,1.163180e-03,0.43302,0.0716
139,1,1.171548e-03,0.42606,0.0843
140,1,1.179916e-03,0.43764,0.0798
141,1,1.188285e-03,0.42786,0.0824
142,1,1.196653e-03,0.41452,0.0727
143,1,1.205021e-03,0.38206,0.1002
144,1,1.213389e-03,0.45561,0.0812
145,1,1.221757e-03,0.41175,0.0815
146,1,1.230126e-03,0.39795,0.0838
147,1,1.238494e-03,0.38540,0.0772
148,1,1.246862e-03,0.39054,0.0784
149,1,1.255230e-03,0.37935,0.0874
150,1,1.263598e-03,0.39454,0.0862
151,1,1.271967e-03,0.42156,0.0855
152,1,1.280335e-03,0.39559,0.0917
153,1,1.288703e-03,0.41408,0.0842
154,1,1.297071e-03,0.43154,0.0785
155,1,1.305439e-03,0.42217,0.0751
156,1,1.313808e-03,0.37734,0.0890
157,1,1.322176e-03,0.38843,0.0660
158,1,1.330544e-03,0.40698,0.0780
159,1,1.338912e-03,0.40234,0.0695
160,1,1.347280e-03,0.33399,0.0924
161,1,1.355649e-03,0.43419,0.0970
162,1,1.364017e-03,0.36629,0.0780
163,1,1.372385e-03,0.34410,0.1093
164,1,1.380753e-03,0.38003,0.0773
165,1,1.389121e-03,0.39072,0.0704
166,1,1.397490e-03,0.36845,0.0736
167,1,1.405858e-03,0.37029,0.0797
168,1,1.414226e-03,0.40034,0.0895
169,1,1.422594e-03,0.36118,0.0750
170,1,1.430962e-03,0.38097,0.0870
171,1,1.439331e-03,0.34792,0.0723
172,1,1.447699e-03,0.37959,0.0782
173,1,1.456067e-03,0.40197,0.0838
174,1,1.464435e-03,0.33797,0.0761
175,1,1.472803e-03,0.39155,0.0867
176,1,1.481172e-03,0.35265,0.1055
177,1,1.489540e-03,0.33148,0.0761
178,1,1.497908e-03,0.42113,0.1084
179,1,1.506276e-03,0.34577,0.0768
180,1,1.514644e-03,0.36575,0.0725
181,1,1.523013e-03,0.33161,0.0654
182,1,1.531381e-03,0.35827,0.0867
183,1,1.539749e-03,0.35288,0.0749
184,1,1.548117e-03,0.35635,0.0730
185,1,1.556485e-03,0.39027,0.0903
186,1,1.564854e-03,0.38509,0.1613
187,1,1.573222e-03,0.31697,0.0701
188,1,1.581590e-03,0.37580,0.0890
189,1,1.589958e-03,0.34822,0.1067
190,1,1.598326e-03,0.37552,0.0693
191,1,1.606695e-03,0.31686,0.0677
192,1,1.615063e-03,0.38760,0.0826
193,1,1.623431e-03,0.37932,0.0808
194,1,1.631799e-03,0.36284,0.1280
195,1,1.640167e-03,0.36371,0.0668
196,1,1.648536e-03,0.33107,0.1291
197,1,1.656904e-03,0.38146,0.1533
198,1,1.665272e-03,0.32898,0.0809
199,1,1.673640e-03,0.31827,0.0769
200,1,1.682008e-03,0.31084,0.0907
201,1,1.690377e-03,0.33956,0.0656
202,1,1.698745e-03,0.29619,0.0811
203,1,1.707113e-03,0.35788,0.0712
204,1,1.715481e-03,0.29999,0.0994
205,1,1.723849e-03,0.37900,0.0851
206,1,1.732218e-03,0.32925,0.0794
207,1,1.740586e-03,0.31410,0.0704
208,1,1.748954e-03,0.30897,0.0757
209,1,1.757322e-03,0.33678,0.0670
210,1,1.765690e-03,0.32157,0.1193
211,1,1.774059e-03,0.35387,0.1205
212,1,1.782427e-03,0.38279,0.0863
213,1,1.790795e-03,0.31991,0.0670
214,1,1.799163e-03,0.31674,0.0603
215,1,1.807531e-03,0.30987,0.0711
216,1,1.815900e-03,0.32341,0.0824
217,1,1.824268e-03,0.31674,0.0807
218,1,1.832636e-03,0.33036,0.0667
219,1,1.841004e-03,0.29424,0.1124
220,1,1.849372e-03,0.31375,0.0698
221,1,1.857741e-03,0.32683,0.1081
222,1,1.866109e-03,0.32337,0.0947
223,1,1.874477e-03,0.32727,0.0781
224,1,1.882845e-03,0.30040,0.0680
225,1,1.891213e-03,0.35489,0.1009
226,1,1.899582e-03,0.31081,0.0667
227,1,1.907950e-03,0.31158,0.0692
228,1,1.916318e-03,0.33184,0.1004
229,1,1.924686e-03,0.31243,0.0958
230,1,1.933054e-03,0.29114,0.0979
231,1,1.941423e-03,0.28899,0.0692
232,1,1.949791e-03,0.29782,0.0658
233,1,1.958159e-03,0.32197,0.1163
234,1,1.966527e-03,0.27474,0.0729
235,1,1.974895e-03,0.31744,0.0707
236,1,1.983264e-03,0.30486,0.0869
237,1,1.991632e-03,0.31193,0.0669
238,1,2.000000e-03,0.29011,0.1026
239,1,2.000000e-03,0.30123,0.0716
240,1,2.000000e-03,0.34717,0.0783
241,1,2.000000e-03,0.29086,0.0731
242,1,1.999999e-03,0.31589,0.0674
243,1,1.999999e-03,0.30989,0.0682
244,1,1.999998e-03,0.31464,0.0762
245,1,1.999997e-03,0.27375,0.0660
246,1,1.999996e-03,0.32691,0.0740
247,1,1.999995e-03,0.36150,0.0857
248,1,1.999994e-03,0.30329,0.0778
249,1,1.999992e-03,0.30999,0.0759
250,1,1.999991e-03,0.27660,0.1288
251,1,1.999989e-03,0.25660,0.0805
252,1,1.999987e-03,0.29581,0.0711
253,1,1.999985e-03,0.30012,0.0649
254,1,1.999982e-03,0.28631,0.0735
255,1,1.999980e-03,0.30712,0.1158
256,1,1.999977e-03,0.27810,0.0623
257,1,1.999975e-03,0.26276,0.0654
258,1,1.999972e-03,0.27850,0.0909
259,1,1.999969e-03,0.32329,0.0703
260,1,1.999965e-03,0.26901,0.0703
261,1,1.999962e-03,0.29928,0.0716
262,1,1.999958e-03,0.31250,0.0718
263,1,1.999955e-03,0.33643,0.0990
264,1,1.999951e-03,0.29150,0.0690
265,1,1.999947e-03,0.31418,0.0923
266,1,1.999943e-03,0.30414,0.0724
267,1,1.999938e-03,0.26919,0.0812
268,1,1.999934e-03,0.28832,0.0634
269,1,1.999929e-03,0.29294,0.0701
270,1,1.999925e-03,0.30321,0.0635
271,1,1.999920e-03,0.26955,0.0869
272,1,1.999915e-03,0.28640,0.0778
273,1,1.999909e-03,0.21957,0.0721
274,1,1.999904e-03,0.29904,0.0692
275,1,1.999898e-03,0.26860,0.0823
276,1,1.999893e-03,0.27889,0.0706
277,1,1.999887e-03,0.30133,0.0694
278,1,1.999881e-03,0.31317,0.0763
279,1,1.999874e-03,0.31540,0.0999
280,1,1.999868e-03,0.27286,0.0711
281,1,1.999862e-03,0.27647,0.0716
282,1,1.999855e-03,0.26632,0.0616
283,1,1.999848e-03,0.32327,0.1137
284,1,1.999841e-03,0.27698,0.0660
285,1,1.999834e-03,0.24695,0.0816
286,1,1.999827e-03,0.27639,0.0738
287,1,1.999819e-03,0.29588,0.0712
288,1,1.999812e-03,0.26217,0.0685
289,1,1.999804e-03,0.26742,0.0590
290,1,1.999796e-03,0.30434,0.0666
291,1,1.999788e-03,0.26971,0.0615
292,1,1.999780e-03,0.28795,0.0809
293,1,1.999771e-03,0.25547,0.0819
294,1,1.999763e-03,0.28560,0.0672
295,1,1.999754e-03,0.26085,0.0756
296,1,1.999745e-03,0.29492,0.0896
297,1,1.999736e-03,0.32223,0.1064
298,1,1.999727e-03,0.25901,0.0681
299,1,1.999717e-03,0.26391,0.0616
300,1,1.999708e-03,0.27910,0.0698
301,1,1.999698e-03,0.27899,0.0688
302,1,1.999689e-03,0.34139,0.0963
303,1,1.999679e-03,0.30647,0.0672
304,1,1.999668e-03,0.25726,0.0647
305,1,1.999658e-03,0.29853,0.0652
306,1,1.999648e-03,0.27677,0.0680
307,1,1.999637e-03,0.29444,0.0866
308,1,1.999626e-03,0.30342,0.0952
309,1,1.999615e-03,0.30291,0.1107
310,1,1.999604e-03,0.26668,0.0600
311,1,1.999593e-03,0.33882,0.0869
312,1,1.999582e-03,0.25075,0.0746
313,1,1.999570e-03,0.26448,0.0924
314,1,1.999559e-03,0.27173,0.0613
315,1,1.999547e-03,0.30481,0.0671
316,1,1.999535e-03,0.26033,0.0774
317,1,1.999523e-03,0.27287,0.0663
318,1,1.999510e-03,0.25426,0.0646
319,1,1.999498e-03,0.28185,0.0712
320,1,1.999485e-03,0.26161,0.0705
321,1,1.999472e-03,0.25897,0.0674
322,1,1.999459e-03,0.28575,0.0705
323,1,1.999446e-03,0.27300,0.0656
324,1,1.999433e-03,0.31201,0.0825
325,1,1.999420e-03,0.28805,0.0706
326,1,1.999406e-03,0.24925,0.0581
327,1,1.999392e-03,0.26089,0.0713
328,1,1.999378e-03,0.24892,0.0594
329,1,1.999364e-03,0.24954,0.0884
330,1,1.999350e-03,0.26780,0.0676
331,1,1.999336e-03,0.29345,0.0741
332,1,1.999321e-03,0.28353,0.0727
333,1,1.999307e-03,0.32243,0.0855
334,1,1.999292e-03,0.27190,0.0692
335,1,1.999277e-03,0.26096,0.0718
336,1,1.999262e-03,0.31979,0.0764
337,1,1.999246e-03,0.27184,0.0742
338,1,1.999231e-03,0.26098,0.0624
339,1,1.999215e-03,0.29394,0.0853
340,1,1.999200e-03,0.29336,0.0920
341,1,1.999184e-03,0.29141,0.0716
342,1,1.999168e-03,0.28886,0.0638
343,1,1.999151e-03,0.26473,0.0754
344,1,1.999135e-03,0.26400,0.1012
345,1,1.999118e-03,0.25294,0.0607
346,1,1.999102e-03,0.23386,0.0687
347,1,1.999085e-03,0.23457,0.0572
348,1,1.999068e-03,0.23088,0.0562
349,1,1.999051e-03,0.27100,0.0933
350,1,1.999033e-03,0.28869,0.0668
351,1,1.999016e-03,0.24516,0.0648
352,1,1.998998e-03,0.23335,0.0709
353,1,1.998980e-03,0.25252,0.0625
354,1,1.998962e-03,0.27566,0.0655
355,1,1.998944e-03,0.24151,0.0683
356,1,1.998926e-03,0.24274,0.0629
357,1,1.998907e-03,0.21540,0.0638
358,1,1.998889e-03,0.28492,0.0834
359,1,1.998870e-03,0.23365,0.0595
360,1,1.998851e-03,0.26878,0.0705
361,1,1.998832e-03,0.26220,0.0642
362,1,1.998813e-03,0.30600,0.0981
363,1,1.998794e-03,0.24571,0.0752
364,1,1.998774e-03,0.27240,0.0595
365,1,1.998754e-03,0.23546,0.0764
366,1,1.998735e-03,0.22478,0.0671
367,1,1.998715e-03,0.26003,0.0650
368,1,1.998694e-03,0.27587,0.0735
369,1,1.998674e-03,0.25208,0.0703
370,1,1.998654e-03,0.22823,0.0550
371,1,1.998633e-03,0.25631,0.0677
372,1,1.998612e-03,0.23543,0.0742
373,1,1.998591e-03,0.24776,0.0656
374,1,1.998570e-03,0.27746,0.0952
375,1,1.998549e-03,0.25132,0.0825
376,1,1.998527e-03,0.20119,0.0605
377,1,1.998506e-03,0.28751,0.0870
378,1,1.998484e-03,0.29849,0.1170
379,1,1.998462e-03,0.31741,0.1016
380,1,1.998440e-03,0.25759,0.0789
381,1,1.998418e-03,0.24203,0.0903
382,1,1.998396e-03,0.26080,0.0726
383,1,1.998373e-03,0.26438,0.0629
384,1,1.998350e-03,0.23483,0.0904
385,1,1.998328e-03,0.22634,0.0724
386,1,1.998305e-03,0.28100,0.0696
387,1,1.998282e-03,0.26434,0.0644
388,1,1.998258e-03,0.24686,0.0816
389,1,1.998235e-03,0.24166,0.0636
390,1,1.998211e-03,0.26994,0.0726
391,1,1.998187e-03,0.23418,0.0684
392,1,1.998164e-03,0.25355,0.0939
393,1,1.998139e-03,0.24448,0.0631
394,1,1.998115e-03,0.21291,0.0982
395,1,1.998091e-03,0.24424,0.0848
396,1,1.998066e-03,0.25715,0.0677
397,1,1.998042e-03,0.28360,0.0685
398,1,1.998017e-03,0.27447,0.0918
399,1,1.997992e-03,0.24319,0.0619
400,1,1.997967e-03,0.25047,0.0682
401,1,1.997941e-03,0.21749,0.0640
402,1,1.997916e-03,0.26623,0.0650
403,1,1.997890e-03,0.30380,0.0861
404,1,1.997864e-03,0.23616,0.0628
405,1,1.997838e-03,0.24534,0.0804
406,1,1.997812e-03,0.27047,0.0722
407,1,1.997786e-03,0.23747,0.0586
408,1,1.997759e-03,0.28298,0.0904
409,1,1.997733e-03,0.24184,0.0603
410,1,1.997706e-03,0.25877,0.0785
411,1,1.997679e-03,0.23053,0.0533
412,1,1.997652e-03,0.25518,0.0783
413,1,1.997625e-03,0.25436,0.0655
414,1,1.997598e-03,0.24323,0.0826
415,1,1.997570e-03,0.25333,0.0659
416,1,1.997542e-03,0.24985,0.0591
417,1,1.997515e-03,0.25953,0.0646
418,1,1.997487e-03,0.27303,0.0793
419,1,1.997458e-03,0.28316,0.0818
420,1,1.997430e-03,0.27354,0.0741
421,1,1.997402e-03,0.24323,0.0738
422,1,1.997373e-03,0.27618,0.0863
423,1,1.997344e-03,0.27028,0.0669
424,1,1.997315e-03,0.24461,0.0665
425,1,1.997286e-03,0.27973,0.0690
426,1,1.997257e-03,0.24384,0.0716
427,1,1.997228e-03,0.23086,0.0860
428,1,1.997198e-03,0.27097,0.0946
429,1,1.997168e-03,0.20629,0.0748
430,1,1.997138e-03,0.23870,0.0570
431,1,1.997108e-03,0.27731,0.0695
432,1,1.997078e-03,0.26908,0.0662
433,1,1.997048e-03,0.26830,0.0633
434,1,1.997017e-03,0.28027,0.0683
435,1,1.996987e-03,0.24944,0.0688
436,1,1.996956e-03,0.30271,0.0777
437,1,1.996925e-03,0.26401,0.0673
438,1,1.996894e-03,0.26557,0.0756
439,1,1.996863e-03,0.25055,0.0612
440,1,1.996831e-03,0.26870,0.0839
441,1,1.996800e-03,0.20766,0.0733
442,1,1.996768e-03,0.31313,0.1486
443,1,1.996736e-03,0.24261,0.0574
444,1,1.996704e-03,0.25947,0.1226
445,1,1.996672e-03,0.24525,0.0660
446,1,1.996639e-03,0.23028,0.0662
447,1,1.996607e-03,0.24480,0.0571
448,1,1.996574e-03,0.21528,0.0639
449,1,1.996541e-03,0.27326,0.0688
450,1,1.996508e-03,0.26042,0.0581
451,1,1.996475e-03,0.22971,0.0536
452,1,1.996442e-03,0.23483,0.1116
453,1,1.996408e-03,0.24950,0.0684
454,1,1.996375e-03,0.22979,0.0833
455,1,1.996341e-03,0.20856,0.0720
456,1,1.996307e-03,0.24995,0.0972
457,1,1.996273e-03,0.27487,0.0734
458,1,1.996239e-03,0.25125,0.0798
459,1,1.996204e-03,0.24410,0.0898
460,1,1.996170e-03,0.24838,0.1098
461,1,1.996135e-03,0.29625,0.0719
462,1,1.996100e-03,0.28730,0.0715
463,1,1.996065e-03,0.26144,0.0632
464,1,1.996030e-03,0.27391,0.0988
465,1,1.995994e-03,0.23448,0.0658
466,1,1.995959e-03,0.23988,0.0849
467,1,1.995923e-03,0.21565,0.0834
468,1,1.995888e-03,0.27435,0.0848
469,1,1.995852e-03,0.24788,0.0600
470,1,1.995815e-03,0.28028,0.0826
471,1,1.995779e-03,0.26277,0.0710
472,1,1.995743e-03,0.26789,0.0735
473,1,1.995706e-03,0.27298,0.0685
474,1,1.995669e-03,0.28965,0.0791
475,1,1.995632e-03,0.21111,0.0644
476,1,1.995595e-03,0.23045,0.0604
477,1,1.995558e-03,0.25091,0.0719
478,1,1.995521e-03,0.23331,0.0621
479,1,1.995483e-03,0.24586,0.0684
480,1,1.995446e-03,0.25856,0.0663
481,1,1.995408e-03,0.24727,0.0753
482,1,1.995370e-03,0.25417,0.0718
483,1,1.995332e-03,0.24675,0.0890
484,1,1.995293e-03,0.24146,0.0788
485,1,1.995255e-03,0.29273,0.0671
486,1,1.995216e-03,0.24465,0.0531
487,1,1.995177e-03,0.24465,0.0739
488,1,1.995138e-03,0.24155,0.0646
489,1,1.995099e-03,0.21266,0.0586
490,1,1.995060e-03,0.25118,0.0646
491,1,1.995021e-03,0.28009,0.0734
492,1,1.994981e-03,0.22845,0.0707
493,1,1.994941e-03,0.26082,0.0627
494,1,1.994902e-03,0.24114,0.0659
495,1,1.994862e-03,0.23253,0.0942
496,1,1.994821e-03,0.20898,0.0612
497,1,1.994781e-03,0.27735,0.0838
498,1,1.994740e-03,0.20220,0.0578
499,1,1.994700e-03,0.27994,0.0887
500,1,1.994659e-03,0.25703,0.0615
501,1,1.994618e-03,0.28402,0.0765
502,1,1.994577e-03,0.26606,0.0750
503,1,1.994536e-03,0.30603,0.0902
504,1,1.994494e-03,0.24105,0.0572
505,1,1.994453e-03,0.24086,0.0658
506,1,1.994411e-03,0.22489,0.0515
507,1,1.994369e-03,0.21379,0.0605
508,1,1.994327e-03,0.24979,0.0714
509,1,1.994285e-03,0.21018,0.0630
510,1,1.994242e-03,0.20357,0.0598
511,1,1.994200e-03,0.28327,0.0737
512,1,1.994157e-03,0.19775,0.0853
513,1,1.994114e-03,0.21745,0.0554
514,1,1.994071e-03,0.25864,0.0793
515,1,1.994028e-03,0.23665,0.0716
516,1,1.993985e-03,0.26486,0.0771
517,1,1.993941e-03,0.25265,0.0606
518,1,1.993898e-03,0.30027,0.0913
519,1,1.993854e-03,0.22581,0.0550
520,1,1.993810e-03,0.22029,0.0528
521,1,1.993766e-03,0.25651,0.0544
522,1,1.993722e-03,0.27556,0.0925
523,1,1.993677e-03,0.21093,0.0784
524,1,1.993633e-03,0.23558,0.0574
525,1,1.993588e-03,0.24648,0.0691
526,1,1.993543e-03,0.24489,0.0576
527,1,1.993498e-03,0.20758,0.0623
528,1,1.993453e-03,0.23607,0.1007
529,1,1.993408e-03,0.30911,0.0937
530,1,1.993362e-03,0.25868,0.0732
531,1,1.993317e-03,0.22433,0.0869
532,1,1.993271e-03,0.29571,0.0829
533,1,1.993225e-03,0.31147,0.0891
534,1,1.993179e-03,0.25329,0.0679
535,1,1.993132e-03,0.25478,0.0622
536,1,1.993086e-03,0.25770,0.0696
537,1,1.993039e-03,0.26695,0.0756
538,1,1.992993e-03,0.24647,0.1071
539,1,1.992946e-03,0.19485,0.0713
540,1,1.992899e-03,0.25814,0.0703
541,1,1.992851e-03,0.21244,0.0827
542,1,1.992804e-03,0.24817,0.0578
543,1,1.992757e-03,0.20853,0.0555
544,1,1.992709e-03,0.22981,0.0895
545,1,1.992661e-03,0.21065,0.0678
546,1,1.992613e-03,0.22331,0.0539
547,1,1.992565e-03,0.25521,0.0571
548,1,1.992517e-03,0.22770,0.0566
549,1,1.992468e-03,0.26731,0.0666
550,1,1.992420e-03,0.23055,0.0688
551,1,1.992371e-03,0.20388,0.0647
552,1,1.992322e-03,0.29290,0.1018
553,1,1.992273e-03,0.24221,0.0830
554,1,1.992224e-03,0.21306,0.0788
555,1,1.992174e-03,0.24184,0.1001
556,1,1.992125e-03,0.26472,0.0868
557,1,1.992075e-03,0.23185,0.0648
558,1,1.992025e-03,0.20691,0.0651
559,1,1.991975e-03,0.23526,0.0630
560,1,1.991925e-03,0.21618,0.0583
561,1,1.991875e-03,0.19895,0.0814
562,1,1.991824e-03,0.20986,0.0540
563,1,1.991774e-03,0.24440,0.0595
564,1,1.991723e-03,0.24655,0.0638
565,1,1.991672e-03,0.27629,0.0773
566,1,1.991621e-03,0.22341,0.0644
567,1,1.991570e-03,0.25851,0.0682
568,1,1.991518e-03,0.24827,0.0695
569,1,1.991467e-03,0.21798,0.0657
570,1,1.991415e-03,0.21699,0.0717
571,1,1.991363e-03,0.23483,0.0622
572,1,1.991311e-03,0.26031,0.0695
573,1,1.991259e-03,0.24531,0.0870
574,1,1.991206e-03,0.22607,0.0678
575,1,1.991154e-03,0.22043,0.0598
576,1,1.991101e-03,0.24079,0.0751
577,1,1.991048e-03,0.21373,0.0605
578,1,1.990996e-03,0.22407,0.0753
579,1,1.990942e-03,0.28251,0.0727
580,1,1.990889e-03,0.28965,0.0825
581,1,1.990836e-03,0.22910,0.0648
582,1,1.990782e-03,0.29019,0.0854
583,1,1.990728e-03,0.26475,0.0758
584,1,1.990674e-03,0.26924,0.0849
585,1,1.990620e-03,0.25755,0.0639
586,1,1.990566e-03,0.30094,0.0915
587,1,1.990512e-03,0.24534,0.0546
588,1,1.990457e-03,0.23363,0.0702
589,1,1.990403e-03,0.20813,0.0757
590,1,1.990348e-03,0.22575,0.0631
591,1,1.990293e-03,0.22311,0.0590
592,1,1.990238e-03,0.30985,0.0769
593,1,1.990182e-03,0.20496,0.0581
594,1,1.990127e-03,0.23119,0.0995
595,1,1.990071e-03,0.25781,0.0962
596,1,1.990016e-03,0.26708,0.0867
597,1,1.989960e-03,0.22722,0.0594
598,1,1.989904e-03,0.24935,0.0564
599,1,1.989847e-03,0.21503,0.0625
600,1,1.989791e-03,0.24035,0.0650
601,1,1.989734e-03,0.23403,0.0674
602,1,1.989678e-03,0.23547,0.0682
603,1,1.989621e-03,0.23001,0.0546
604,1,1.989564e-03,0.21618,0.0762
605,1,1.989507e-03,0.23390,0.0540
606,1,1.989449e-03,0.23217,0.0562
607,1,1.989392e-03,0.21210,0.0571
608,1,1.989334e-03,0.33554,0.0987
609,1,1.989277e-03,0.23460,0.0839
610,1,1.989219e-03,0.27789,0.0729
611,1,1.989161e-03,0.24855,0.0693
612,1,1.989102e-03,0.23213,0.0616
613,1,1.989044e-03,0.26325,0.0739
614,1,1.988985e-03,0.23776,0.0710
615,1,1.988927e-03,0.21265,0.0818
616,1,1.988868e-03,0.21128,0.0607
617,1,1.988809e-03,0.22956,0.0572
618,1,1.988750e-03,0.24413,0.0520
619,1,1.988690e-03,0.21988,0.0596
620,1,1.988631e-03,0.20306,0.0614
621,1,1.988571e-03,0.25283,0.0606
622,1,1.988511e-03,0.19628,0.0544
623,1,1.988451e-03,0.22140,0.0595
624,1,1.988391e-03,0.24811,0.0704
625,1,1.988331e-03,0.24883,0.0749
626,1,1.988271e-03,0.24558,0.0704
627,1,1.988210e-03,0.21477,0.0864
628,1,1.988149e-03,0.28832,0.1044
629,1,1.988089e-03,0.22884,0.0770
630,1,1.988027e-03,0.21298,0.0507
631,1,1.987966e-03,0.21690,0.0568
632,1,1.987905e-03,0.25480,0.0673
633,1,1.987843e-03,0.25861,0.0950
634,1,1.987782e-03,0.25076,0.0643
635,1,1.987720e-03,0.26172,0.0614
636,1,1.987658e-03,0.23609,0.0671
637,1,1.987596e-03,0.24419,0.0565
638,1,1.987534e-03,0.22404,0.0838
639,1,1.987471e-03,0.24803,0.0711
640,1,1.987409e-03,0.26561,0.0740
641,1,1.987346e-03,0.20960,0.0800
642,1,1.987283e-03,0.23827,0.0598
643,1,1.987220e-03,0.21982,0.0723
644,1,1.987157e-03,0.23757,0.0628
645,1,1.987093e-03,0.18725,0.0594
646,1,1.987030e-03,0.24314,0.0609
647,1,1.986966e-03,0.25399,0.0659
648,1,1.986902e-03,0.26998,0.0654
649,1,1.986838e-03,0.24327,0.0561
650,1,1.986774e-03,0.21480,0.0602
651,1,1.986710e-03,0.20761,0.0636
652,1,1.986646e-03,0.24582,0.0747
653,1,1.986581e-03,0.26006,0.0761
654,1,1.986516e-03,0.21773,0.0505
655,1,1.986451e-03,0.20434,0.0595
656,1,1.986386e-03,0.24242,0.0646
657,1,1.986321e-03,0.24057,0.0644
658,1,1.986256e-03,0.26518,0.0674
659,1,1.986190e-03,0.24014,0.0640
660,1,1.986124e-03,0.25530,0.0608
661,1,1.986059e-03,0.21523,0.0789
662,1,1.985993e-03,0.24403,0.0657
663,1,1.985926e-03,0.27050,0.0592
664,1,1.985860e-03,0.22237,0.0686
665,1,1.985794e-03,0.24314,0.0556
666,1,1.985727e-03,0.20862,0.0688
667,1,1.985660e-03,0.23505,0.0622
668,1,1.985593e-03,0.23891,0.0958
669,1,1.985526e-03,0.21978,0.0706
670,1,1.985459e-03,0.23922,0.0848
671,1,1.985392e-03,0.21752,0.0565
672,1,1.985324e-03,0.22385,0.0576
673,1,1.985257e-03,0.23967,0.0625
674,1,1.985189e-03,0.21986,0.0538
675,1,1.985121e-03,0.23651,0.0658
676,1,1.985053e-03,0.22191,0.0506
677,1,1.984984e-03,0.22636,0.0564
678,1,1.984916e-03,0.23706,0.0778
679,1,1.984847e-03,0.23291,0.0632
680,1,1.984778e-03,0.23017,0.0813
681,1,1.984709e-03,0.20618,0.0666
682,1,1.984640e-03,0.20341,0.0642
683,1,1.984571e-03,0.25665,0.0596
684,1,1.984502e-03,0.23552,0.0826
685,1,1.984432e-03,0.19779,0.0741
686,1,1.984363e-03,0.20725,0.0563
687,1,1.984293e-03,0.23279,0.0693
688,1,1.984223e-03,0.27387,0.0736
689,1,1.984153e-03,0.24030,0.0692
690,1,1.984082e-03,0.21922,0.0859
691,1,1.984012e-03,0.24738,0.0860
692,1,1.983941e-03,0.25954,0.0686
693,1,1.983870e-03,0.25065,0.0620
694,1,1.983799e-03,0.24021,0.0643
695,1,1.983728e-03,0.22158,0.0638
696,1,1.983657e-03,0.21308,0.0568
697,1,1.983586e-03,0.19700,0.0515
698,1,1.983514e-03,0.21253,0.0820
699,1,1.983442e-03,0.25598,0.0611
700,1,1.983371e-03,0.24598,0.0595
701,1,1.983299e-03,0.26522,0.0841
702,1,1.983226e-03,0.19666,0.0575
703,1,1.983154e-03,0.22479,0.0541
704,1,1.983082e-03,0.22803,0.0904
705,1,1.983009e-03,0.23788,0.0830
706,1,1.982936e-03,0.22388,0.0926
707,1,1.982863e-03,0.19926,0.0774
708,1,1.982790e-03,0.21277,0.0518
709,1,1.982717e-03,0.19249,0.0772
710,1,1.982644e-03,0.22665,0.0609
711,1,1.982570e-03,0.24472,0.0913
712,1,1.982496e-03,0.19104,0.0686
713,1,1.982422e-03,0.24282,0.0849
714,1,1.982348e-03,0.23551,0.0560
715,1,1.982274e-03,0.25164,0.0667
716,1,1.982200e-03,0.15624,0.0629
717,1,1.982125e-03,0.24347,0.0524
718,1,1.982051e-03,0.21823,0.0522
719,1,1.981976e-03,0.22261,0.0690
720,1,1.981901e-03,0.21196,0.0641
721,1,1.981826e-03,0.25279,0.0723
722,1,1.981751e-03,0.20213,0.0696
723,1,1.981675e-03,0.26356,0.0721
724,1,1.981600e-03,0.26780,0.0747
725,1,1.981524e-03,0.22718,0.0541
726,1,1.981448e-03,0.21253,0.0894
727,1,1.981372e-03,0.21257,0.0590
728,1,1.981296e-03,0.23830,0.0684
729,1,1.981220e-03,0.23017,0.0598
730,1,1.981143e-03,0.22834,0.0789
731,1,1.981067e-03,0.26054,0.0752
732,1,1.980990e-03,0.25211,0.0604
733,1,1.980913e-03,0.21149,0.0553
734,1,1.980836e-03,0.23036,0.0578
735,1,1.980759e-03,0.23248,0.0677
736,1,1.980681e-03,0.24205,0.0779
737,1,1.980604e-03,0.21836,0.0620
738,1,1.980526e-03,0.19259,0.0541
739,1,1.980448e-03,0.21981,0.0584
740,1,1.980370e-03,0.21976,0.0571
741,1,1.980292e-03,0.21808,0.0611
742,1,1.980213e-03,0.22731,0.0712
743,1,1.980135e-03,0.21234,0.0588
744,1,1.980056e-03,0.23156,0.0946
745,1,1.979978e-03,0.20020,0.0781
746,1,1.979899e-03,0.24127,0.0616
747,1,1.979820e-03,0.27131,0.0830
748,1,1.979740e-03,0.25957,0.0673
749,1,1.979661e-03,0.22580,0.0645
750,1,1.979581e-03,0.21717,0.0586
751,1,1.979502e-03,0.24693,0.0662
752,1,1.979422e-03,0.19835,0.0714
753,1,1.979342e-03,0.24126,0.0738
754,1,1.979262e-03,0.21476,0.0553
755,1,1.979181e-03,0.23552,0.0659
756,1,1.979101e-03,0.24993,0.0706
757,1,1.979020e-03,0.25830,0.0775
758,1,1.978939e-03,0.19229,0.0620
759,1,1.978858e-03,0.21444,0.0573
760,1,1.978777e-03,0.21341,0.0612
761,1,1.978696e-03,0.15450,0.0588
762,1,1.978615e-03,0.23637,0.0643
763,1,1.978533e-03,0.23181,0.0694
764,1,1.978452e-03,0.20391,0.0776
765,1,1.978370e-03,0.21399,0.0600
766,1,1.978288e-03,0.21813,0.0509
767,1,1.978205e-03,0.20075,0.0658
768,1,1.978123e-03,0.20014,0.0588
769,1,1.978041e-03,0.20196,0.0573
770,1,1.977958e-03,0.22505,0.0671
771,1,1.977875e-03,0.23094,0.0534
772,1,1.977792e-03,0.25441,0.0893
773,1,1.977709e-03,0.20534,0.0536
774,1,1.977626e-03,0.24843,0.0566
775,1,1.977543e-03,0.30389,0.0822
776,1,1.977459e-03,0.20796,0.0713
777,1,1.977375e-03,0.23742,0.0556
778,1,1.977292e-03,0.24133,0.0672
779,1,1.977208e-03,0.22172,0.0578
780,1,1.977123e-03,0.19604,0.0655
781,1,1.977039e-03,0.19657,0.0571
782,1,1.976955e-03,0.23479,0.0526
783,1,1.976870e-03,0.21323,0.0664
784,1,1.976785e-03,0.25957,0.0679
785,1,1.976700e-03,0.23315,0.0533
786,1,1.976615e-03,0.16329,0.0654
787,1,1.976530e-03,0.17010,0.0519
788,1,1.976445e-03,0.23983,0.0925
789,1,1.976359e-03,0.21323,0.0564
790,1,1.976273e-03,0.17425,0.0545
791,1,1.976188e-03,0.25248,0.0724
792,1,1.976102e-03,0.19757,0.0545
793,1,1.976016e-03,0.21041,0.0587
794,1,1.975929e-03,0.23751,0.0811
795,1,1.975843e-03,0.21207,0.0578
796,1,1.975756e-03,0.22485,0.0498
797,1,1.975669e-03,0.26261,0.0958
798,1,1.975583e-03,0.27446,0.0674
799,1,1.975495e-03,0.17244,0.0499
800,1,1.975408e-03,0.22093,0.0539
801,1,1.975321e-03,0.22244,0.0690
802,1,1.975233e-03,0.25219,0.0703
803,1,1.975146e-03,0.26066,0.0811
804,1,1.975058e-03,0.25040,0.0740
805,1,1.974970e-03,0.29021,0.0823
806,1,1.974882e-03,0.24146,0.0648
807,1,1.974793e-03,0.17576,0.0592
808,1,1.974705e-03,0.24373,0.0644
809,1,1.974616e-03,0.23284,0.0795
810,1,1.974528e-03,0.19318,0.0917
811,1,1.974439e-03,0.21971,0.0554
812,1,1.974350e-03,0.22610,0.0581
813,1,1.974261e-03,0.24980,0.0601
814,1,1.974171e-03,0.20307,0.0511
815,1,1.974082e-03,0.19577,0.0660
816,1,1.973992e-03,0.25392,0.0826
817,1,1.973902e-03,0.25350,0.0646
818,1,1.973812e-03,0.23335,0.0712
819,1,1.973722e-03,0.24042,0.0655
820,1,1.973632e-03,0.24901,0.0688
821,1,1.973541e-03,0.24814,0.0582
822,1,1.973451e-03,0.24733,0.0655
823,1,1.973360e-03,0.20734,0.0544
824,1,1.973269e-03,0.23942,0.0737
825,1,1.973178e-03,0.20938,0.0526
826,1,1.973087e-03,0.19290,0.0597
827,1,1.972996e-03,0.23045,0.0657
828,1,1.972904e-03,0.19549,0.0572
829,1,1.972813e-03,0.23767,0.0638
830,1,1.972721e-03,0.23206,0.0739
831,1,1.972629e-03,0.20644,0.0613
832,1,1.972537e-03,0.19664,0.0573
833,1,1.972444e-03,0.19409,0.0538
834,1,1.972352e-03,0.19603,0.0603
835,1,1.972260e-03,0.21870,0.0520
836,1,1.972167e-03,0.24885,0.0584
837,1,1.972074e-03,0.32105,0.1004
838,1,1.971981e-03,0.24386,0.0690
839,1,1.971888e-03,0.19735,0.0778
840,1,1.971794e-03,0.24431,0.0570
841,1,1.971701e-03,0.21398,0.0667
842,1,1.971607e-03,0.21436,0.0580
843,1,1.971514e-03,0.18493,0.0720
844,1,1.971420e-03,0.25426,0.0658
845,1,1.971326e-03,0.26412,0.0857
846,1,1.971231e-03,0.25911,0.0691
847,1,1.971137e-03,0.18066,0.0640
848,1,1.971042e-03,0.20594,0.0581
849,1,1.970948e-03,0.23081,0.0526
850,1,1.970853e-03,0.23778,0.0547
851,1,1.970758e-03,0.26296,0.0823
852,1,1.970663e-03,0.21375,0.0709
853,1,1.970567e-03,0.22273,0.0788
854,1,1.970472e-03,0.20045,0.0544
855,1,1.970376e-03,0.20614,0.0599
856,1,1.970281e-03,0.21603,0.0555
857,1,1.970185e-03,0.21308,0.0702
858,1,1.970089e-03,0.22155,0.0544
859,1,1.969992e-03,0.24840,0.0840
860,1,1.969896e-03,0.21882,0.0513
861,1,1.969800e-03,0.20852,0.0544
862,1,1.969703e-03,0.23459,0.0621
863,1,1.969606e-03,0.19718,0.0648
864,1,1.969509e-03,0.19046,0.0454
865,1,1.969412e-03,0.26190,0.0718
866,1,1.969315e-03,0.21713,0.0538
867,1,1.969217e-03,0.17644,0.0590
868,1,1.969120e-03,0.23696,0.0674
869,1,1.969022e-03,0.23601,0.0592
870,1,1.968924e-03,0.21120,0.0622
871,1,1.968826e-03,0.25627,0.0663
872,1,1.968728e-03,0.24046,0.0531
873,1,1.968630e-03,0.21415,0.0551
874,1,1.968531e-03,0.20912,0.0544
875,1,1.968432e-03,0.22919,0.0606
876,1,1.968334e-03,0.16874,0.0590
877,1,1.968235e-03,0.16112,0.0563
878,1,1.968136e-03,0.21338,0.0545
879,1,1.968036e-03,0.21198,0.0691
880,1,1.967937e-03,0.22949,0.0722
881,1,1.967837e-03,0.25975,0.0716
882,1,1.967738e-03,0.20718,0.0597
883,1,1.967638e-03,0.18389,0.0522
884,1,1.967538e-03,0.25554,0.0974
885,1,1.967438e-03,0.22027,0.0584
886,1,1.967337e-03,0.20036,0.0614
887,1,1.967237e-03,0.19782,0.0545
888,1,1.967136e-03,0.23307,0.0597
889,1,1.967036e-03,0.21736,0.0622
890,1,1.966935e-03,0.19582,0.0638
891,1,1.966834e-03,0.23134,0.0639
892,1,1.966732e-03,0.26146,0.0758
893,1,1.966631e-03,0.20249,0.0621
894,1,1.966529e-03,0.28231,0.0690
895,1,1.966428e-03,0.19913,0.0551
896,1,1.966326e-03,0.19749,0.0531
897,1,1.966224e-03,0.24166,0.0616
898,1,1.966122e-03,0.22803,0.0605
899,1,1.966020e-03,0.22983,0.0538
900,1,1.965917e-03,0.21757,0.0608
901,1,1.965815e-03,0.22778,0.0525
902,1,1.965712e-03,0.23732,0.0718
903,1,1.965609e-03,0.23764,0.0609
904,1,1.965506e-03,0.19647,0.0593
905,1,1.965403e-03,0.21938,0.0520
906,1,1.965299e-03,0.21239,0.0598
907,1,1.965196e-03,0.19490,0.0519
908,1,1.965092e-03,0.20798,0.0571
909,1,1.964989e-03,0.23028,0.0866
910,1,1.964885e-03,0.20703,0.0633
911,1,1.964780e-03,0.20168,0.0508
912,1,1.964676e-03,0.19871,0.0590
913,1,1.964572e-03,0.23886,0.0620
914,1,1.964467e-03,0.27068,0.0815
915,1,1.964363e-03,0.20827,0.0527
916,1,1.964258e-03,0.19429,0.0556
917,1,1.964153e-03,0.20785,0.0484
918,1,1.964048e-03,0.24372,0.0631
919,1,1.963942e-03,0.21281,0.0691
920,1,1.963837e-03,0.22367,0.0534
921,1,1.963731e-03,0.24980,0.0648
922,1,1.963625e-03,0.24498,0.1061
923,1,1.963520e-03,0.24185,0.0540
924,1,1.963414e-03,0.18769,0.0511
925,1,1.963307e-03,0.23985,0.0833
926,1,1.963201e-03,0.21336,0.0569
927,1,1.963094e-03,0.19690,0.0542
928,1,1.962988e-03,0.20168,0.0659
929,1,1.962881e-03,0.22797,0.0584
930,1,1.962774e-03,0.18304,0.0604
931,1,1.962667e-03,0.25567,0.0757
932,1,1.962560e-03,0.22900,0.0603
933,1,1.962452e-03,0.22361,0.0606
934,1,1.962345e-03,0.23544,0.0534
935,1,1.962237e-03,0.21353,0.0715
936,1,1.962129e-03,0.21195,0.0556
937,1,1.962021e-03,0.21224,0.0573
938,1,1.961913e-03,0.26746,0.0739
939,1,1.961805e-03,0.19115,0.0557
940,1,1.961696e-03,0.25092,0.0646
941,1,1.961588e-03,0.22008,0.0618
942,1,1.961479e-03,0.22980,0.0628
943,1,1.961370e-03,0.25001,0.0784
944,1,1.961261e-03,0.24706,0.0695
945,1,1.961152e-03,0.22584,0.0668
946,1,1.961042e-03,0.21100,0.0509
947,1,1.960933e-03,0.24505,0.0618
948,1,1.960823e-03,0.22273,0.0600
949,1,1.960713e-03,0.22043,0.0689
950,1,1.960603e-03,0.16124,0.0656
951,1,1.960493e-03,0.25145,0.0649
952,1,1.960383e-03,0.24678,0.0775
953,1,1.960272e-03,0.20017,0.0523
954,1,1.960162e-03,0.21106,0.0629
955,1,1.960051e-03,0.19590,0.0607
956,1,1.959940e-03,0.18511,0.0505
957,1,1.959829e-03,0.23296,0.0730
958,1,1.959718e-03,0.23476,0.0618
959,1,1.959607e-03,0.20337,0.0618
960,1,1.959495e-03,0.24710,0.0851
961,1,1.959384e-03,0.17929,0.0527
962,1,1.959272e-03,0.22503,0.0605
963,1,1.959160e-03,0.19135,0.0526
964,1,1.959048e-03,0.22093,0.0825
965,1,1.958936e-03,0.22733,0.0524
966,1,1.958823e-03,0.24356,0.0924
967,1,1.958711e-03,0.22831,0.0746
968,1,1.958598e-03,0.19718,0.0529
969,1,1.958485e-03,0.25335,0.0739
970,1,1.958372e-03,0.22647,0.0591
971,1,1.958259e-03,0.24349,0.0704
972,1,1.958146e-03,0.25932,0.0605
973,1,1.958032e-03,0.21127,0.0570
974,1,1.957919e-03,0.24334,0.0694
975,1,1.957805e-03,0.19561,0.0496
976,1,1.957691e-03,0.24006,0.0787
977,1,1.957577e-03,0.17230,0.0599
978,1,1.957463e-03,0.22313,0.1138
979,1,1.957349e-03,0.22522,0.0575
980,1,1.957234e-03,0.21126,0.0688
981,1,1.957119e-03,0.20547,0.0645
982,1,1.957005e-03,0.21142,0.0613
983,1,1.956890e-03,0.25782,0.0701
984,1,1.956775e-03,0.21923,0.0471
985,1,1.956659e-03,0.20703,0.0536
986,1,1.956544e-03,0.19339,0.0552
987,1,1.956429e-03,0.22749,0.0714
988,1,1.956313e-03,0.23067,0.0671
989,1,1.956197e-03,0.19000,0.0625
990,1,1.956081e-03,0.21218,0.0476
991,1,1.955965e-03,0.23110,0.0593
992,1,1.955849e-03,0.18446,0.0582
993,1,1.955732e-03,0.23296,0.0749
994,1,1.955616e-03,0.21018,0.0605
995,1,1.955499e-03,0.23503,0.0531
996,2,1.955382e-03,0.20233,0.0616
997,2,1.955265e-03,0.24758,0.0592
998,2,1.955148e-03,0.20267,0.0601
999,2,1.955031e-03,0.22686,0.0723
1000,2,1.954913e-03,0.19667,0.0543
1001,2,1.954795e-03,0.22156,0.0684
1002,2,1.954678e-03,0.28546,0.1184
1003,2,1.954560e-03,0.17586,0.0583
1004,2,1.954442e-03,0.22376,0.0562
1005,2,1.954323e-03,0.21971,0.0536
1006,2,1.954205e-03,0.22129,0.0562
1007,2,1.954087e-03,0.20826,0.0708
1008,2,1.953968e-03,0.21690,0.0524
1009,2,1.953849e-03,0.22334,0.0585
1010,2,1.953730e-03,0.22200,0.0531
1011,2,1.953611e-03,0.20053,0.0614
1012,2,1.953492e-03,0.18501,0.0548
1013,2,1.953372e-03,0.21495,0.0651
1014,2,1.953253e-03,0.20074,0.0611
1015,2,1.953133e-03,0.18901,0.0664
1016,2,1.953013e-03,0.21277,0.0674
1017,2,1.952893e-03,0.24389,0.0683
1018,2,1.952773e-03,0.20517,0.0612
1019,2,1.952653e-03,0.19735,0.0645
1020,2,1.952532e-03,0.23144,0.0611
1021,2,1.952412e-03,0.17006,0.0586
1022,2,1.952291e-03,0.20624,0.0593
1023,2,1.952170e-03,0.25365,0.0829
1024,2,1.952049e-03,0.20810,0.0639
1025,2,1.951928e-03,0.19204,0.0449
1026,2,1.951806e-03,0.23611,0.0779
1027,2,1.951685e-03,0.22186,0.0544
1028,2,1.951563e-03,0.20567,0.0727
1029,2,1.951441e-03,0.20594,0.0599
1030,2,1.951319e-03,0.22456,0.0866
1031,2,1.951197e-03,0.17996,0.0725
1032,2,1.951075e-03,0.20383,0.0597
1033,2,1.950953e-03,0.20848,0.0624
1034,2,1.950830e-03,0.17179,0.0666
1035,2,1.950707e-03,0.17793,0.0519
1036,2,1.950585e-03,0.19115,0.0522
1037,2,1.950462e-03,0.23857,0.0727
1038,2,1.950339e-03,0.20463,0.0698
1039,2,1.950215e-03,0.20588,0.0622
1040,2,1.950092e-03,0.21642,0.0774
1041,2,1.949968e-03,0.22188,0.0591
1042,2,1.949844e-03,0.19337,0.0474
1043,2,1.949721e-03,0.22110,0.0635
1044,2,1.949597e-03,0.18996,0.0548
1045,2,1.949472e-03,0.20874,0.0583
1046,2,1.949348e-03,0.20414,0.0474
1047,2,1.949224e-03,0.20079,0.0632
1048,2,1.949099e-03,0.19862,0.0610
1049,2,1.948974e-03,0.20910,0.0576
1050,2,1.948849e-03,0.15424,0.0488
1051,2,1.948724e-03,0.22169,0.0609
1052,2,1.948599e-03,0.22373,0.0702
1053,2,1.948474e-03,0.19331,0.0661
1054,2,1.948348e-03,0.20386,0.0768
1055,2,1.948222e-03,0.22097,0.0800
1056,2,1.948097e-03,0.27816,0.0866
1057,2,1.947971e-03,0.23104,0.0546
1058,2,1.947845e-03,0.26346,0.0903
1059,2,1.947718e-03,0.18578,0.0540
1060,2,1.947592e-03,0.25165,0.0759
1061,2,1.947465e-03,0.17160,0.0622
1062,2,1.947339e-03,0.25074,0.0657
1063,2,1.947212e-03,0.20253,0.0516
1064,2,1.947085e-03,0.22156,0.0508
1065,2,1.946958e-03,0.17848,0.0534
1066,2,1.946830e-03,0.17740,0.0537
1067,2,1.946703e-03,0.24106,0.0507
1068,2,1.946575e-03,0.20912,0.0552
1069,2,1.946447e-03,0.21274,0.0552
1070,2,1.946320e-03,0.19351,0.0554
1071,2,1.946192e-03,0.19276,0.0622
1072,2,1.946063e-03,0.21995,0.0542
1073,2,1.945935e-03,0.22630,0.0751
1074,2,1.945807e-03,0.22706,0.0527
1075,2,1.945678e-03,0.19915,0.0495
1076,2,1.945549e-03,0.25910,0.0913
1077,2,1.945420e-03,0.22857,0.0652
1078,2,1.945291e-03,0.21778,0.0553
1079,2,1.945162e-03,0.19153,0.0539
1080,2,1.945033e-03,0.20105,0.0572
1081,2,1.944903e-03,0.17163,0.0494
1082,2,1.944773e-03,0.23438,0.0622
1083,2,1.944644e-03,0.21785,0.0516
1084,2,1.944514e-03,0.21209,0.0710
1085,2,1.944383e-03,0.23550,0.0699
1086,2,1.944253e-03,0.19839,0.0564
1087,2,1.944123e-03,0.19431,0.0552
1088,2,1.943992e-03,0.20321,0.0478
1089,2,1.943862e-03,0.19379,0.0470
1090,2,1.943731e-03,0.18627,0.0530
1091,2,1.943600e-03,0.18500,0.0615
1092,2,1.943469e-03,0.21954,0.0630
1093,2,1.943337e-03,0.20376,0.0588
1094,2,1.943206e-03,0.22268,0.0675
1095,2,1.943074e-03,0.24549,0.0594
1096,2,1.942943e-03,0.19840,0.0587
1097,2,1.942811e-03,0.15452,0.0576
1098,2,1.942679e-03,0.20836,0.0561
1099,2,1.942546e-03,0.21635,0.0489
1100,2,1.942414e-03,0.21104,0.0655
1101,2,1.942282e-03,0.19358,0.0499
1102,2,1.942149e-03,0.22148,0.0665
1103,2,1.942016e-03,0.22104,0.0569
1104,2,1.941883e-03,0.15765,0.0641
1105,2,1.941750e-03,0.25301,0.0743
1106,2,1.941617e-03,0.19013,0.0547
1107,2,1.941484e-03,0.24574,0.0723
1108,2,1.941350e-03,0.15491,0.0532
1109,2,1.941217e-03,0.18512,0.0756
1110,2,1.941083e-03,0.21583,0.0558
1111,2,1.940949e-03,0.20648,0.0713
1112,2,1.940815e-03,0.19204,0.0565
1113,2,1.940681e-03,0.18654,0.0524
1114,2,1.940546e-03,0.20008,0.0509
1115,2,1.940412e-03,0.19050,0.0491
1116,2,1.940277e-03,0.20635,0.0622
1117,2,1.940142e-03,0.22353,0.0631
1118,2,1.940007e-03,0.20698,0.0650
1119,2,1.939872e-03,0.23592,0.0636
1120,2,1.939737e-03,0.18515,0.0496
1121,2,1.939601e-03,0.17129,0.0675
1122,2,1.939466e-03,0.20387,0.0504
1123,2,1.939330e-03,0.18034,0.0643
1124,2,1.939194e-03,0.19576,0.0559
1125,2,1.939058e-03,0.19940,0.0548
1126,2,1.938922e-03,0.23086,0.0677
1127,2,1.938786e-03,0.19600,0.0639
1128,2,1.938649e-03,0.17287,0.0537
1129,2,1.938513e-03,0.21483,0.0926
1130,2,1.938376e-03,0.21294,0.0722
1131,2,1.938239e-03,0.23556,0.0773
1132,2,1.938102e-03,0.22464,0.0641
1133,2,1.937965e-03,0.16877,0.0549
1134,2,1.937828e-03,0.21640,0.0850
1135,2,1.937690e-03,0.19030,0.0667
1136,2,1.937552e-03,0.19536,0.0466
1137,2,1.937415e-03,0.16970,0.0471
1138,2,1.937277e-03,0.21199,0.0678
1139,2,1.937139e-03,0.17855,0.0644
1140,2,1.937001e-03,0.23381,0.0609
1141,2,1.936862e-03,0.21823,0.0597
1142,2,1.936724e-03,0.26263,0.0826
1143,2,1.936585e-03,0.19881,0.0494
1144,2,1.936446e-03,0.22448,0.0599
1145,2,1.936307e-03,0.13590,0.0643
1146,2,1.936168e-03,0.25383,0.0844
1147,2,1.936029e-03,0.21432,0.0731
1148,2,1.935890e-03,0.19015,0.0510
1149,2,1.935750e-03,0.20625,0.0522
1150,2,1.935610e-03,0.20238,0.0638
1151,2,1.935471e-03,0.22001,0.0591
1152,2,1.935331e-03,0.20887,0.0605
1153,2,1.935191e-03,0.19405,0.0748
1154,2,1.935050e-03,0.21980,0.0606
1155,2,1.934910e-03,0.21340,0.0578
1156,2,1.934769e-03,0.21068,0.0533
1157,2,1.934629e-03,0.29342,0.1233
1158,2,1.934488e-03,0.19902,0.0554
1159,2,1.934347e-03,0.17783,0.0501
1160,2,1.934206e-03,0.20744,0.0511
1161,2,1.934064e-03,0.20099,0.0527
1162,2,1.933923e-03,0.19468,0.0533
1163,2,1.933781e-03,0.18530,0.0598
1164,2,1.933640e-03,0.23888,0.0791
1165,2,1.933498e-03,0.25510,0.0622
1166,2,1.933356e-03,0.20390,0.0525
1167,2,1.933214e-03,0.21763,0.0554
1168,2,1.933071e-03,0.23197,0.0630
1169,2,1.932929e-03,0.22104,0.0634
1170,2,1.932786e-03,0.17556,0.0603
1171,2,1.932644e-03,0.28291,0.0965
1172,2,1.932501e-03,0.24865,0.0633
1173,2,1.932358e-03,0.18303,0.0840
1174,2,1.932215e-03,0.21042,0.0541
1175,2,1.932071e-03,0.22354,0.0578
1176,2,1.931928e-03,0.27330,0.1102
1177,2,1.931784e-03,0.17954,0.0705
1178,2,1.931640e-03,0.24252,0.0634
1179,2,1.931497e-03,0.22208,0.0528
1180,2,1.931352e-03,0.19284,0.0713
1181,2,1.931208e-03,0.22215,0.0500
1182,2,1.931064e-03,0.22024,0.0523
1183,2,1.930919e-03,0.18573,0.0614
1184,2,1.930775e-03,0.22116,0.0588
1185,2,1.930630e-03,0.22235,0.0640
1186,2,1.930485e-03,0.19326,0.0530
1187,2,1.930340e-03,0.23048,0.0659
1188,2,1.930195e-03,0.17132,0.0599
1189,2,1.930049e-03,0.18188,0.0698
1190,2,1.929904e-03,0.21612,0.0995
1191,2,1.929758e-03,0.24863,0.0615
1192,2,1.929613e-03,0.19713,0.0536
1193,2,1.929467e-03,0.22512,0.0595
1194,2,1.929321e-03,0.18877,0.0580
1195,2,1.929174e-03,0.22833,0.0769
1196,2,1.929028e-03,0.23118,0.0620
1197,2,1.928881e-03,0.22180,0.0836
1198,2,1.928735e-03,0.21815,0.0688
1199,2,1.928588e-03,0.19731,0.0518
1200,2,1.928441e-03,0.24393,0.0593
1201,2,1.928294e-03,0.18071,0.0581
1202,2,1.928147e-03,0.24646,0.0610
1203,2,1.927999e-03,0.21429,0.0614
1204,2,1.927852e-03,0.20202,0.0455
1205,2,1.927704e-03,0.23013,0.0555
1206,2,1.927556e-03,0.22691,0.0912
1207,2,1.927408e-03,0.17687,0.0515
1208,2,1.927260e-03,0.23731,0.0622
1209,2,1.927112e-03,0.20897,0.0621
1210,2,1.926963e-03,0.25154,0.0747
1211,2,1.926815e-03,0.24759,0.0751
1212,2,1.926666e-03,0.22690,0.0548
1213,2,1.926517e-03,0.21050,0.0610
1214,2,1.926368e-03,0.17867,0.0653
1215,2,1.926219e-03,0.17697,0.0590
1216,2,1.926070e-03,0.22590,0.0671
1217,2,1.925921e-03,0.18647,0.0554
1218,2,1.925771e-03,0.19921,0.0556
1219,2,1.925621e-03,0.21260,0.0477
1220,2,1.925471e-03,0.21202,0.0555
1221,2,1.925321e-03,0.19639,0.0637
1222,2,1.925171e-03,0.20555,0.0527
1223,2,1.925021e-03,0.22724,0.0739
1224,2,1.924871e-03,0.18658,0.0796
1225,2,1.924720e-03,0.16473,0.0541
1226,2,1.924569e-03,0.17929,0.0619
1227,2,1.924418e-03,0.24300,0.0647
1228,2,1.924267e-03,0.24892,0.0645
1229,2,1.924116e-03,0.23437,0.0655
1230,2,1.923965e-03,0.19561,0.0533
1231,2,1.923814e-03,0.19663,0.0526
1232,2,1.923662e-03,0.20168,0.0666
1233,2,1.923510e-03,0.19080,0.0520
1234,2,1.923358e-03,0.21080,0.0506
1235,2,1.923206e-03,0.21726,0.0614
1236,2,1.923054e-03,0.19021,0.0634
1237,2,1.922902e-03,0.22160,0.0542
1238,2,1.922749e-03,0.21912,0.0656
1239,2,1.922597e-03,0.21431,0.0531
1240,2,1.922444e-03,0.19048,0.0683
1241,2,1.922291e-03,0.23931,0.0857
1242,2,1.922138e-03,0.18595,0.0447
1243,2,1.921985e-03,0.22904,0.0653
1244,2,1.921832e-03,0.23612,0.0609
1245,2,1.921678e-03,0.21932,0.0618
1246,2,1.921525e-03,0.18419,0.0529
1247,2,1.921371e-03,0.23962,0.0542
1248,2,1.921217e-03,0.18567,0.0509
1249,2,1.921063e-03,0.23355,0.0575
1250,2,1.920909e-03,0.17792,0.0683
1251,2,1.920754e-03,0.22712,0.0702
1252,2,1.920600e-03,0.22080,0.0686
1253,2,1.920445e-03,0.23581,0.0588
1254,2,1.920291e-03,0.22464,0.0606
1255,2,1.920136e-03,0.21399,0.0663
1256,2,1.919981e-03,0.19662,0.0501
1257,2,1.919825e-03,0.18605,0.0497
1258,2,1.919670e-03,0.18946,0.0446
1259,2,1.919515e-03,0.21409,0.0544
1260,2,1.919359e-03,0.19289,0.0601
1261,2,1.919203e-03,0.19213,0.0477
1262,2,1.919047e-03,0.24523,0.0658
1263,2,1.918891e-03,0.24476,0.0664
1264,2,1.918735e-03,0.21788,0.0586
1265,2,1.918579e-03,0.21477,0.0616
1266,2,1.918422e-03,0.23128,0.0630
1267,2,1.918266e-03,0.20973,0.0617
1268,2,1.918109e-03,0.19172,0.0517
1269,2,1.917952e-03,0.22647,0.0740
1270,2,1.917795e-03,0.20251,0.0690
1271,2,1.917638e-03,0.25333,0.0670
1272,2,1.917480e-03,0.18481,0.0574
1273,2,1.917323e-03,0.20724,0.0548
1274,2,1.917165e-03,0.22465,0.0525
1275,2,1.917007e-03,0.23030,0.0653
1276,2,1.916850e-03,0.18709,0.0571
1277,2,1.916691e-03,0.19604,0.0524
1278,2,1.916533e-03,0.22682,0.0577
1279,2,1.916375e-03,0.17731,0.0641
1280,2,1.916216e-03,0.23452,0.0547
1281,2,1.916058e-03,0.18581,0.0768
1282,2,1.915899e-03,0.18205,0.0527
1283,2,1.915740e-03,0.19950,0.0541
1284,2,1.915581e-03,0.23395,0.0604
1285,2,1.915422e-03,0.16208,0.0542
1286,2,1.915263e-03,0.19575,0.0531
1287,2,1.915103e-03,0.18595,0.0543
1288,2,1.914943e-03,0.20529,0.0485
1289,2,1.914784e-03,0.21330,0.0549
1290,2,1.914624e-03,0.19607,0.0609
1291,2,1.914464e-03,0.22387,0.0540
1292,2,1.914303e-03,0.19804,0.0585
1293,2,1.914143e-03,0.21788,0.0970
1294,2,1.913983e-03,0.21475,0.0537
1295,2,1.913822e-03,0.23696,0.0599
1296,2,1.913661e-03,0.17394,0.0572
1297,2,1.913500e-03,0.22958,0.0660
1298,2,1.913339e-03,0.18952,0.0489
1299,2,1.913178e-03,0.21634,0.0558
1300,2,1.913017e-03,0.22875,0.0543
1301,2,1.912855e-03,0.20126,0.0817
1302,2,1.912694e-03,0.18711,0.0670
1303,2,1.912532e-03,0.19999,0.0602
1304,2,1.912370e-03,0.21486,0.0637
1305,2,1.912208e-03,0.22232,0.0644
1306,2,1.912046e-03,0.20335,0.0491
1307,2,1.911883e-03,0.22199,0.0551
1308,2,1.911721e-03,0.18790,0.0606
1309,2,1.911558e-03,0.16308,0.0493
1310,2,1.911395e-03,0.22902,0.0657
1311,2,1.911232e-03,0.20526,0.0516
1312,2,1.911069e-03,0.22684,0.0701
1313,2,1.910906e-03,0.17566,0.0538
1314,2,1.910743e-03,0.22601,0.0805
1315,2,1.910579e-03,0.16590,0.0542
1316,2,1.910416e-03,0.21883,0.0542
1317,2,1.910252e-03,0.19822,0.0541
1318,2,1.910088e-03,0.23690,0.0692
1319,2,1.909924e-03,0.20985,0.0532
1320,2,1.909760e-03,0.23524,0.0575
1321,2,1.909596e-03,0.20249,0.0608
1322,2,1.909431e-03,0.15699,0.0639
1323,2,1.909266e-03,0.20143,0.0602
1324,2,1.909102e-03,0.24164,0.0577
1325,2,1.908937e-03,0.21185,0.0618
1326,2,1.908772e-03,0.17815,0.0630
1327,2,1.908607e-03,0.22141,0.0598
1328,2,1.908441e-03,0.20219,0.0453
1329,2,1.908276e-03,0.27272,0.0883
1330,2,1.908110e-03,0.23301,0.0710
1331,2,1.907944e-03,0.16025,0.0526
1332,2,1.907779e-03,0.21319,0.0728
1333,2,1.907612e-03,0.24836,0.0752
1334,2,1.907446e-03,0.18078,0.0523
1335,2,1.907280e-03,0.19230,0.0652
1336,2,1.907114e-03,0.17254,0.0610
1337,2,1.906947e-03,0.19822,0.0582
1338,2,1.906780e-03,0.21805,0.0749
1339,2,1.906613e-03,0.19072,0.0498
1340,2,1.906446e-03,0.19230,0.0580
1341,2,1.906279e-03,0.18214,0.0449
1342,2,1.906112e-03,0.18103,0.0485
1343,2,1.905944e-03,0.18850,0.0568
1344,2,1.905777e-03,0.17451,0.0514
1345,2,1.905609e-03,0.20621,0.0516
1346,2,1.905441e-03,0.21142,0.0575
1347,2,1.905273e-03,0.25950,0.0745
1348,2,1.905105e-03,0.21763,0.0601
1349,2,1.904937e-03,0.22786,0.0617
1350,2,1.904768e-03,0.21266,0.0619
1351,2,1.904600e-03,0.20750,0.0527
1352,2,1.904431e-03,0.18880,0.0562
1353,2,1.904262e-03,0.26196,0.0785
1354,2,1.904093e-03,0.19920,0.0512
1355,2,1.903924e-03,0.19145,0.0517
1356,2,1.903755e-03,0.21816,0.0885
1357,2,1.903585e-03,0.23551,0.0683
1358,2,1.903416e-03,0.16847,0.0481
1359,2,1.903246e-03,0.16876,0.0620
1360,2,1.903076e-03,0.21022,0.0595
1361,2,1.902906e-03,0.19067,0.0459
1362,2,1.902736e-03,0.17951,0.0734
1363,2,1.902566e-03,0.26411,0.0805
1364,2,1.902395e-03,0.17941,0.0567
1365,2,1.902225e-03,0.19279,0.0588
1366,2,1.902054e-03,0.20078,0.0575
1367,2,1.901883e-03,0.18445,0.0591
1368,2,1.901712e-03,0.24280,0.0698
1369,2,1.901541e-03,0.23652,0.0872
1370,2,1.901370e-03,0.19174,0.0437
1371,2,1.901198e-03,0.18141,0.0531
1372,2,1.901027e-03,0.16190,0.0563
1373,2,1.900855e-03,0.15489,0.0586
1374,2,1.900683e-03,0.22101,0.0590
1375,2,1.900511e-03,0.19571,0.0674
1376,2,1.900339e-03,0.20154,0.0791
1377,2,1.900167e-03,0.21665,0.0585
1378,2,1.899995e-03,0.17771,0.0535
1379,2,1.899822e-03,0.23139,0.0663
1380,2,1.899649e-03,0.19726,0.0561
1381,2,1.899477e-03,0.22129,0.0660
1382,2,1.899304e-03,0.20639,0.0559
1383,2,1.899131e-03,0.24111,0.0604
1384,2,1.898957e-03,0.19429,0.0619
1385,2,1.898784e-03,0.18967,0.0480
1386,2,1.898611e-03,0.23586,0.0766
1387,2,1.898437e-03,0.22675,0.0560
1388,2,1.898263e-03,0.29684,0.1132
1389,2,1.898089e-03,0.16828,0.0702
1390,2,1.897915e-03,0.17333,0.0673
1391,2,1.897741e-03,0.19586,0.0900
1392,2,1.897567e-03,0.16729,0.0635
1393,2,1.897392e-03,0.22254,0.0564
1394,2,1.897217e-03,0.22430,0.0564
1395,2,1.897043e-03,0.20169,0.0555
1396,2,1.896868e-03,0.19659,0.0512
1397,2,1.896693e-03,0.19825,0.0519
1398,2,1.896518e-03,0.22149,0.0652
1399,2,1.896342e-03,0.17548,0.0469
1400,2,1.896167e-03,0.17987,0.0621
1401,2,1.895991e-03,0.19746,0.0725
1402,2,1.895815e-03,0.23150,0.0662
1403,2,1.895640e-03,0.23311,0.0639
1404,2,1.895463e-03,0.26431,0.0838
1405,2,1.895287e-03,0.20287,0.0691
1406,2,1.895111e-03,0.18405,0.0670
1407,2,1.894935e-03,0.21642,0.0576
1408,2,1.894758e-03,0.18418,0.0549
1409,2,1.894581e-03,0.20900,0.0615
1410,2,1.894404e-03,0.24423,0.0670
1411,2,1.894227e-03,0.17210,0.0537
1412,2,1.894050e-03,0.21914,0.0744
1413,2,1.893873e-03,0.21433,0.0499
1414,2,1.893696e-03,0.23426,0.0737
1415,2,1.893518e-03,0.20566,0.0708
1416,2,1.893340e-03,0.21759,0.0604
1417,2,1.893162e-03,0.17655,0.0525
1418,2,1.892984e-03,0.25847,0.0678
1419,2,1.892806e-03,0.20236,0.0540
1420,2,1.892628e-03,0.17748,0.0564
1421,2,1.892450e-03,0.23127,0.0693
1422,2,1.892271e-03,0.17443,0.0521
1423,2,1.892092e-03,0.20484,0.0492
1424,2,1.891914e-03,0.18721,0.0602
1425,2,1.891735e-03,0.21672,0.0520
1426,2,1.891556e-03,0.24139,0.0704
1427,2,1.891376e-03,0.17893,0.0706
1428,2,1.891197e-03,0.15982,0.0519
1429,2,1.891018e-03,0.18485,0.0576
1430,2,1.890838e-03,0.23811,0.0595
1431,2,1.890658e-03,0.20731,0.0528
1432,2,1.890478e-03,0.16821,0.0593
1433,2,1.890298e-03,0.19425,0.0496
1434,2,1.890118e-03,0.21646,0.0623
1435,2,1.889938e-03,0.13712,0.0600
1436,2,1.889757e-03,0.21692,0.0619
1437,2,1.889576e-03,0.19533,0.0543
1438,2,1.889396e-03,0.18097,0.0644
1439,2,1.889215e-03,0.15396,0.0519
1440,2,1.889034e-03,0.19312,0.0548
1441,2,1.888853e-03,0.21105,0.0853
1442,2,1.888671e-03,0.17890,0.0613
1443,2,1.888490e-03,0.15765,0.0689
1444,2,1.888308e-03,0.20410,0.0567
1445,2,1.888126e-03,0.23511,0.0589
1446,2,1.887945e-03,0.17692,0.0495
1447,2,1.887763e-03,0.21021,0.0518
1448,2,1.887580e-03,0.19052,0.0573
1449,2,1.887398e-03,0.19474,0.0728
1450,2,1.887216e-03,0.16836,0.0506
1451,2,1.887033e-03,0.21712,0.0775
1452,2,1.886851e-03,0.22530,0.0657
1453,2,1.886668e-03,0.17603,0.0513
1454,2,1.886485e-03,0.18855,0.0496
1455,2,1.886302e-03,0.19492,0.0587
1456,2,1.886118e-03,0.18577,0.0501
1457,2,1.885935e-03,0.18905,0.0626
1458,2,1.885751e-03,0.17770,0.0579
1459,2,1.885568e-03,0.23214,0.0656
1460,2,1.885384e-03,0.19964,0.0580
1461,2,1.885200e-03,0.22652,0.0659
1462,2,1.885016e-03,0.18080,0.0524
1463,2,1.884832e-03,0.26557,0.0745
1464,2,1.884647e-03,0.16217,0.0471
1465,2,1.884463e-03,0.23037,0.0645
1466,2,1.884278e-03,0.23492,0.0700
1467,2,1.884093e-03,0.22283,0.0738
1468,2,1.883909e-03,0.23681,0.0657
1469,2,1.883724e-03,0.16285,0.0582
1470,2,1.883538e-03,0.23022,0.0687
1471,2,1.883353e-03,0.17242,0.0527
1472,2,1.883168e-03,0.21162,0.0534
1473,2,1.882982e-03,0.20861,0.0715
1474,2,1.882796e-03,0.22787,0.0544
1475,2,1.882610e-03,0.20349,0.0717
1476,2,1.882424e-03,0.19261,0.0482
1477,2,1.882238e-03,0.19595,0.0568
1478,2,1.882052e-03,0.17031,0.0562
1479,2,1.881866e-03,0.17948,0.0505
1480,2,1.881679e-03,0.19879,0.0517
1481,2,1.881492e-03,0.22605,0.0705
1482,2,1.881305e-03,0.23294,0.0736
1483,2,1.881118e-03,0.16671,0.0522
1484,2,1.880931e-03,0.20179,0.0743
1485,2,1.880744e-03,0.24111,0.0687
1486,2,1.880557e-03,0.21286,0.0477
1487,2,1.880369e-03,0.17900,0.0529
1488,2,1.880182e-03,0.21482,0.0600
1489,2,1.879994e-03,0.16193,0.0677
1490,2,1.879806e-03,0.21275,0.0519
1491,2,1.879618e-03,0.20906,0.0637
1492,2,1.879430e-03,0.21010,0.0672
1493,2,1.879241e-03,0.21528,0.0553
1494,2,1.879053e-03,0.21982,0.0522
1495,2,1.878864e-03,0.17941,0.0513
1496,2,1.878675e-03,0.18435,0.0514
1497,2,1.878486e-03,0.18791,0.0499
1498,2,1.878297e-03,0.19341,0.0540
1499,2,1.878108e-03,0.21528,0.0521
1500,2,1.877919e-03,0.20171,0.0739
1501,2,1.877730e-03,0.20825,0.0661
1502,2,1.877540e-03,0.20594,0.0575
1503,2,1.877350e-03,0.16230,0.0616
1504,2,1.877160e-03,0.20341,0.0619
1505,2,1.876970e-03,0.16797,0.0775
1506,2,1.876780e-03,0.18836,0.0547
1507,2,1.876590e-03,0.16767,0.0593
1508,2,1.876400e-03,0.20170,0.0554
1509,2,1.876209e-03,0.21603,0.0556
1510,2,1.876018e-03,0.19635,0.0571
1511,2,1.875828e-03,0.19498,0.0734
1512,2,1.875637e-03,0.17233,0.0474
1513,2,1.875446e-03,0.20882,0.0579
1514,2,1.875254e-03,0.20531,0.0575
1515,2,1.875063e-03,0.20504,0.0634
1516,2,1.874872e-03,0.19320,0.0693
1517,2,1.874680e-03,0.16656,0.0693
1518,2,1.874488e-03,0.20418,0.0600
1519,2,1.874296e-03,0.22060,0.0860
1520,2,1.874104e-03,0.16751,0.0504
1521,2,1.873912e-03,0.19867,0.0521
1522,2,1.873720e-03,0.17834,0.0705
1523,2,1.873527e-03,0.17682,0.0520
1524,2,1.873335e-03,0.21553,0.0554
1525,2,1.873142e-03,0.17409,0.0758
1526,2,1.872949e-03,0.15626,0.0525
1527,2,1.872756e-03,0.20663,0.0595
1528,2,1.872563e-03,0.18642,0.0529
1529,2,1.872370e-03,0.19238,0.0621
1530,2,1.872177e-03,0.18539,0.0833
1531,2,1.871983e-03,0.24964,0.1099
1532,2,1.871789e-03,0.19301,0.0626
1533,2,1.871596e-03,0.21712,0.0583
1534,2,1.871402e-03,0.17026,0.0536
1535,2,1.871208e-03,0.26849,0.0733
1536,2,1.871013e-03,0.18535,0.0489
1537,2,1.870819e-03,0.19116,0.0532
1538,2,1.870625e-03,0.19980,0.0569
1539,2,1.870430e-03,0.20581,0.0510
1540,2,1.870235e-03,0.15143,0.0472
1541,2,1.870040e-03,0.23527,0.0733
1542,2,1.869845e-03,0.19787,0.0676
1543,2,1.869650e-03,0.20562,0.0606
1544,2,1.869455e-03,0.16142,0.0518
1545,2,1.869259e-03,0.21001,0.0751
1546,2,1.869064e-03,0.24747,0.0761
1547,2,1.868868e-03,0.21287,0.0850
1548,2,1.868672e-03,0.20621,0.0826
1549,2,1.868476e-03,0.21203,0.0508
1550,2,1.868280e-03,0.20901,0.0591
1551,2,1.868084e-03,0.19333,0.0759
1552,2,1.867888e-03,0.18961,0.0505
1553,2,1.867691e-03,0.19317,0.0559
1554,2,1.867495e-03,0.21045,0.0657
1555,2,1.867298e-03,0.24110,0.0702
1556,2,1.867101e-03,0.21702,0.0689
1557,2,1.866904e-03,0.20281,0.0711
1558,2,1.866707e-03,0.22079,0.0545
1559,2,1.866509e-03,0.19794,0.0479
1560,2,1.866312e-03,0.20796,0.0542
1561,2,1.866114e-03,0.22084,0.0487
1562,2,1.865917e-03,0.15881,0.0556
1563,2,1.865719e-03,0.15489,0.0538
1564,2,1.865521e-03,0.22928,0.0645
1565,2,1.865323e-03,0.22068,0.0539
1566,2,1.865124e-03,0.21822,0.0614
1567,2,1.864926e-03,0.15497,0.0569
1568,2,1.864727e-03,0.19209,0.0451
1569,2,1.864529e-03,0.16377,0.0679
1570,2,1.864330e-03,0.22767,0.0552
1571,2,1.864131e-03,0.16900,0.0514
1572,2,1.863932e-03,0.17498,0.0474
1573,2,1.863733e-03,0.16023,0.0567
1574,2,1.863533e-03,0.22278,0.0561
1575,2,1.863334e-03,0.23485,0.0667
1576,2,1.863134e-03,0.22382,0.0622
1577,2,1.862935e-03,0.23661,0.0622
1578,2,1.862735e-03,0.19913,0.0519
1579,2,1.862535e-03,0.16555,0.0541
1580,2,1.862335e-03,0.20112,0.0542
1581,2,1.862134e-03,0.23579,0.0632
1582,2,1.861934e-03,0.18137,0.0563
1583,2,1.861733e-03,0.22096,0.0606
1584,2,1.861533e-03,0.21224,0.0611
1585,2,1.861332e-03,0.25940,0.0835
1586,2,1.861131e-03,0.19995,0.0460
1587,2,1.860930e-03,0.17834,0.0453
1588,2,1.860729e-03,0.16136,0.0687
1589,2,1.860527e-03,0.19407,0.0486
1590,2,1.860326e-03,0.17306,0.0498
1591,2,1.860124e-03,0.22168,0.0570
1592,2,1.859922e-03,0.16720,0.0513
1593,2,1.859721e-03,0.20933,0.0535
1594,2,1.859518e-03,0.18030,0.0483
1595,2,1.859316e-03,0.25662,0.0803
1596,2,1.859114e-03,0.23678,0.0600
1597,2,1.858912e-03,0.19870,0.0472
1598,2,1.858709e-03,0.19851,0.0702
1599,2,1.858506e-03,0.18628,0.0844
1600,2,1.858304e-03,0.25984,0.0757
1601,2,1.858101e-03,0.20759,0.0877
1602,2,1.857898e-03,0.20033,0.0547
1603,2,1.857694e-03,0.18347,0.0775
1604,2,1.857491e-03,0.19873,0.0642
1605,2,1.857287e-03,0.22656,0.0591
1606,2,1.857084e-03,0.23332,0.0578
1607,2,1.856880e-03,0.21906,0.0546
1608,2,1.856676e-03,0.25209,0.0730
1609,2,1.856472e-03,0.17533,0.0511
1610,2,1.856268e-03,0.21383,0.0566
1611,2,1.856064e-03,0.20688,0.0679
1612,2,1.855859e-03,0.21828,0.0678
1613,2,1.855655e-03,0.20394,0.0540
1614,2,1.855450e-03,0.16900,0.0660
1615,2,1.855245e-03,0.16452,0.0597
1616,2,1.855040e-03,0.19639,0.0545
1617,2,1.854835e-03,0.21311,0.0631
1618,2,1.854630e-03,0.19628,0.0523
1619,2,1.854425e-03,0.21374,0.0684
1620,2,1.854219e-03,0.20864,0.0549
1621,2,1.854014e-03,0.18157,0.0559
1622,2,1.853808e-03,0.16787,0.0470
1623,2,1.853602e-03,0.22840,0.0736
1624,2,1.853396e-03,0.18089,0.0438
1625,2,1.853190e-03,0.15077,0.0526
1626,2,1.852983e-03,0.20104,0.0577
1627,2,1.852777e-03,0.20491,0.0523
1628,2,1.852571e-03,0.23455,0.0687
1629,2,1.852364e-03,0.16639,0.0480
1630,2,1.852157e-03,0.22125,0.0629
1631,2,1.851950e-03,0.17187,0.0484
1632,2,1.851743e-03,0.21266,0.0506
1633,2,1.851536e-03,0.21709,0.0709
1634,2,1.851328e-03,0.23610,0.0870
1635,2,1.851121e-03,0.19939,0.0485
1636,2,1.850913e-03,0.22169,0.0502
1637,2,1.850706e-03,0.22463,0.0536
1638,2,1.850498e-03,0.15998,0.0495
1639,2,1.850290e-03,0.21927,0.0587
1640,2,1.850082e-03,0.17883,0.0557
1641,2,1.849873e-03,0.17582,0.0600
1642,2,1.849665e-03,0.23610,0.0552
1643,2,1.849456e-03,0.21225,0.0559
1644,2,1.849248e-03,0.26359,0.0805
1645,2,1.849039e-03,0.20476,0.0548
1646,2,1.848830e-03,0.17247,0.0637
1647,2,1.848621e-03,0.21799,0.0796
1648,2,1.848412e-03,0.22628,0.0576
1649,2,1.848202e-03,0.16350,0.0592
1650,2,1.847993e-03,0.18448,0.0442
1651,2,1.847783e-03,0.19273,0.0518
1652,2,1.847574e-03,0.18078,0.0584
1653,2,1.847364e-03,0.21178,0.0763
1654,2,1.847154e-03,0.17286,0.0654
1655,2,1.846944e-03,0.21658,0.0585
1656,2,1.846734e-03,0.17530,0.0586
1657,2,1.846523e-03,0.20276,0.0506
1658,2,1.846313e-03,0.21989,0.0475
1659,2,1.846102e-03,0.19441,0.0475
1660,2,1.845891e-03,0.20367,0.0703
1661,2,1.845680e-03,0.22307,0.0526
1662,2,1.845469e-03,0.19129,0.0498
1663,2,1.845258e-03,0.24839,0.0701
1664,2,1.845047e-03,0.21780,0.0749
1665,2,1.844835e-03,0.21698,0.0564
1666,2,1.844624e-03,0.17055,0.0712
1667,2,1.844412e-03,0.23905,0.0692
1668,2,1.844200e-03,0.21665,0.0610
1669,2,1.843988e-03,0.19178,0.0735
1670,2,1.843776e-03,0.25663,0.0662
1671,2,1.843564e-03,0.17286,0.0493
1672,2,1.843352e-03,0.21639,0.0560
1673,2,1.843139e-03,0.22546,0.0668
1674,2,1.842927e-03,0.16875,0.0518
1675,2,1.842714e-03,0.19174,0.0692
1676,2,1.842501e-03,0.19633,0.0572
1677,2,1.842288e-03,0.19803,0.0554
1678,2,1.842075e-03,0.19696,0.0605
1679,2,1.841862e-03,0.23010,0.0645
1680,2,1.841648e-03,0.17874,0.0622
1681,2,1.841435e-03,0.24105,0.0760
1682,2,1.841221e-03,0.16886,0.0596
1683,2,1.841007e-03,0.19021,0.0489
1684,2,1.840793e-03,0.20089,0.0525
1685,2,1.840579e-03,0.15917,0.0603
1686,2,1.840365e-03,0.21162,0.0579
1687,2,1.840151e-03,0.17486,0.0501
1688,2,1.839936e-03,0.18463,0.0679
1689,2,1.839722e-03,0.17521,0.0602
1690,2,1.839507e-03,0.19893,0.0555
1691,2,1.839292e-03,0.22419,0.0588
1692,2,1.839077e-03,0.20330,0.0564
1693,2,1.838862e-03,0.20395,0.0525
1694,2,1.838647e-03,0.24329,0.0669
1695,2,1.838432e-03,0.21927,0.0502
1696,2,1.838216e-03,0.21448,0.0575
1697,2,1.838001e-03,0.22114,0.0556
1698,2,1.837785e-03,0.21544,0.0596
1699,2,1.837569e-03,0.17280,0.0698
1700,2,1.837353e-03,0.21035,0.0542
1701,2,1.837137e-03,0.16859,0.0452
1702,2,1.836920e-03,0.15941,0.0439
1703,2,1.836704e-03,0.24767,0.0823
1704,2,1.836488e-03,0.19221,0.0541
1705,2,1.836271e-03,0.19300,0.0610
1706,2,1.836054e-03,0.21540,0.0652
1707,2,1.835837e-03,0.20177,0.0480
1708,2,1.835620e-03,0.18043,0.0488
1709,2,1.835403e-03,0.24320,0.0735
1710,2,1.835186e-03,0.20618,0.0562
1711,2,1.834968e-03,0.18172,0.0492
1712,2,1.834751e-03,0.17513,0.0521
1713,2,1.834533e-03,0.19574,0.0541
1714,2,1.834315e-03,0.19670,0.0538
1715,2,1.834097e-03,0.19457,0.0563
1716,2,1.833879e-03,0.21957,0.1043
1717,2,1.833661e-03,0.16885,0.0490
1718,2,1.833443e-03,0.22733,0.0783
1719,2,1.833224e-03,0.18978,0.0514
1720,2,1.833006e-03,0.19503,0.0505
1721,2,1.832787e-03,0.21038,0.0532
1722,2,1.832568e-03,0.19640,0.0594
1723,2,1.832349e-03,0.23587,0.0705
1724,2,1.832130e-03,0.19524,0.0504
1725,2,1.831911e-03,0.24585,0.0736
1726,2,1.831691e-03,0.26870,0.0929
1727,2,1.831472e-03,0.23885,0.0793
1728,2,1.831252e-03,0.20524,0.0544
1729,2,1.831032e-03,0.20091,0.0513
1730,2,1.830812e-03,0.16933,0.0717
1731,2,1.830592e-03,0.18038,0.0456
1732,2,1.830372e-03,0.20058,0.1019
1733,2,1.830152e-03,0.18079,0.0739
1734,2,1.829932e-03,0.19497,0.0561
1735,2,1.829711e-03,0.23181,0.0589
1736,2,1.829490e-03,0.18603,0.0489
1737,2,1.829270e-03,0.17461,0.0476
1738,2,1.829049e-03,0.16216,0.0444
1739,2,1.828828e-03,0.16879,0.0494
1740,2,1.828606e-03,0.20918,0.0569
1741,2,1.828385e-03,0.23993,0.0604
1742,2,1.828164e-03,0.23447,0.0873
1743,2,1.827942e-03,0.19843,0.0640
1744,2,1.827720e-03,0.17589,0.0517
1745,2,1.827499e-03,0.19246,0.0464
1746,2,1.827277e-03,0.20830,0.0568
1747,2,1.827055e-03,0.19659,0.0445
1748,2,1.826832e-03,0.20543,0.0496
1749,2,1.826610e-03,0.16475,0.0518
1750,2,1.826388e-03,0.20818,0.0701
1751,2,1.826165e-03,0.21624,0.0624
1752,2,1.825942e-03,0.25745,0.0704
1753,2,1.825719e-03,0.18724,0.0619
1754,2,1.825496e-03,0.15754,0.0516
1755,2,1.825273e-03,0.22788,0.0593
1756,2,1.825050e-03,0.16027,0.0563
1757,2,1.824827e-03,0.19490,0.0760
1758,2,1.824603e-03,0.18975,0.0442
1759,2,1.824380e-03,0.20237,0.0570
1760,2,1.824156e-03,0.20845,0.0488
1761,2,1.823932e-03,0.21218,0.0503
1762,2,1.823708e-03,0.17091,0.0615
1763,2,1.823484e-03,0.18680,0.0537
1764,2,1.823260e-03,0.16466,0.0534
1765,2,1.823035e-03,0.18980,0.0479
1766,2,1.822811e-03,0.26921,0.0728
1767,2,1.822586e-03,0.20389,0.0602
1768,2,1.822361e-03,0.18987,0.0508
1769,2,1.822136e-03,0.20261,0.0686
1770,2,1.821911e-03,0.18903,0.0525
1771,2,1.821686e-03,0.14853,0.0553
1772,2,1.821461e-03,0.16032,0.0623
1773,2,1.821236e-03,0.20423,0.0602
1774,2,1.821010e-03,0.21939,0.0808
1775,2,1.820784e-03,0.17435,0.0532
1776,2,1.820559e-03,0.22446,0.0593
1777,2,1.820333e-03,0.18368,0.0538
1778,2,1.820107e-03,0.21741,0.0638
1779,2,1.819880e-03,0.19292,0.0567
1780,2,1.819654e-03,0.22260,0.0831
1781,2,1.819428e-03,0.22232,0.0681
1782,2,1.819201e-03,0.18079,0.0454
1783,2,1.818974e-03,0.23542,0.0697
1784,2,1.818748e-03,0.16672,0.0536
1785,2,1.818521e-03,0.21124,0.0590
1786,2,1.818294e-03,0.25452,0.0705
1787,2,1.818067e-03,0.21395,0.0998
1788,2,1.817839e-03,0.18851,0.0551
1789,2,1.817612e-03,0.26571,0.0791
1790,2,1.817384e-03,0.24422,0.0650
1791,2,1.817156e-03,0.23788,0.0631
1792,2,1.816929e-03,0.20675,0.0524
1793,2,1.816701e-03,0.17912,0.0554
1794,2,1.816473e-03,0.23793,0.0669
1795,2,1.816244e-03,0.20846,0.0532
1796,2,1.816016e-03,0.22213,0.0600
1797,2,1.815788e-03,0.19224,0.0752
1798,2,1.815559e-03,0.19316,0.0499
1799,2,1.815330e-03,0.21287,0.0484
1800,2,1.815102e-03,0.21559,0.0617
1801,2,1.814873e-03,0.17838,0.0554
1802,2,1.814644e-03,0.18500,0.0517
1803,2,1.814414e-03,0.21561,0.0502
1804,2,1.814185e-03,0.14957,0.0617
1805,2,1.813955e-03,0.20133,0.0643
1806,2,1.813726e-03,0.18357,0.0697
1807,2,1.813496e-03,0.20240,0.0550
1808,2,1.813266e-03,0.18294,0.0675
1809,2,1.813036e-03,0.20678,0.0456
1810,2,1.812806e-03,0.21606,0.0486
1811,2,1.812576e-03,0.17466,0.0448
1812,2,1.812346e-03,0.19245,0.0563
1813,2,1.812115e-03,0.21099,0.0540
1814,2,1.811885e-03,0.19867,0.0454
1815,2,1.811654e-03,0.18309,0.0474
1816,2,1.811423e-03,0.22882,0.0966
1817,2,1.811192e-03,0.21700,0.0476
1818,2,1.810961e-03,0.22269,0.0772
1819,2,1.810730e-03,0.20473,0.0566
1820,2,1.810498e-03,0.20597,0.0560
1821,2,1.810267e-03,0.20235,0.0499
1822,2,1.810035e-03,0.18863,0.0515
1823,2,1.809804e-03,0.19320,0.0712
1824,2,1.809572e-03,0.22248,0.0564
1825,2,1.809340e-03,0.19970,0.0500
1826,2,1.809108e-03,0.16575,0.0523
1827,2,1.808875e-03,0.21899,0.0625
1828,2,1.808643e-03,0.18694,0.0501
1829,2,1.808411e-03,0.21786,0.0583
1830,2,1.808178e-03,0.24564,0.0703
1831,2,1.807945e-03,0.18127,0.0421
1832,2,1.807712e-03,0.15089,0.0474
1833,2,1.807479e-03,0.20200,0.0665
1834,2,1.807246e-03,0.19895,0.0650
1835,2,1.807013e-03,0.20597,0.0628
1836,2,1.806780e-03,0.21174,0.0636
1837,2,1.806546e-03,0.17064,0.0678
1838,2,1.806313e-03,0.23447,0.0845
1839,2,1.806079e-03,0.18237,0.0473
1840,2,1.805845e-03,0.15532,0.0534
1841,2,1.805611e-03,0.19134,0.0426
1842,2,1.805377e-03,0.12215,0.0524
1843,2,1.805143e-03,0.19852,0.0461
1844,2,1.804908e-03,0.26655,0.0931
1845,2,1.804674e-03,0.18500,0.0599
1846,2,1.804439e-03,0.22154,0.0632
1847,2,1.804204e-03,0.17505,0.0657
1848,2,1.803970e-03,0.16755,0.0624
1849,2,1.803735e-03,0.23034,0.0743
1850,2,1.803500e-03,0.17277,0.0480
1851,2,1.803264e-03,0.17777,0.0468
1852,2,1.803029e-03,0.22301,0.0700
1853,2,1.802793e-03,0.20690,0.0497
1854,2,1.802558e-03,0.21140,0.0719
1855,2,1.802322e-03,0.21165,0.0680
1856,2,1.802086e-03,0.21651,0.0545
1857,2,1.801850e-03,0.22017,0.0584
1858,2,1.801614e-03,0.19728,0.0502
1859,2,1.801378e-03,0.23000,0.0638
1860,2,1.801142e-03,0.19723,0.0551
1861,2,1.800905e-03,0.22247,0.0581
1862,2,1.800669e-03,0.19677,0.0688
1863,2,1.800432e-03,0.17594,0.0625
1864,2,1.800195e-03,0.21785,0.0586
1865,2,1.799958e-03,0.18804,0.0589
1866,2,1.799721e-03,0.21926,0.0693
1867,2,1.799484e-03,0.23250,0.0557
1868,2,1.799246e-03,0.18529,0.0503
1869,2,1.799009e-03,0.17143,0.0521
1870,2,1.798771e-03,0.26969,0.0698
1871,2,1.798534e-03,0.19165,0.0554
1872,2,1.798296e-03,0.18002,0.0459
1873,2,1.798058e-03,0.28117,0.0871
1874,2,1.797820e-03,0.28008,0.1029
1875,2,1.797582e-03,0.23873,0.0619
1876,2,1.797343e-03,0.21138,0.0555
1877,2,1.797105e-03,0.19605,0.0489
1878,2,1.796866e-03,0.21103,0.0640
1879,2,1.796627e-03,0.20764,0.0474
1880,2,1.796389e-03,0.23074,0.0684
1881,2,1.796150e-03,0.21610,0.0567
1882,2,1.795911e-03,0.16244,0.0528
1883,2,1.795671e-03,0.16023,0.0585
1884,2,1.795432e-03,0.28425,0.0920
1885,2,1.795193e-03,0.21749,0.0583
1886,2,1.794953e-03,0.19580,0.0485
1887,2,1.794713e-03,0.15579,0.0618
1888,2,1.794474e-03,0.25670,0.0586
1889,2,1.794234e-03,0.21931,0.0703
1890,2,1.793994e-03,0.19105,0.0592
1891,2,1.793753e-03,0.17502,0.0514
1892,2,1.793513e-03,0.24695,0.0725
1893,2,1.793273e-03,0.20036,0.0506
1894,2,1.793032e-03,0.19619,0.0453
1895,2,1.792791e-03,0.17761,0.0492
1896,2,1.792551e-03,0.18532,0.0517
1897,2,1.792310e-03,0.16448,0.0572
1898,2,1.792069e-03,0.23049,0.0630
1899,2,1.791828e-03,0.19005,0.0582
1900,2,1.791586e-03,0.20854,0.0607
1901,2,1.791345e-03,0.21876,0.0526
1902,2,1.791103e-03,0.18406,0.0465
1903,2,1.790862e-03,0.17634,0.0596
1904,2,1.790620e-03,0.20404,0.0506
1905,2,1.790378e-03,0.20597,0.0697
1906,2,1.790136e-03,0.19211,0.0516
1907,2,1.789894e-03,0.13692,0.0711
1908,2,1.789652e-03,0.17178,0.0587
1909,2,1.789409e-03,0.20315,0.0511
1910,2,1.789167e-03,0.21263,0.0640
1911,2,1.788924e-03,0.22288,0.0661
1912,2,1.788681e-03,0.18208,0.0500
1913,2,1.788438e-03,0.21064,0.0552
1914,2,1.788196e-03,0.20464,0.0633
1915,2,1.787952e-03,0.16519,0.0494
1916,2,1.787709e-03,0.17563,0.0522
1917,2,1.787466e-03,0.19478,0.0539
1918,2,1.787222e-03,0.22716,0.0778
1919,2,1.786979e-03,0.18987,0.0533
1920,2,1.786735e-03,0.16934,0.0760
1921,2,1.786491e-03,0.20426,0.0429
1922,2,1.786247e-03,0.24927,0.0915
1923,2,1.786003e-03,0.16985,0.0534
1924,2,1.785759e-03,0.19835,0.1121
1925,2,1.785515e-03,0.17648,0.0523
1926,2,1.785270e-03,0.22887,0.0552
1927,2,1.785025e-03,0.18397,0.0522
1928,2,1.784781e-03,0.21335,0.0822
1929,2,1.784536e-03,0.19158,0.0588
1930,2,1.784291e-03,0.19341,0.0653
1931,2,1.784046e-03,0.18062,0.0483
1932,2,1.783801e-03,0.18221,0.0458
1933,2,1.783555e-03,0.20255,0.0504
1934,2,1.783310e-03,0.21399,0.0631
1935,2,1.783065e-03,0.20317,0.0556
1936,2,1.782819e-03,0.18734,0.0490
1937,2,1.782573e-03,0.19824,0.0645
1938,2,1.782327e-03,0.17818,0.0430
1939,2,1.782081e-03,0.17255,0.0555
1940,2,1.781835e-03,0.23636,0.0673
1941,2,1.781589e-03,0.20731,0.0620
1942,2,1.781342e-03,0.19229,0.0668
1943,2,1.781096e-03,0.25891,0.0717
1944,2,1.780849e-03,0.21047,0.0514
1945,2,1.780602e-03,0.17416,0.0526
1946,2,1.780355e-03,0.19057,0.0556
1947,2,1.780109e-03,0.21123,0.0677
1948,2,1.779861e-03,0.19288,0.0501
1949,2,1.779614e-03,0.22406,0.0583
1950,2,1.779367e-03,0.19013,0.0581
1951,2,1.779119e-03,0.19692,0.0733
1952,2,1.778872e-03,0.19393,0.0618
1953,2,1.778624e-03,0.19781,0.0477
1954,2,1.778376e-03,0.27300,0.0903
1955,2,1.778128e-03,0.17087,0.0491
1956,2,1.777880e-03,0.17332,0.0661
1957,2,1.777632e-03,0.23912,0.0608
1958,2,1.777384e-03,0.22163,0.0626
1959,2,1.777135e-03,0.20018,0.0540
1960,2,1.776887e-03,0.22494,0.0543
1961,2,1.776638e-03,0.21096,0.0561
1962,2,1.776389e-03,0.21410,0.0564
1963,2,1.776140e-03,0.22432,0.0776
1964,2,1.775891e-03,0.18870,0.0481
1965,2,1.775642e-03,0.23196,0.0549
1966,2,1.775393e-03,0.16423,0.0503
1967,2,1.775143e-03,0.20949,0.0510
1968,2,1.774894e-03,0.20905,0.0568
1969,2,1.774644e-03,0.20160,0.0544
1970,2,1.774394e-03,0.27562,0.0778
1971,2,1.774144e-03,0.22472,0.0557
1972,2,1.773894e-03,0.20118,0.0438
1973,2,1.773644e-03,0.17583,0.0578
1974,2,1.773394e-03,0.18191,0.0705
1975,2,1.773144e-03,0.22484,0.0581
1976,2,1.772893e-03,0.19155,0.0489
1977,2,1.772643e-03,0.19278,0.0530
1978,2,1.772392e-03,0.18535,0.0509
1979,2,1.772141e-03,0.20870,0.0604
1980,2,1.771890e-03,0.17560,0.0758
1981,2,1.771639e-03,0.25873,0.0783
1982,2,1.771388e-03,0.17183,0.0504
1983,2,1.771137e-03,0.18873,0.0507
1984,2,1.770885e-03,0.23800,0.0579
1985,2,1.770634e-03,0.22189,0.0492
1986,2,1.770382e-03,0.20563,0.0521
1987,2,1.770130e-03,0.21328,0.0526
1988,2,1.769878e-03,0.19688,0.0476
1989,2,1.769626e-03,0.19267,0.0643
1990,2,1.769374e-03,0.18670,0.0522
1991,2,1.769122e-03,0.16239,0.0482
1992,3,1.768869e-03,0.23533,0.0683
1993,3,1.768617e-03,0.17383,0.0494
1994,3,1.768364e-03,0.19314,0.0560
1995,3,1.768111e-03,0.21319,0.0643
1996,3,1.767859e-03,0.17418,0.0637
1997,3,1.767606e-03,0.20680,0.0521
1998,3,1.767353e-03,0.19934,0.0462
1999,3,1.767099e-03,0.23629,0.0559
2000,3,1.766846e-03,0.21192,0.0636
2001,3,1.766593e-03,0.18653,0.0487
2002,3,1.766339e-03,0.15910,0.0500
2003,3,1.766085e-03,0.20957,0.0647
2004,3,1.765831e-03,0.20999,0.0629
2005,3,1.765578e-03,0.21205,0.0571
2006,3,1.765324e-03,0.22057,0.0569
2007,3,1.765069e-03,0.20944,0.0599
2008,3,1.764815e-03,0.18307,0.0470
2009,3,1.764561e-03,0.16728,0.0517
2010,3,1.764306e-03,0.22343,0.0571
2011,3,1.764052e-03,0.19538,0.0533
2012,3,1.763797e-03,0.18787,0.0551
2013,3,1.763542e-03,0.19298,0.0507
2014,3,1.763287e-03,0.18807,0.0437
2015,3,1.763032e-03,0.18517,0.0596
2016,3,1.762777e-03,0.18685,0.0865
2017,3,1.762521e-03,0.17423,0.0639
2018,3,1.762266e-03,0.16860,0.0510
2019,3,1.762010e-03,0.27634,0.0804
2020,3,1.761755e-03,0.16411,0.0505
2021,3,1.761499e-03,0.21217,0.0665
2022,3,1.761243e-03,0.18417,0.0466
2023,3,1.760987e-03,0.25748,0.0823
2024,3,1.760731e-03,0.15413,0.0517
2025,3,1.760474e-03,0.18103,0.0478
2026,3,1.760218e-03,0.18223,0.0476
2027,3,1.759961e-03,0.19310,0.0577
2028,3,1.759705e-03,0.21849,0.0518
2029,3,1.759448e-03,0.17154,0.0553
2030,3,1.759191e-03,0.25532,0.0714
2031,3,1.758934e-03,0.19955,0.0496
2032,3,1.758677e-03,0.21733,0.0493
2033,3,1.758420e-03,0.20908,0.0583
2034,3,1.758162e-03,0.15765,0.0627
2035,3,1.757905e-03,0.19714,0.0481
2036,3,1.757647e-03,0.16807,0.0643
2037,3,1.757390e-03,0.19556,0.0554
2038,3,1.757132e-03,0.20180,0.0573
2039,3,1.756874e-03,0.17256,0.0587
2040,3,1.756616e-03,0.20554,0.0654
2041,3,1.756358e-03,0.15894,0.0733
2042,3,1.756100e-03,0.16219,0.0451
2043,3,1.755841e-03,0.15809,0.0645
2044,3,1.755583e-03,0.16724,0.0550
2045,3,1.755324e-03,0.17268,0.0580
2046,3,1.755065e-03,0.18556,0.0634
2047,3,1.754806e-03,0.16419,0.0551
2048,3,1.754547e-03,0.21008,0.0578
2049,3,1.754288e-03,0.16885,0.0480
2050,3,1.754029e-03,0.25833,0.0922
2051,3,1.753770e-03,0.20208,0.0542
2052,3,1.753510e-03,0.22995,0.0682
2053,3,1.753251e-03,0.20074,0.0496
2054,3,1.752991e-03,0.14123,0.0576
2055,3,1.752731e-03,0.21272,0.0590
2056,3,1.752471e-03,0.16351,0.0730
2057,3,1.752211e-03,0.14019,0.0502
2058,3,1.751951e-03,0.22386,0.0736
2059,3,1.751691e-03,0.20139,0.0553
2060,3,1.751431e-03,0.20054,0.0652
2061,3,1.751170e-03,0.16174,0.0491
2062,3,1.750910e-03,0.13985,0.0566
2063,3,1.750649e-03,0.17900,0.0754
2064,3,1.750388e-03,0.18418,0.0543
2065,3,1.750127e-03,0.16108,0.0432
2066,3,1.749866e-03,0.17305,0.0553
2067,3,1.749605e-03,0.16765,0.0495
2068,3,1.749344e-03,0.19486,0.0553
2069,3,1.749082e-03,0.19657,0.0622
2070,3,1.748821e-03,0.21958,0.0734
2071,3,1.748559e-03,0.16442,0.0470
2072,3,1.748297e-03,0.20392,0.0448
2073,3,1.748035e-03,0.18652,0.0740
2074,3,1.747773e-03,0.20030,0.0591
2075,3,1.747511e-03,0.20586,0.0676
2076,3,1.747249e-03,0.17955,0.0619
2077,3,1.746987e-03,0.17942,0.0614
2078,3,1.746724e-03,0.22627,0.0614
2079,3,1.746462e-03,0.18047,0.0515
2080,3,1.746199e-03,0.21452,0.0660
2081,3,1.745936e-03,0.13793,0.0547
2082,3,1.745673e-03,0.18849,0.0451
2083,3,1.745410e-03,0.18138,0.0575
2084,3,1.745147e-03,0.21316,0.0590
2085,3,1.744884e-03,0.17822,0.0421
2086,3,1.744621e-03,0.24325,0.0635
2087,3,1.744357e-03,0.20381,0.0537
2088,3,1.744094e-03,0.17732,0.0662
2089,3,1.743830e-03,0.16072,0.0543
2090,3,1.743566e-03,0.18791,0.0487
2091,3,1.743302e-03,0.18855,0.0479
2092,3,1.743038e-03,0.12570,0.0623
2093,3,1.742774e-03,0.22066,0.0675
2094,3,1.742510e-03,0.22421,0.0940
2095,3,1.742245e-03,0.22672,0.0663
2096,3,1.741981e-03,0.14847,0.0474
2097,3,1.741716e-03,0.18762,0.0577
2098,3,1.741451e-03,0.23524,0.0683
2099,3,1.741186e-03,0.19323,0.0637
2100,3,1.740922e-03,0.14491,0.0486
2101,3,1.740656e-03,0.23684,0.0728
2102,3,1.740391e-03,0.17850,0.0485
2103,3,1.740126e-03,0.25316,0.0677
2104,3,1.739861e-03,0.24524,0.0740
2105,3,1.739595e-03,0.16828,0.0542
2106,3,1.739329e-03,0.21386,0.0668
2107,3,1.739064e-03,0.21294,0.0493
2108,3,1.738798e-03,0.20395,0.0576
2109,3,1.738532e-03,0.17664,0.0530
2110,3,1.738266e-03,0.18679,0.0519
2111,3,1.737999e-03,0.19921,0.0494
2112,3,1.737733e-03,0.22006,0.0770
2113,3,1.737467e-03,0.20095,0.0653
2114,3,1.737200e-03,0.17643,0.0443
2115,3,1.736933e-03,0.21869,0.0620
2116,3,1.736667e-03,0.18035,0.0554
2117,3,1.736400e-03,0.12840,0.0645
2118,3,1.736133e-03,0.24131,0.0733
2119,3,1.735866e-03,0.22081,0.0618
2120,3,1.735598e-03,0.15071,0.0606
2121,3,1.735331e-03,0.21458,0.0757
2122,3,1.735063e-03,0.22246,0.0610
2123,3,1.734796e-03,0.17036,0.0462
2124,3,1.734528e-03,0.20043,0.0566
2125,3,1.734260e-03,0.18415,0.0517
2126,3,1.733992e-03,0.17823,0.0503
2127,3,1.733724e-03,0.16819,0.0600
2128,3,1.733456e-03,0.18580,0.0635
2129,3,1.733188e-03,0.22911,0.0814
2130,3,1.732920e-03,0.20308,0.0458
2131,3,1.732651e-03,0.14057,0.0671
2132,3,1.732383e-03,0.17667,0.0495
2133,3,1.732114e-03,0.17564,0.0555
2134,3,1.731845e-03,0.17259,0.0656
2135,3,1.731576e-03,0.18509,0.0486
2136,3,1.731307e-03,0.18899,0.0434
2137,3,1.731038e-03,0.19134,0.0482
2138,3,1.730769e-03,0.20048,0.0644
2139,3,1.730499e-03,0.22391,0.0653
2140,3,1.730230e-03,0.21322,0.0659
2141,3,1.729960e-03,0.18703,0.0604
2142,3,1.729690e-03,0.16516,0.0535
2143,3,1.729421e-03,0.21949,0.0754
2144,3,1.729151e-03,0.19389,0.0466
2145,3,1.728881e-03,0.20212,0.0549
2146,3,1.728610e-03,0.16818,0.0615
2147,3,1.728340e-03,0.16658,0.0626
2148,3,1.728070e-03,0.16952,0.0432
2149,3,1.727799e-03,0.22798,0.0626
2150,3,1.727529e-03,0.18201,0.0579
2151,3,1.727258e-03,0.22235,0.0975
2152,3,1.726987e-03,0.17821,0.0537
2153,3,1.726716e-03,0.14390,0.0449
2154,3,1.726445e-03,0.15240,0.0509
2155,3,1.726174e-03,0.22716,0.0680
2156,3,1.725902e-03,0.20380,0.0522
2157,3,1.725631e-03,0.20523,0.0589
2158,3,1.725360e-03,0.20617,0.0552
2159,3,1.725088e-03,0.17599,0.0576
2160,3,1.724816e-03,0.18299,0.0525
2161,3,1.724544e-03,0.18476,0.0474
2162,3,1.724272e-03,0.21358,0.0654
2163,3,1.724000e-03,0.18904,0.0465
2164,3,1.723728e-03,0.18757,0.0564
2165,3,1.723456e-03,0.18306,0.0596
2166,3,1.723183e-03,0.16686,0.0532
2167,3,1.722911e-03,0.20548,0.0550
2168,3,1.722638e-03,0.16824,0.0467
2169,3,1.722366e-03,0.21619,0.0768
2170,3,1.722093e-03,0.20160,0.0628
2171,3,1.721820e-03,0.17762,0.0482
2172,3,1.721547e-03,0.19293,0.0812
2173,3,1.721273e-03,0.24741,0.0756
2174,3,1.721000e-03,0.19435,0.0624
2175,3,1.720727e-03,0.13912,0.0747
2176,3,1.720453e-03,0.17649,0.0471
2177,3,1.720180e-03,0.19834,0.0501
2178,3,1.719906e-03,0.18826,0.0452
2179,3,1.719632e-03,0.18986,0.0553
2180,3,1.719358e-03,0.17610,0.0525
2181,3,1.719084e-03,0.17257,0.0523
2182,3,1.718810e-03,0.19568,0.0740
2183,3,1.718536e-03,0.18146,0.0653
2184,3,1.718261e-03,0.25471,0.0831
2185,3,1.717987e-03,0.17361,0.0529
2186,3,1.717712e-03,0.21717,0.0623
2187,3,1.717437e-03,0.21453,0.0605
2188,3,1.717162e-03,0.17320,0.0632
2189,3,1.716887e-03,0.17928,0.0510
2190,3,1.716612e-03,0.18251,0.0508
2191,3,1.716337e-03,0.17957,0.0779
2192,3,1.716062e-03,0.15871,0.0524
2193,3,1.715787e-03,0.21591,0.0609
2194,3,1.715511e-03,0.18672,0.0619
2195,3,1.715235e-03,0.21561,0.0613
2196,3,1.714960e-03,0.16785,0.0548
2197,3,1.714684e-03,0.21392,0.0871
2198,3,1.714408e-03,0.19023,0.0445
2199,3,1.714132e-03,0.18469,0.0868
2200,3,1.713856e-03,0.16599,0.0681
2201,3,1.713579e-03,0.15825,0.0496
2202,3,1.713303e-03,0.23253,0.0818
2203,3,1.713027e-03,0.17759,0.0542
2204,3,1.712750e-03,0.17933,0.0485
2205,3,1.712473e-03,0.18900,0.0471
2206,3,1.712196e-03,0.23563,0.0700
2207,3,1.711919e-03,0.18689,0.0510
2208,3,1.711642e-03,0.21412,0.0612
2209,3,1.711365e-03,0.17645,0.0676
2210,3,1.711088e-03,0.24818,0.0700
2211,3,1.710811e-03,0.19340,0.0579
2212,3,1.710533e-03,0.17802,0.0454
2213,3,1.710256e-03,0.19211,0.0555
2214,3,1.709978e-03,0.15312,0.0510
2215,3,1.709700e-03,0.17872,0.0530
2216,3,1.709422e-03,0.17816,0.0503
2217,3,1.709144e-03,0.14881,0.0549
2218,3,1.708866e-03,0.19162,0.0581
2219,3,1.708588e-03,0.20698,0.0609
2220,3,1.708309e-03,0.22061,0.0632
2221,3,1.708031e-03,0.20796,0.0615
2222,3,1.707752e-03,0.17611,0.0708
2223,3,1.707474e-03,0.23631,0.0707
2224,3,1.707195e-03,0.19528,0.0520
2225,3,1.706916e-03,0.21692,0.0696
2226,3,1.706637e-03,0.19917,0.0676
2227,3,1.706358e-03,0.24922,0.0920
2228,3,1.706079e-03,0.18967,0.0521
2229,3,1.705799e-03,0.16101,0.0522
2230,3,1.705520e-03,0.21366,0.0712
2231,3,1.705240e-03,0.19493,0.0493
2232,3,1.704961e-03,0.26760,0.1135
2233,3,1.704681e-03,0.16023,0.0596
2234,3,1.704401e-03,0.20041,0.0532
2235,3,1.704121e-03,0.19117,0.0516
2236,3,1.703841e-03,0.18495,0.0490
2237,3,1.703561e-03,0.17221,0.0554
2238,3,1.703281e-03,0.16552,0.0553
2239,3,1.703000e-03,0.21930,0.0541
2240,3,1.702720e-03,0.15774,0.0488
2241,3,1.702439e-03,0.19602,0.0521
2242,3,1.702158e-03,0.18835,0.0508
2243,3,1.701878e-03,0.19399,0.0699
2244,3,1.701597e-03,0.19658,0.0469
2245,3,1.701316e-03,0.15794,0.0625
2246,3,1.701034e-03,0.18814,0.0521
2247,3,1.700753e-03,0.21239,0.0531
2248,3,1.700472e-03,0.20046,0.0491
2249,3,1.700190e-03,0.21180,0.0666
2250,3,1.699909e-03,0.14595,0.0507
2251,3,1.699627e-03,0.19322,0.0487
2252,3,1.699345e-03,0.20983,0.0599
2253,3,1.699063e-03,0.19890,0.0539
2254,3,1.698781e-03,0.25711,0.0809
2255,3,1.698499e-03,0.20307,0.0558
2256,3,1.698217e-03,0.18532,0.0740
2257,3,1.697935e-03,0.20065,0.0692
2258,3,1.697652e-03,0.19496,0.0504
2259,3,1.697370e-03,0.18783,0.0515
2260,3,1.697087e-03,0.19244,0.0512
2261,3,1.696804e-03,0.19562,0.0575
2262,3,1.696521e-03,0.18875,0.0550
2263,3,1.696238e-03,0.19336,0.0466
2264,3,1.695955e-03,0.20592,0.0471
2265,3,1.695672e-03,0.19984,0.0488
2266,3,1.695389e-03,0.18652,0.0456
2267,3,1.695105e-03,0.24948,0.0740
2268,3,1.694822e-03,0.23370,0.0618
2269,3,1.694538e-03,0.15341,0.0490
2270,3,1.694254e-03,0.19404,0.0537
2271,3,1.693971e-03,0.14497,0.0505
2272,3,1.693687e-03,0.13348,0.0676
2273,3,1.693403e-03,0.18778,0.0592
2274,3,1.693118e-03,0.17125,0.0472
2275,3,1.692834e-03,0.25259,0.0720
2276,3,1.692550e-03,0.21606,0.0542
2277,3,1.692265e-03,0.20092,0.0519
2278,3,1.691981e-03,0.15222,0.0503
2279,3,1.691696e-03,0.17380,0.0599
2280,3,1.691411e-03,0.23992,0.0716
2281,3,1.691126e-03,0.18455,0.0494
2282,3,1.690841e-03,0.20239,0.0528
2283,3,1.690556e-03,0.22443,0.0614
2284,3,1.690271e-03,0.23344,0.0639
2285,3,1.689986e-03,0.22265,0.0616
2286,3,1.689700e-03,0.20619,0.0600
2287,3,1.689415e-03,0.17787,0.0570
2288,3,1.689129e-03,0.17876,0.0488
2289,3,1.688843e-03,0.16495,0.0560
2290,3,1.688557e-03,0.18294,0.0463
2291,3,1.688272e-03,0.19698,0.0541
2292,3,1.687985e-03,0.19320,0.0567
2293,3,1.687699e-03,0.22268,0.0695
2294,3,1.687413e-03,0.19850,0.0491
2295,3,1.687127e-03,0.20156,0.0526
2296,3,1.686840e-03,0.20708,0.0633
2297,3,1.686554e-03,0.21740,0.0592
2298,3,1.686267e-03,0.22611,0.0541
2299,3,1.685980e-03,0.16095,0.0418
2300,3,1.685693e-03,0.22254,0.0613
2301,3,1.685406e-03,0.19960,0.0568
2302,3,1.685119e-03,0.20864,0.0687
2303,3,1.684832e-03,0.17865,0.0671
2304,3,1.684545e-03,0.20197,0.0551
2305,3,1.684257e-03,0.15184,0.0517
2306,3,1.683970e-03,0.16346,0.0497
2307,3,1.683682e-03,0.16335,0.0463
2308,3,1.683394e-03,0.18886,0.0558
2309,3,1.683106e-03,0.14917,0.0691
2310,3,1.682818e-03,0.18689,0.0529
2311,3,1.682530e-03,0.19248,0.0554
2312,3,1.682242e-03,0.17619,0.0540
2313,3,1.681954e-03,0.19336,0.0643
2314,3,1.681666e-03,0.16753,0.0634
2315,3,1.681377e-03,0.18018,0.0455
2316,3,1.681089e-03,0.15622,0.0470
2317,3,1.680800e-03,0.21423,0.0619
2318,3,1.680511e-03,0.17793,0.0812
2319,3,1.680222e-03,0.17727,0.0614
2320,3,1.679933e-03,0.19892,0.0673
2321,3,1.679644e-03,0.16586,0.0458
2322,3,1.679355e-03,0.22351,0.0895
2323,3,1.679066e-03,0.18464,0.0557
2324,3,1.678776e-03,0.16879,0.0548
2325,3,1.678487e-03,0.18902,0.0651
2326,3,1.678197e-03,0.24850,0.0715
2327,3,1.677907e-03,0.21462,0.0725
2328,3,1.677617e-03,0.17933,0.0636
2329,3,1.677328e-03,0.15965,0.0511
2330,3,1.677038e-03,0.21631,0.0615
2331,3,1.676747e-03,0.27157,0.1016
2332,3,1.676457e-03,0.23770,0.0698
2333,3,1.676167e-03,0.20880,0.0677
2334,3,1.675876e-03,0.18113,0.0580
2335,3,1.675586e-03,0.18310,0.0595
2336,3,1.675295e-03,0.16337,0.0592
2337,3,1.675004e-03,0.15109,0.0563
2338,3,1.674714e-03,0.21144,0.0566
2339,3,1.674423e-03,0.14775,0.0593
2340,3,1.674132e-03,0.22368,0.0718
2341,3,1.673840e-03,0.19889,0.0517
2342,3,1.673549e-03,0.17236,0.0620
2343,3,1.673258e-03,0.18805,0.0491
2344,3,1.672966e-03,0.19805,0.0632
2345,3,1.672675e-03,0.19310,0.0456
2346,3,1.672383e-03,0.21395,0.0755
2347,3,1.672091e-03,0.18003,0.0702
2348,3,1.671799e-03,0.15354,0.0666
2349,3,1.671507e-03,0.18011,0.0446
2350,3,1.671215e-03,0.20609,0.0948
2351,3,1.670923e-03,0.18147,0.0512
2352,3,1.670631e-03,0.20173,0.0702
2353,3,1.670338e-03,0.23837,0.0610
2354,3,1.670046e-03,0.15673,0.0540
2355,3,1.669753e-03,0.20378,0.0589
2356,3,1.669460e-03,0.19220,0.0553
2357,3,1.669168e-03,0.16115,0.0481
2358,3,1.668875e-03,0.16359,0.0539
2359,3,1.668582e-03,0.19029,0.0619
2360,3,1.668289e-03,0.19604,0.0537
2361,3,1.667995e-03,0.20405,0.0663
2362,3,1.667702e-03,0.20669,0.0509
2363,3,1.667409e-03,0.19489,0.0496
2364,3,1.667115e-03,0.20187,0.0572
2365,3,1.666821e-03,0.19976,0.0715
2366,3,1.666528e-03,0.19907,0.0781
2367,3,1.666234e-03,0.14144,0.0507
2368,3,1.665940e-03,0.19167,0.0604
2369,3,1.665646e-03,0.16493,0.0517
2370,3,1.665352e-03,0.20355,0.0471
2371,3,1.665058e-03,0.20218,0.0466
2372,3,1.664763e-03,0.18765,0.0483
2373,3,1.664469e-03,0.16994,0.0526
2374,3,1.664174e-03,0.17483,0.0677
2375,3,1.663880e-03,0.19581,0.0515
2376,3,1.663585e-03,0.18309,0.0477
2377,3,1.663290e-03,0.19738,0.0479
2378,3,1.662995e-03,0.16260,0.0564
2379,3,1.662700e-03,0.16146,0.0524
2380,3,1.662405e-03,0.17069,0.0450
2381,3,1.662110e-03,0.18640,0.0613
2382,3,1.661814e-03,0.20417,0.0574
2383,3,1.661519e-03,0.20803,0.0613
2384,3,1.661223e-03,0.17794,0.0452
2385,3,1.660928e-03,0.23064,0.0731
2386,3,1.660632e-03,0.24183,0.0628
2387,3,1.660336e-03,0.20273,0.0495
2388,3,1.660040e-03,0.17250,0.0520
2389,3,1.659744e-03,0.17443,0.0432
2390,3,1.659448e-03,0.21501,0.0576
2391,3,1.659151e-03,0.19414,0.0570
2392,3,1.658855e-03,0.18188,0.0571
2393,3,1.658559e-03,0.14385,0.0477
2394,3,1.658262e-03,0.18127,0.0500
2395,3,1.657965e-03,0.15479,0.0446
2396,3,1.657669e-03,0.17745,0.0524
2397,3,1.657372e-03,0.18862,0.0592
2398,3,1.657075e-03,0.17333,0.0486
2399,3,1.656778e-03,0.17403,0.0544
2400,3,1.656481e-03,0.14917,0.0497
2401,3,1.656183e-03,0.15842,0.0497
2402,3,1.655886e-03,0.16373,0.0504
2403,3,1.655588e-03,0.18898,0.0448
2404,3,1.655291e-03,0.17851,0.0475
2405,3,1.654993e-03,0.20981,0.0673
2406,3,1.654695e-03,0.14473,0.0532
2407,3,1.654398e-03,0.18569,0.0582
2408,3,1.654100e-03,0.17987,0.0596
2409,3,1.653802e-03,0.20402,0.0539
2410,3,1.653503e-03,0.15274,0.0516
2411,3,1.653205e-03,0.16468,0.0503
2412,3,1.652907e-03,0.20476,0.0832
2413,3,1.652608e-03,0.19162,0.0790
2414,3,1.652310e-03,0.20552,0.0847
2415,3,1.652011e-03,0.16629,0.0599
2416,3,1.651712e-03,0.15993,0.0598
2417,3,1.651413e-03,0.20101,0.0695
2418,3,1.651114e-03,0.18710,0.0569
2419,3,1.650815e-03,0.16870,0.0506
2420,3,1.650516e-03,0.20534,0.0571
2421,3,1.650217e-03,0.19267,0.0662
2422,3,1.649918e-03,0.15981,0.0453
2423,3,1.649618e-03,0.19207,0.0754
2424,3,1.649319e-03,0.19896,0.0557
2425,3,1.649019e-03,0.19185,0.0527
2426,3,1.648719e-03,0.20690,0.0744
2427,3,1.648419e-03,0.20333,0.0636
2428,3,1.648119e-03,0.20446,0.0924
2429,3,1.647819e-03,0.18548,0.0534
2430,3,1.647519e-03,0.21432,0.0602
2431,3,1.647219e-03,0.22955,0.0757
2432,3,1.646919e-03,0.16963,0.0503
2433,3,1.646618e-03,0.23240,0.0719
2434,3,1.646318e-03,0.22826,0.0826
2435,3,1.646017e-03,0.20800,0.0596
2436,3,1.645716e-03,0.16003,0.0491
2437,3,1.645415e-03,0.18415,0.0547
2438,3,1.645114e-03,0.18050,0.0474
2439,3,1.644813e-03,0.20549,0.0537
2440,3,1.644512e-03,0.18666,0.0795
2441,3,1.644211e-03,0.17513,0.0598
2442,3,1.643910e-03,0.16077,0.0696
2443,3,1.643608e-03,0.19847,0.0594
2444,3,1.643307e-03,0.20256,0.0536
2445,3,1.643005e-03,0.17265,0.0609
2446,3,1.642703e-03,0.20388,0.0569
2447,3,1.642402e-03,0.16200,0.0542
2448,3,1.642100e-03,0.24438,0.0698
2449,3,1.641798e-03,0.16545,0.0547
2450,3,1.641496e-03,0.20950,0.0612
2451,3,1.641193e-03,0.23144,0.0659
2452,3,1.640891e-03,0.17172,0.0777
2453,3,1.640589e-03,0.18544,0.0491
2454,3,1.640286e-03,0.19243,0.0493
2455,3,1.639983e-03,0.18490,0.0835
2456,3,1.639681e-03,0.12126,0.0747
2457,3,1.639378e-03,0.18045,0.0653
2458,3,1.639075e-03,0.19045,0.0678
2459,3,1.638772e-03,0.21102,0.0711
2460,3,1.638469e-03,0.16073,0.0635
2461,3,1.638166e-03,0.18661,0.0518
2462,3,1.637862e-03,0.17499,0.0596
2463,3,1.637559e-03,0.22829,0.0664
2464,3,1.637256e-03,0.21261,0.0672
2465,3,1.636952e-03,0.19220,0.0462
2466,3,1.636648e-03,0.18381,0.0480
2467,3,1.636345e-03,0.16208,0.0462
2468,3,1.636041e-03,0.14915,0.0480
2469,3,1.635737e-03,0.19206,0.0555
2470,3,1.635433e-03,0.16827,0.0471
2471,3,1.635129e-03,0.17772,0.0506
2472,3,1.634824e-03,0.16659,0.0565
2473,3,1.634520e-03,0.16157,0.0624
2474,3,1.634216e-03,0.18184,0.0580
2475,3,1.633911e-03,0.19995,0.0837
2476,3,1.633606e-03,0.15367,0.0505
2477,3,1.633302e-03,0.18738,0.0475
2478,3,1.632997e-03,0.21517,0.0627
2479,3,1.632692e-03,0.17179,0.0583
2480,3,1.632387e-03,0.18637,0.0485
2481,3,1.632082e-03,0.18586,0.0478
2482,3,1.631776e-03,0.20726,0.0511
2483,3,1.631471e-03,0.19271,0.0613
2484,3,1.631166e-03,0.15534,0.0443
2485,3,1.630860e-03,0.21851,0.0816
2486,3,1.630555e-03,0.18287,0.0782
2487,3,1.630249e-03,0.15914,0.0432
2488,3,1.629943e-03,0.21072,0.0605
2489,3,1.629637e-03,0.17154,0.0689
2490,3,1.629331e-03,0.20991,0.0628
2491,3,1.629025e-03,0.20590,0.0509
2492,3,1.628719e-03,0.20004,0.0594
2493,3,1.628413e-03,0.20764,0.0533
2494,3,1.628106e-03,0.19831,0.0604
2495,3,1.627800e-03,0.18252,0.0489
2496,3,1.627493e-03,0.18395,0.0438
2497,3,1.627187e-03,0.21362,0.0670
2498,3,1.626880e-03,0.17459,0.0432
2499,3,1.626573e-03,0.17439,0.0497
2500,3,1.626266e-03,0.19607,0.0617
2501,3,1.625959e-03,0.15927,0.0471
2502,3,1.625652e-03,0.23264,0.0708
2503,3,1.625345e-03,0.19050,0.0420
2504,3,1.625037e-03,0.22405,0.0632
2505,3,1.624730e-03,0.18913,0.0645
2506,3,1.624422e-03,0.21068,0.0598
2507,3,1.624115e-03,0.18490,0.0443
2508,3,1.623807e-03,0.19310,0.0504
2509,3,1.623499e-03,0.22558,0.0593
2510,3,1.623191e-03,0.21661,0.0700
2511,3,1.622883e-03,0.19707,0.0709
2512,3,1.622575e-03,0.14874,0.0475
2513,3,1.622267e-03,0.18830,0.0489
2514,3,1.621959e-03,0.16734,0.0490
2515,3,1.621651e-03,0.20968,0.0588
2516,3,1.621342e-03,0.18826,0.0639
2517,3,1.621034e-03,0.18011,0.0554
2518,3,1.620725e-03,0.18569,0.0455
2519,3,1.620416e-03,0.17490,0.0498
2520,3,1.620107e-03,0.20708,0.0468
2521,3,1.619798e-03,0.20953,0.0510
2522,3,1.619489e-03,0.20866,0.0546
2523,3,1.619180e-03,0.18731,0.0535
2524,3,1.618871e-03,0.23891,0.0655
2525,3,1.618562e-03,0.23082,0.0824
2526,3,1.618252e-03,0.18115,0.0537
2527,3,1.617943e-03,0.19308,0.0469
2528,3,1.617633e-03,0.18388,0.0469
2529,3,1.617324e-03,0.19705,0.0598
2530,3,1.617014e-03,0.25012,0.0672
2531,3,1.616704e-03,0.20695,0.0472
2532,3,1.616394e-03,0.22438,0.0696
2533,3,1.616084e-03,0.21948,0.0608
2534,3,1.615774e-03,0.21137,0.0531
2535,3,1.615464e-03,0.21901,0.0687
2536,3,1.615153e-03,0.25093,0.0696
2537,3,1.614843e-03,0.20378,0.0510
2538,3,1.614532e-03,0.21772,0.0554
2539,3,1.614222e-03,0.18061,0.0508
2540,3,1.613911e-03,0.16466,0.0449
2541,3,1.613600e-03,0.18819,0.0420
2542,3,1.613289e-03,0.22611,0.0532
2543,3,1.612978e-03,0.18162,0.0504
2544,3,1.612667e-03,0.23838,0.0685
2545,3,1.612356e-03,0.18397,0.0484
2546,3,1.612045e-03,0.14971,0.0542
2547,3,1.611733e-03,0.15715,0.0493
2548,3,1.611422e-03,0.15908,0.0480
2549,3,1.611110e-03,0.19071,0.0446
2550,3,1.610799e-03,0.21165,0.0847
2551,3,1.610487e-03,0.22386,0.0679
2552,3,1.610175e-03,0.14763,0.0677
2553,3,1.609863e-03,0.22850,0.0637
2554,3,1.609551e-03,0.13778,0.0478
2555,3,1.609239e-03,0.20204,0.0574
2556,3,1.608927e-03,0.20268,0.0464
2557,3,1.608615e-03,0.17729,0.0528
2558,3,1.608302e-03,0.21504,0.0561
2559,3,1.607990e-03,0.24601,0.0837
2560,3,1.607677e-03,0.24200,0.0607
2561,3,1.607365e-03,0.18993,0.0425
2562,3,1.607052e-03,0.17978,0.0625
2563,3,1.606739e-03,0.19265,0.0620
2564,3,1.606426e-03,0.21381,0.0802
2565,3,1.606113e-03,0.16986,0.0572
2566,3,1.605800e-03,0.15639,0.0603
2567,3,1.605487e-03,0.22092,0.0661
2568,3,1.605173e-03,0.21329,0.0517
2569,3,1.604860e-03,0.21071,0.0531
2570,3,1.604547e-03,0.21499,0.0499
2571,3,1.604233e-03,0.19210,0.0468
2572,3,1.603919e-03,0.17864,0.0630
2573,3,1.603606e-03,0.20413,0.0541
2574,3,1.603292e-03,0.21270,0.0626
2575,3,1.602978e-03,0.16457,0.0531
2576,3,1.602664e-03,0.21820,0.0869
2577,3,1.602350e-03,0.15900,0.0564
2578,3,1.602035e-03,0.17541,0.0560
2579,3,1.601721e-03,0.20219,0.0561
2580,3,1.601407e-03,0.21681,0.0549
2581,3,1.601092e-03,0.20983,0.0574
2582,3,1.600778e-03,0.19249,0.0439
2583,3,1.600463e-03,0.19141,0.0489
2584,3,1.600148e-03,0.22153,0.0544
2585,3,1.599833e-03,0.19170,0.0503
2586,3,1.599518e-03,0.22069,0.0586
2587,3,1.599203e-03,0.22071,0.0570
2588,3,1.598888e-03,0.18602,0.0594
2589,3,1.598573e-03,0.17035,0.0572
2590,3,1.598258e-03,0.19517,0.0558
2591,3,1.597942e-03,0.20871,0.0544
2592,3,1.597627e-03,0.18173,0.0497
2593,3,1.597311e-03,0.13846,0.0546
2594,3,1.596996e-03,0.14757,0.0590
2595,3,1.596680e-03,0.18841,0.0583
2596,3,1.596364e-03,0.20732,0.0715
2597,3,1.596048e-03,0.16791,0.0562
2598,3,1.595732e-03,0.19118,0.0490
2599,3,1.595416e-03,0.22629,0.0778
2600,3,1.595100e-03,0.16738,0.0411
2601,3,1.594783e-03,0.18034,0.0532
2602,3,1.594467e-03,0.16780,0.0455
2603,3,1.594151e-03,0.12869,0.0656
2604,3,1.593834e-03,0.22470,0.0593
2605,3,1.593517e-03,0.20152,0.0512
2606,3,1.593201e-03,0.23367,0.0716
2607,3,1.592884e-03,0.22728,0.0687
2608,3,1.592567e-03,0.23128,0.0707
2609,3,1.592250e-03,0.16333,0.0579
2610,3,1.591933e-03,0.18140,0.0582
2611,3,1.591615e-03,0.19348,0.0495
2612,3,1.591298e-03,0.17454,0.0487
2613,3,1.590981e-03,0.21194,0.0555
2614,3,1.590663e-03,0.18695,0.0803
2615,3,1.590346e-03,0.20888,0.0574
2616,3,1.590028e-03,0.22610,0.0601
2617,3,1.589710e-03,0.16855,0.0446
2618,3,1.589393e-03,0.18118,0.0497
2619,3,1.589075e-03,0.18634,0.0505
2620,3,1.588757e-03,0.17523,0.0631
2621,3,1.588439e-03,0.16108,0.0437
2622,3,1.588120e-03,0.16789,0.0544
2623,3,1.587802e-03,0.16398,0.0644
2624,3,1.587484e-03,0.17850,0.0472
2625,3,1.587165e-03,0.18796,0.0487
2626,3,1.586847e-03,0.19596,0.0646
2627,3,1.586528e-03,0.18036,0.0502
2628,3,1.586209e-03,0.23587,0.0769
2629,3,1.585891e-03,0.21185,0.0740
2630,3,1.585572e-03,0.15775,0.0447
2631,3,1.585253e-03,0.15204,0.0501
2632,3,1.584934e-03,0.17344,0.0466
2633,3,1.584615e-03,0.17098,0.0497
2634,3,1.584295e-03,0.18702,0.0735
2635,3,1.583976e-03,0.17533,0.0603
2636,3,1.583657e-03,0.22422,0.0665
2637,3,1.583337e-03,0.16375,0.0670
2638,3,1.583017e-03,0.20689,0.0512
2639,3,1.582698e-03,0.22287,0.0624
2640,3,1.582378e-03,0.18517,0.0468
2641,3,1.582058e-03,0.15541,0.0532
2642,3,1.581738e-03,0.19845,0.0641
2643,3,1.581418e-03,0.22658,0.0869
2644,3,1.581098e-03,0.17963,0.0532
2645,3,1.580778e-03,0.19691,0.0480
2646,3,1.580458e-03,0.16311,0.0509
2647,3,1.580137e-03,0.16888,0.0585
2648,3,1.579817e-03,0.23882,0.0609
2649,3,1.579496e-03,0.20428,0.0563
2650,3,1.579176e-03,0.17340,0.0450
2651,3,1.578855e-03,0.18489,0.0441
2652,3,1.578534e-03,0.21984,0.0870
2653,3,1.578213e-03,0.25226,0.0748
2654,3,1.577892e-03,0.17847,0.0489
2655,3,1.577571e-03,0.16092,0.0427
2656,3,1.577250e-03,0.21619,0.0503
2657,3,1.576929e-03,0.22153,0.0620
2658,3,1.576607e-03,0.18187,0.0681
2659,3,1.576286e-03,0.20208,0.0555
2660,3,1.575964e-03,0.18338,0.0632
2661,3,1.575643e-03,0.18079,0.0440
2662,3,1.575321e-03,0.21712,0.0601
2663,3,1.574999e-03,0.16617,0.0437
2664,3,1.574677e-03,0.20687,0.0571
2665,3,1.574355e-03,0.17901,0.0857
2666,3,1.574033e-03,0.17483,0.0469
2667,3,1.573711e-03,0.22377,0.0597
2668,3,1.573389e-03,0.20401,0.0534
2669,3,1.573067e-03,0.19182,0.0530
2670,3,1.572744e-03,0.21624,0.0641
2671,3,1.572422e-03,0.17498,0.0420
2672,3,1.572099e-03,0.17381,0.0465
2673,3,1.571777e-03,0.20257,0.0464
2674,3,1.571454e-03,0.18731,0.0500
2675,3,1.571131e-03,0.20099,0.0552
2676,3,1.570808e-03,0.17604,0.0463
2677,3,1.570485e-03,0.20152,0.0716
2678,3,1.570162e-03,0.21439,0.0602
2679,3,1.569839e-03,0.18804,0.0904
2680,3,1.569516e-03,0.22747,0.0646
2681,3,1.569192e-03,0.19423,0.0763
2682,3,1.568869e-03,0.18316,0.0594
2683,3,1.568545e-03,0.19248,0.0609
2684,3,1.568222e-03,0.17566,0.0503
2685,3,1.567898e-03,0.16031,0.0541
2686,3,1.567574e-03,0.17455,0.0482
2687,3,1.567251e-03,0.20618,0.0473
2688,3,1.566927e-03,0.16391,0.0485
2689,3,1.566603e-03,0.19005,0.0487
2690,3,1.566278e-03,0.23706,0.0740
2691,3,1.565954e-03,0.18754,0.0518
2692,3,1.565630e-03,0.18936,0.0413
2693,3,1.565306e-03,0.20633,0.0609
2694,3,1.564981e-03,0.16891,0.0416
2695,3,1.564657e-03,0.21471,0.0511
2696,3,1.564332e-03,0.16142,0.0494
2697,3,1.564007e-03,0.22911,0.0651
2698,3,1.563683e-03,0.19199,0.0505
2699,3,1.563358e-03,0.19222,0.0574
2700,3,1.563033e-03,0.16743,0.0492
2701,3,1.562708e-03,0.18645,0.0498
2702,3,1.562383e-03,0.16600,0.0773
2703,3,1.562057e-03,0.15836,0.0546
2704,3,1.561732e-03,0.23861,0.0630
2705,3,1.561407e-03,0.15739,0.0778
2706,3,1.561081e-03,0.17027,0.0443
2707,3,1.560756e-03,0.16568,0.0496
2708,3,1.560430e-03,0.17114,0.0468
2709,3,1.560104e-03,0.22542,0.0561
2710,3,1.559779e-03,0.23055,0.0607
2711,3,1.559453e-03,0.18469,0.0610
2712,3,1.559127e-03,0.18643,0.0444
2713,3,1.558801e-03,0.17594,0.0655
2714,3,1.558475e-03,0.20948,0.0550
2715,3,1.558148e-03,0.21120,0.0508
2716,3,1.557822e-03,0.15602,0.0662
2717,3,1.557496e-03,0.21725,0.0599
2718,3,1.557169e-03,0.16625,0.0807
2719,3,1.556843e-03,0.19534,0.0446
2720,3,1.556516e-03,0.22340,0.0721
2721,3,1.556189e-03,0.24871,0.0766
2722,3,1.555862e-03,0.16702,0.0505
2723,3,1.555536e-03,0.21662,0.0653
2724,3,1.555209e-03,0.18536,0.0506
2725,3,1.554882e-03,0.19256,0.0565
2726,3,1.554554e-03,0.20136,0.0759
2727,3,1.554227e-03,0.22725,0.0846
2728,3,1.553900e-03,0.20384,0.0544
2729,3,1.553572e-03,0.13974,0.0588
2730,3,1.553245e-03,0.19028,0.0538
2731,3,1.552917e-03,0.19205,0.0515
2732,3,1.552590e-03,0.18837,0.0683
2733,3,1.552262e-03,0.19917,0.0507
2734,3,1.551934e-03,0.18531,0.0791
2735,3,1.551606e-03,0.17010,0.0525
2736,3,1.551278e-03,0.16321,0.0452
2737,3,1.550950e-03,0.15819,0.0525
2738,3,1.550622e-03,0.21510,0.0665
2739,3,1.550294e-03,0.14829,0.0478
2740,3,1.549966e-03,0.19533,0.0611
2741,3,1.549637e-03,0.19872,0.0522
2742,3,1.549309e-03,0.14936,0.0500
2743,3,1.548980e-03,0.20839,0.0513
2744,3,1.548652e-03,0.18314,0.0515
2745,3,1.548323e-03,0.22591,0.0651
2746,3,1.547994e-03,0.16093,0.0477
2747,3,1.547665e-03,0.19010,0.0483
2748,3,1.547336e-03,0.16888,0.0511
2749,3,1.547007e-03,0.17205,0.0495
2750,3,1.546678e-03,0.15863,0.0566
2751,3,1.546349e-03,0.18290,0.0601
2752,3,1.546020e-03,0.22118,0.0639
2753,3,1.545690e-03,0.21697,0.0536
2754,3,1.545361e-03,0.21077,0.0685
2755,3,1.545031e-03,0.19150,0.0526
2756,3,1.544702e-03,0.15031,0.0530
2757,3,1.544372e-03,0.18012,0.0509
2758,3,1.544042e-03,0.20804,0.0613
2759,3,1.543712e-03,0.19214,0.0617
2760,3,1.543382e-03,0.19646,0.0522
2761,3,1.543052e-03,0.19049,0.0576
2762,3,1.542722e-03,0.17834,0.0478
2763,3,1.542392e-03,0.18484,0.0681
2764,3,1.542062e-03,0.20366,0.0703
2765,3,1.541731e-03,0.20388,0.0655
2766,3,1.541401e-03,0.21265,0.0629
2767,3,1.541071e-03,0.18481,0.0416
2768,3,1.540740e-03,0.18148,0.0459
2769,3,1.540409e-03,0.19118,0.0577
2770,3,1.540078e-03,0.21673,0.0692
2771,3,1.539748e-03,0.22823,0.0623
2772,3,1.539417e-03,0.19378,0.0699
2773,3,1.539086e-03,0.15429,0.0564
2774,3,1.538755e-03,0.17204,0.0711
2775,3,1.538423e-03,0.22795,0.0736
2776,3,1.538092e-03,0.16647,0.0521
2777,3,1.537761e-03,0.16015,0.0650
2778,3,1.537430e-03,0.17945,0.0486
2779,3,1.537098e-03,0.20388,0.0527
2780,3,1.536766e-03,0.21083,0.0584
2781,3,1.536435e-03,0.16314,0.0510
2782,3,1.536103e-03,0.19334,0.0538
2783,3,1.535771e-03,0.21158,0.0719
2784,3,1.535439e-03,0.18558,0.0513
2785,3,1.535107e-03,0.21092,0.0676
2786,3,1.534775e-03,0.17887,0.0612
2787,3,1.534443e-03,0.18416,0.0490
2788,3,1.534111e-03,0.18370,0.0472
2789,3,1.533779e-03,0.20414,0.0556
2790,3,1.533446e-03,0.21368,0.0635
2791,3,1.533114e-03,0.13645,0.0512
2792,3,1.532781e-03,0.23825,0.0848
2793,3,1.532449e-03,0.18192,0.0562
2794,3,1.532116e-03,0.20856,0.0853
2795,3,1.531783e-03,0.15697,0.0588
2796,3,1.531451e-03,0.21535,0.0705
2797,3,1.531118e-03,0.24212,0.0691
2798,3,1.530785e-03,0.14535,0.0642
2799,3,1.530452e-03,0.19069,0.0475
2800,3,1.530118e-03,0.20011,0.0567
2801,3,1.529785e-03,0.18694,0.0488
2802,3,1.529452e-03,0.18175,0.0771
2803,3,1.529118e-03,0.20250,0.0477
2804,3,1.528785e-03,0.20773,0.0590
2805,3,1.528451e-03,0.25585,0.1057
2806,3,1.528118e-03,0.19106,0.0802
2807,3,1.527784e-03,0.16136,0.0617
2808,3,1.527450e-03,0.18372,0.0565
2809,3,1.527116e-03,0.16621,0.0476
2810,3,1.526782e-03,0.15910,0.0389
2811,3,1.526448e-03,0.21691,0.0614
2812,3,1.526114e-03,0.20568,0.0576
2813,3,1.525780e-03,0.14974,0.0639
2814,3,1.525446e-03,0.17636,0.0519
2815,3,1.525111e-03,0.18435,0.0647
2816,3,1.524777e-03,0.18755,0.0534
2817,3,1.524443e-03,0.20316,0.0549
2818,3,1.524108e-03,0.18585,0.0661
2819,3,1.523773e-03,0.19075,0.0448
2820,3,1.523439e-03,0.15167,0.0491
2821,3,1.523104e-03,0.20158,0.0666
2822,3,1.522769e-03,0.16256,0.0558
2823,3,1.522434e-03,0.20241,0.0746
2824,3,1.522099e-03,0.15868,0.0450
2825,3,1.521764e-03,0.20778,0.0498
2826,3,1.521428e-03,0.17728,0.0675
2827,3,1.521093e-03,0.18239,0.0570
2828,3,1.520758e-03,0.17496,0.0485
2829,3,1.520422e-03,0.18574,0.0530
2830,3,1.520087e-03,0.17546,0.0470
2831,3,1.519751e-03,0.21869,0.0654
2832,3,1.519416e-03,0.18682,0.0484
2833,3,1.519080e-03,0.17606,0.0490
2834,3,1.518744e-03,0.18986,0.0527
2835,3,1.518408e-03,0.20504,0.0730
2836,3,1.518072e-03,0.21182,0.0539
2837,3,1.517736e-03,0.21142,0.0608
2838,3,1.517400e-03,0.15205,0.0553
2839,3,1.517064e-03,0.21402,0.0631
2840,3,1.516727e-03,0.20099,0.0447
2841,3,1.516391e-03,0.16680,0.0494
2842,3,1.516055e-03,0.18489,0.0455
2843,3,1.515718e-03,0.21417,0.0586
2844,3,1.515382e-03,0.20728,0.0444
2845,3,1.515045e-03,0.20166,0.0548
2846,3,1.514708e-03,0.17140,0.0446
2847,3,1.514371e-03,0.20999,0.0465
2848,3,1.514034e-03,0.18267,0.0493
2849,3,1.513697e-03,0.20966,0.0606
2850,3,1.513360e-03,0.17141,0.0564
2851,3,1.513023e-03,0.15763,0.0588
2852,3,1.512686e-03,0.19438,0.0579
2853,3,1.512349e-03,0.21247,0.0708
2854,3,1.512011e-03,0.21653,0.0551
2855,3,1.511674e-03,0.22561,0.0684
2856,3,1.511336e-03,0.17670,0.0905
2857,3,1.510999e-03,0.21943,0.0628
2858,3,1.510661e-03,0.21382,0.0670
2859,3,1.510323e-03,0.16871,0.0574
2860,3,1.509986e-03,0.17760,0.0556
2861,3,1.509648e-03,0.18451,0.0540
2862,3,1.509310e-03,0.17945,0.0596
2863,3,1.508972e-03,0.18256,0.0694
2864,3,1.508633e-03,0.14434,0.0444
2865,3,1.508295e-03,0.14584,0.0486
2866,3,1.507957e-03,0.18489,0.0477
2867,3,1.507619e-03,0.18187,0.0474
2868,3,1.507280e-03,0.23563,0.0885
2869,3,1.506942e-03,0.18951,0.0422
2870,3,1.506603e-03,0.23039,0.0578
2871,3,1.506264e-03,0.19611,0.0659
2872,3,1.505926e-03,0.15221,0.0641
2873,3,1.505587e-03,0.16430,0.0529
2874,3,1.505248e-03,0.18811,0.0546
2875,3,1.504909e-03,0.22541,0.0600
2876,3,1.504570e-03,0.19842,0.0516
2877,3,1.504231e-03,0.20803,0.0857
2878,3,1.503892e-03,0.17328,0.0681
2879,3,1.503552e-03,0.16835,0.0507
2880,3,1.503213e-03,0.19855,0.0599
2881,3,1.502874e-03,0.18141,0.0464
2882,3,1.502534e-03,0.24305,0.0792
2883,3,1.502195e-03,0.19050,0.0454
2884,3,1.501855e-03,0.19419,0.0535
2885,3,1.501515e-03,0.16646,0.0649
2886,3,1.501176e-03,0.19807,0.0808
2887,3,1.500836e-03,0.20070,0.0484
2888,3,1.500496e-03,0.18623,0.0530
2889,3,1.500156e-03,0.20620,0.0606
2890,3,1.499816e-03,0.21959,0.0528
2891,3,1.499476e-03,0.18724,0.0483
2892,3,1.499135e-03,0.15803,0.0538
2893,3,1.498795e-03,0.18461,0.0483
2894,3,1.498455e-03,0.20437,0.0652
2895,3,1.498114e-03,0.15284,0.0449
2896,3,1.497774e-03,0.26387,0.0857
2897,3,1.497433e-03,0.22530,0.0560
2898,3,1.497092e-03,0.17906,0.0408
2899,3,1.496752e-03,0.19557,0.0663
2900,3,1.496411e-03,0.18453,0.0594
2901,3,1.496070e-03,0.22128,0.0598
2902,3,1.495729e-03,0.17897,0.0689
2903,3,1.495388e-03,0.18308,0.0476
2904,3,1.495047e-03,0.18562,0.0495
2905,3,1.494706e-03,0.18401,0.0565
2906,3,1.494364e-03,0.23007,0.0604
2907,3,1.494023e-03,0.20618,0.0605
2908,3,1.493682e-03,0.17032,0.0563
2909,3,1.493340e-03,0.16005,0.0655
2910,3,1.492999e-03,0.18763,0.0515
2911,3,1.492657e-03,0.17230,0.0522
2912,3,1.492315e-03,0.19032,0.0488
2913,3,1.491974e-03,0.17232,0.0561
2914,3,1.491632e-03,0.19356,0.0592
2915,3,1.491290e-03,0.23046,0.0697
2916,3,1.490948e-03,0.18859,0.0487
2917,3,1.490606e-03,0.22554,0.0620
2918,3,1.490264e-03,0.17691,0.0545
2919,3,1.489921e-03,0.20267,0.0671
2920,3,1.489579e-03,0.18521,0.0551
2921,3,1.489237e-03,0.18439,0.0452
2922,3,1.488894e-03,0.18672,0.0640
2923,3,1.488552e-03,0.17871,0.0548
2924,3,1.488209e-03,0.20373,0.0520
2925,3,1.487867e-03,0.17117,0.0429
2926,3,1.487524e-03,0.19577,0.0464
2927,3,1.487181e-03,0.21983,0.0712
2928,3,1.486838e-03,0.18120,0.0551
2929,3,1.486495e-03,0.21185,0.0541
2930,3,1.486152e-03,0.21585,0.0558
2931,3,1.485809e-03,0.19536,0.0462
2932,3,1.485466e-03,0.21741,0.0637
2933,3,1.485123e-03,0.21181,0.0509
2934,3,1.484779e-03,0.22088,0.0615
2935,3,1.484436e-03,0.20005,0.0694
2936,3,1.484093e-03,0.19476,0.0492
2937,3,1.483749e-03,0.22832,0.0604
2938,3,1.483406e-03,0.18762,0.0456
2939,3,1.483062e-03,0.22369,0.0570
2940,3,1.482718e-03,0.21573,0.0622
2941,3,1.482374e-03,0.17359,0.0645
2942,3,1.482031e-03,0.16646,0.0588
2943,3,1.481687e-03,0.18774,0.0457
2944,3,1.481343e-03,0.18197,0.0471
2945,3,1.480999e-03,0.21577,0.0561
2946,3,1.480654e-03,0.23541,0.0647
2947,3,1.480310e-03,0.20570,0.0595
2948,3,1.479966e-03,0.18210,0.0489
2949,3,1.479621e-03,0.20091,0.0510
2950,3,1.479277e-03,0.16393,0.0523
2951,3,1.478933e-03,0.20966,0.0516
2952,3,1.478588e-03,0.16413,0.0531
2953,3,1.478243e-03,0.20411,0.0513
2954,3,1.477899e-03,0.17968,0.0501
2955,3,1.477554e-03,0.19720,0.0577
2956,3,1.477209e-03,0.19241,0.0477
2957,3,1.476864e-03,0.22052,0.0558
2958,3,1.476519e-03,0.13574,0.0627
2959,3,1.476174e-03,0.17099,0.0485
2960,3,1.475829e-03,0.20351,0.0534
2961,3,1.475484e-03,0.21260,0.0544
2962,3,1.475138e-03,0.16022,0.0503
2963,3,1.474793e-03,0.23125,0.0646
2964,3,1.474447e-03,0.22473,0.0582
2965,3,1.474102e-03,0.19882,0.0595
2966,3,1.473756e-03,0.18105,0.0490
2967,3,1.473411e-03,0.16851,0.0614
2968,3,1.473065e-03,0.19497,0.0505
2969,3,1.472719e-03,0.20418,0.0574
2970,3,1.472373e-03,0.19319,0.0733
2971,3,1.472028e-03,0.20106,0.0528
2972,3,1.471682e-03,0.21723,0.0564
2973,3,1.471335e-03,0.22613,0.0657
2974,3,1.470989e-03,0.15019,0.0636
2975,3,1.470643e-03,0.23002,0.0583
2976,3,1.470297e-03,0.22066,0.0776
2977,3,1.469951e-03,0.22537,0.0575
2978,3,1.469604e-03,0.18027,0.0473
2979,3,1.469258e-03,0.18499,0.0512
2980,3,1.468911e-03,0.18142,0.0472
2981,3,1.468565e-03,0.21302,0.0690
2982,3,1.468218e-03,0.19536,0.0555
2983,3,1.467871e-03,0.19757,0.0452
2984,3,1.467524e-03,0.17442,0.0506
2985,3,1.467177e-03,0.19694,0.0564
2986,3,1.466830e-03,0.18414,0.0490
2987,3,1.466483e-03,0.24771,0.0820
2988,4,1.466136e-03,0.18426,0.0493
2989,4,1.465789e-03,0.20060,0.0511
2990,4,1.465442e-03,0.18507,0.0575
2991,4,1.465095e-03,0.16341,0.0592
2992,4,1.464747e-03,0.18063,0.0507
2993,4,1.464400e-03,0.16593,0.0542
2994,4,1.464052e-03,0.12933,0.0595
2995,4,1.463705e-03,0.20767,0.0561
2996,4,1.463357e-03,0.15519,0.0620
2997,4,1.463009e-03,0.17239,0.0457
2998,4,1.462662e-03,0.19424,0.0635
2999,4,1.462314e-03,0.17113,0.0692
3000,4,1.461966e-03,0.19555,0.0857
3001,4,1.461618e-03,0.20215,0.0511
3002,4,1.461270e-03,0.16915,0.0424
3003,4,1.460922e-03,0.24727,0.0678
3004,4,1.460574e-03,0.23082,0.0555
3005,4,1.460225e-03,0.18583,0.0454
3006,4,1.459877e-03,0.18503,0.0533
3007,4,1.459529e-03,0.20911,0.0728
3008,4,1.459180e-03,0.15680,0.0665
3009,4,1.458832e-03,0.16951,0.0435
3010,4,1.458483e-03,0.12153,0.0564
3011,4,1.458134e-03,0.17166,0.0478
3012,4,1.457786e-03,0.14454,0.0445
3013,4,1.457437e-03,0.19903,0.0676
3014,4,1.457088e-03,0.18428,0.0505
3015,4,1.456739e-03,0.17921,0.0521
3016,4,1.456390e-03,0.20416,0.0568
3017,4,1.456041e-03,0.19639,0.0463
3018,4,1.455692e-03,0.16901,0.0541
3019,4,1.455343e-03,0.17266,0.0498
3020,4,1.454993e-03,0.17993,0.0526
3021,4,1.454644e-03,0.15016,0.0531
3022,4,1.454295e-03,0.18449,0.0427
3023,4,1.453945e-03,0.20581,0.0736
3024,4,1.453596e-03,0.17525,0.0513
3025,4,1.453246e-03,0.20321,0.0543
3026,4,1.452896e-03,0.16083,0.0433
3027,4,1.452547e-03,0.22230,0.1094
3028,4,1.452197e-03,0.18025,0.0734
3029,4,1.451847e-03,0.18614,0.0645
3030,4,1.451497e-03,0.15051,0.0482
3031,4,1.451147e-03,0.15594,0.0504
3032,4,1.450797e-03,0.19222,0.0466
3033,4,1.450447e-03,0.21193,0.0646
3034,4,1.450097e-03,0.19284,0.0833
3035,4,1.449746e-03,0.17422,0.0478
3036,4,1.449396e-03,0.19223,0.0535
3037,4,1.449046e-03,0.18179,0.0548
3038,4,1.448695e-03,0.20391,0.0593
3039,4,1.448345e-03,0.19088,0.0483
3040,4,1.447994e-03,0.20725,0.0552
3041,4,1.447643e-03,0.18230,0.0597
3042,4,1.447293e-03,0.18028,0.0539
3043,4,1.446942e-03,0.22467,0.0730
3044,4,1.446591e-03,0.18140,0.0478
3045,4,1.446240e-03,0.19404,0.0523
3046,4,1.445889e-03,0.16539,0.0531
3047,4,1.445538e-03,0.20808,0.0449
3048,4,1.445187e-03,0.17584,0.0483
3049,4,1.444836e-03,0.15154,0.0552
3050,4,1.444485e-03,0.20445,0.0510
3051,4,1.444133e-03,0.18532,0.0651
3052,4,1.443782e-03,0.14578,0.0569
3053,4,1.443430e-03,0.16958,0.0475
3054,4,1.443079e-03,0.19933,0.0799
3055,4,1.442727e-03,0.18908,0.0513
3056,4,1.442376e-03,0.19833,0.0676
3057,4,1.442024e-03,0.16587,0.0843
3058,4,1.441672e-03,0.17018,0.0562
3059,4,1.441320e-03,0.17481,0.0501
3060,4,1.440969e-03,0.18700,0.0560
3061,4,1.440617e-03,0.16278,0.0498
3062,4,1.440265e-03,0.20639,0.0721
3063,4,1.439912e-03,0.19811,0.0504
3064,4,1.439560e-03,0.20495,0.0693
3065,4,1.439208e-03,0.19042,0.0864
3066,4,1.438856e-03,0.19727,0.0604
3067,4,1.438503e-03,0.18158,0.0580
3068,4,1.438151e-03,0.19229,0.0497
3069,4,1.437799e-03,0.17333,0.0511
3070,4,1.437446e-03,0.20569,0.0466
3071,4,1.437093e-03,0.20894,0.0985
3072,4,1.436741e-03,0.17820,0.0610
3073,4,1.436388e-03,0.20545,0.0541
3074,4,1.436035e-03,0.14477,0.0620
3075,4,1.435682e-03,0.18023,0.0538
3076,4,1.435329e-03,0.24108,0.0778
3077,4,1.434976e-03,0.17097,0.0479
3078,4,1.434623e-03,0.20283,0.0632
3079,4,1.434270e-03,0.20826,0.0704
3080,4,1.433917e-03,0.14570,0.0551
3081,4,1.433564e-03,0.21512,0.0651
3082,4,1.433211e-03,0.21791,0.0498
3083,4,1.432857e-03,0.21079,0.0551
3084,4,1.432504e-03,0.20309,0.0501
3085,4,1.432150e-03,0.15386,0.0546
3086,4,1.431797e-03,0.19711,0.0603
3087,4,1.431443e-03,0.18855,0.0583
3088,4,1.431089e-03,0.15556,0.0518
3089,4,1.430736e-03,0.16801,0.0484
3090,4,1.430382e-03,0.21823,0.0499
3091,4,1.430028e-03,0.19650,0.0584
3092,4,1.429674e-03,0.16659,0.0424
3093,4,1.429320e-03,0.18412,0.0537
3094,4,1.428966e-03,0.17730,0.0538
3095,4,1.428612e-03,0.17318,0.0516
3096,4,1.428258e-03,0.20038,0.0509
3097,4,1.427903e-03,0.14742,0.0505
3098,4,1.427549e-03,0.19218,0.0650
3099,4,1.427195e-03,0.15108,0.0505
3100,4,1.426840e-03,0.14243,0.0547
3101,4,1.426486e-03,0.17712,0.0516
3102,4,1.426131e-03,0.15400,0.0445
3103,4,1.425777e-03,0.17894,0.0505
3104,4,1.425422e-03,0.20176,0.0508
3105,4,1.425067e-03,0.16665,0.0470
3106,4,1.424712e-03,0.14364,0.0487
3107,4,1.424358e-03,0.18325,0.0577
3108,4,1.424003e-03,0.21191,0.0558
3109,4,1.423648e-03,0.16890,0.0799
3110,4,1.423293e-03,0.16791,0.0417
3111,4,1.422938e-03,0.21138,0.0528
3112,4,1.422582e-03,0.17218,0.0565
3113,4,1.422227e-03,0.14836,0.0436
3114,4,1.421872e-03,0.20278,0.0512
3115,4,1.421516e-03,0.19258,0.0555
3116,4,1.421161e-03,0.12879,0.0433
3117,4,1.420806e-03,0.18687,0.0489
3118,4,1.420450e-03,0.16756,0.0553
3119,4,1.420094e-03,0.16242,0.0694
3120,4,1.419739e-03,0.18321,0.0719
3121,4,1.419383e-03,0.19404,0.0538
3122,4,1.419027e-03,0.16528,0.0451
3123,4,1.418671e-03,0.20940,0.0891
3124,4,1.418315e-03,0.18120,0.0471
3125,4,1.417959e-03,0.16302,0.0453
3126,4,1.417603e-03,0.15459,0.0448
3127,4,1.417247e-03,0.20787,0.0598
3128,4,1.416891e-03,0.17408,0.0515
3129,4,1.416535e-03,0.19567,0.0491
3130,4,1.416179e-03,0.19847,0.0541
3131,4,1.415822e-03,0.24683,0.0848
3132,4,1.415466e-03,0.18832,0.0721
3133,4,1.415109e-03,0.20778,0.0699
3134,4,1.414753e-03,0.20576,0.0739
3135,4,1.414396e-03,0.21921,0.0638
3136,4,1.414040e-03,0.17564,0.0665
3137,4,1.413683e-03,0.18762,0.0503
3138,4,1.413326e-03,0.17956,0.0519
3139,4,1.412969e-03,0.17914,0.0571
3140,4,1.412613e-03,0.17079,0.0676
3141,4,1.412256e-03,0.16677,0.0591
3142,4,1.411899e-03,0.16939,0.0421
3143,4,1.411542e-03,0.18445,0.0392
3144,4,1.411184e-03,0.15720,0.0506
3145,4,1.410827e-03,0.23982,0.0627
3146,4,1.410470e-03,0.20904,0.0532
3147,4,1.410113e-03,0.18961,0.0878
3148,4,1.409755e-03,0.21791,0.0537
3149,4,1.409398e-03,0.17726,0.0480
3150,4,1.409041e-03,0.18732,0.0461
3151,4,1.408683e-03,0.21306,0.0844
3152,4,1.408325e-03,0.20721,0.0619
3153,4,1.407968e-03,0.16593,0.0522
3154,4,1.407610e-03,0.19023,0.0625
3155,4,1.407252e-03,0.17983,0.0598
3156,4,1.406894e-03,0.19096,0.0446
3157,4,1.406537e-03,0.16660,0.0448
3158,4,1.406179e-03,0.18362,0.0495
3159,4,1.405821e-03,0.21476,0.0521
3160,4,1.405463e-03,0.20531,0.0566
3161,4,1.405104e-03,0.23799,0.0742
3162,4,1.404746e-03,0.19632,0.0477
3163,4,1.404388e-03,0.16722,0.0497
3164,4,1.404030e-03,0.18254,0.0634
3165,4,1.403671e-03,0.14894,0.0574
3166,4,1.403313e-03,0.18241,0.0482
3167,4,1.402954e-03,0.16994,0.0661
3168,4,1.402596e-03,0.22262,0.0581
3169,4,1.402237e-03,0.17112,0.0502
3170,4,1.401879e-03,0.15901,0.0495
3171,4,1.401520e-03,0.17880,0.0477
3172,4,1.401161e-03,0.15893,0.0650
3173,4,1.400802e-03,0.22176,0.0716
3174,4,1.400443e-03,0.19889,0.0581
3175,4,1.400085e-03,0.19843,0.0511
3176,4,1.399726e-03,0.19069,0.0490
3177,4,1.399366e-03,0.19275,0.0493
3178,4,1.399007e-03,0.16431,0.0475
3179,4,1.398648e-03,0.17329,0.0512
3180,4,1.398289e-03,0.17892,0.0441
3181,4,1.397930e-03,0.16624,0.0532
3182,4,1.397570e-03,0.15116,0.0555
3183,4,1.397211e-03,0.19947,0.0626
3184,4,1.396851e-03,0.17758,0.0464
3185,4,1.396492e-03,0.20614,0.0878
3186,4,1.396132e-03,0.18226,0.0705
3187,4,1.395773e-03,0.15894,0.0651
3188,4,1.395413e-03,0.24197,0.0711
3189,4,1.395053e-03,0.19299,0.0513
3190,4,1.394693e-03,0.17131,0.0493
3191,4,1.394334e-03,0.17454,0.0465
3192,4,1.393974e-03,0.16032,0.0618
3193,4,1.393614e-03,0.21482,0.0608
3194,4,1.393254e-03,0.20522,0.0589
3195,4,1.392894e-03,0.20873,0.0892
3196,4,1.392533e-03,0.19217,0.0478
3197,4,1.392173e-03,0.16549,0.0486
3198,4,1.391813e-03,0.18193,0.0700
3199,4,1.391453e-03,0.19296,0.0538
3200,4,1.391092e-03,0.16472,0.0422
3201,4,1.390732e-03,0.17538,0.0620
3202,4,1.390371e-03,0.23491,0.0940
3203,4,1.390011e-03,0.16222,0.0445
3204,4,1.389650e-03,0.16102,0.0457
3205,4,1.389290e-03,0.20883,0.0738
3206,4,1.388929e-03,0.19628,0.0783
3207,4,1.388568e-03,0.18248,0.0438
3208,4,1.388207e-03,0.15163,0.0584
3209,4,1.387847e-03,0.19049,0.0573
3210,4,1.387486e-03,0.14525,0.0454
3211,4,1.387125e-03,0.15823,0.0451
3212,4,1.386764e-03,0.18418,0.0550
3213,4,1.386402e-03,0.14110,0.0488
3214,4,1.386041e-03,0.18006,0.0463
3215,4,1.385680e-03,0.15837,0.0717
3216,4,1.385319e-03,0.18099,0.0507
3217,4,1.384958e-03,0.17076,0.0526
3218,4,1.384596e-03,0.18947,0.0460
3219,4,1.384235e-03,0.18280,0.0545
3220,4,1.383873e-03,0.15251,0.0500
3221,4,1.383512e-03,0.13577,0.0475
3222,4,1.383150e-03,0.18151,0.0549
3223,4,1.382788e-03,0.18344,0.1081
3224,4,1.382427e-03,0.19193,0.0468
3225,4,1.382065e-03,0.20556,0.0707
3226,4,1.381703e-03,0.21255,0.0650
3227,4,1.381341e-03,0.19604,0.0496
3228,4,1.380979e-03,0.17396,0.0511
3229,4,1.380617e-03,0.14133,0.0518
3230,4,1.380255e-03,0.18839,0.0495
3231,4,1.379893e-03,0.16461,0.0734
3232,4,1.379531e-03,0.22590,0.0700
3233,4,1.379169e-03,0.15134,0.0491
3234,4,1.378807e-03,0.19809,0.0650
3235,4,1.378444e-03,0.18786,0.0524
3236,4,1.378082e-03,0.17471,0.0464
3237,4,1.377720e-03,0.20628,0.0541
3238,4,1.377357e-03,0.15982,0.0478
3239,4,1.376995e-03,0.16070,0.0411
3240,4,1.376632e-03,0.17183,0.0447
3241,4,1.376269e-03,0.20152,0.0512
3242,4,1.375907e-03,0.20408,0.0628
3243,4,1.375544e-03,0.16648,0.0452
3244,4,1.375181e-03,0.18628,0.0572
3245,4,1.374818e-03,0.22803,0.0610
3246,4,1.374455e-03,0.20370,0.0560
3247,4,1.374092e-03,0.16327,0.0449
3248,4,1.373729e-03,0.17834,0.0598
3249,4,1.373366e-03,0.20094,0.0602
3250,4,1.373003e-03,0.20068,0.0481
3251,4,1.372640e-03,0.22031,0.0642
3252,4,1.372277e-03,0.21853,0.0644
3253,4,1.371914e-03,0.16949,0.0488
3254,4,1.371550e-03,0.17213,0.0430
3255,4,1.371187e-03,0.15888,0.0624
3256,4,1.370824e-03,0.22693,0.0621
3257,4,1.370460e-03,0.16509,0.0503
3258,4,1.370096e-03,0.16302,0.0521
3259,4,1.369733e-03,0.15991,0.0487
3260,4,1.369369e-03,0.13605,0.0531
3261,4,1.369006e-03,0.25078,0.0614
3262,4,1.368642e-03,0.15033,0.0443
3263,4,1.368278e-03,0.18913,0.0535
3264,4,1.367914e-03,0.17749,0.0453
3265,4,1.367550e-03,0.21422,0.0587
3266,4,1.367186e-03,0.20850,0.0513
3267,4,1.366822e-03,0.18181,0.0525
3268,4,1.366458e-03,0.18128,0.0464
3269,4,1.366094e-03,0.17348,0.0471
3270,4,1.365730e-03,0.17057,0.0561
3271,4,1.365366e-03,0.17093,0.0605
3272,4,1.365001e-03,0.16927,0.0437
3273,4,1.364637e-03,0.25428,0.0786
3274,4,1.364273e-03,0.15588,0.0503
3275,4,1.363908e-03,0.15113,0.0460
3276,4,1.363544e-03,0.18475,0.0569
3277,4,1.363179e-03,0.19762,0.0601
3278,4,1.362815e-03,0.22786,0.0685
3279,4,1.362450e-03,0.17418,0.0545
3280,4,1.362085e-03,0.21671,0.0589
3281,4,1.361721e-03,0.16116,0.0483
3282,4,1.361356e-03,0.17797,0.0535
3283,4,1.360991e-03,0.16580,0.0617
3284,4,1.360626e-03,0.18394,0.0500
3285,4,1.360261e-03,0.15207,0.0600
3286,4,1.359896e-03,0.16400,0.0565
3287,4,1.359531e-03,0.14748,0.0601
3288,4,1.359166e-03,0.17397,0.0559
3289,4,1.358801e-03,0.20942,0.0757
3290,4,1.358436e-03,0.20836,0.0629
3291,4,1.358070e-03,0.20151,0.0547
3292,4,1.357705e-03,0.17845,0.0623
3293,4,1.357340e-03,0.21174,0.0575
3294,4,1.356974e-03,0.17681,0.0537
3295,4,1.356609e-03,0.19696,0.0469
3296,4,1.356243e-03,0.18488,0.0576
3297,4,1.355878e-03,0.21915,0.0700
3298,4,1.355512e-03,0.21809,0.0612
3299,4,1.355147e-03,0.17198,0.0619
3300,4,1.354781e-03,0.18095,0.0593
3301,4,1.354415e-03,0.16745,0.0719
3302,4,1.354049e-03,0.18726,0.0488
3303,4,1.353683e-03,0.19237,0.0539
3304,4,1.353318e-03,0.14463,0.0489
3305,4,1.352952e-03,0.16096,0.0535
3306,4,1.352586e-03,0.19848,0.0517
3307,4,1.352219e-03,0.19270,0.0487
3308,4,1.351853e-03,0.16006,0.0531
3309,4,1.351487e-03,0.16350,0.0525
3310,4,1.351121e-03,0.22108,0.0606
3311,4,1.350755e-03,0.19086,0.0773
3312,4,1.350388e-03,0.16149,0.0536
3313,4,1.350022e-03,0.18568,0.0574
3314,4,1.349656e-03,0.17281,0.0505
3315,4,1.349289e-03,0.17543,0.0499
3316,4,1.348923e-03,0.19240,0.0553
3317,4,1.348556e-03,0.19578,0.0540
3318,4,1.348190e-03,0.21781,0.0656
3319,4,1.347823e-03,0.16866,0.0563
3320,4,1.347456e-03,0.23117,0.0776
3321,4,1.347089e-03,0.20419,0.0535
3322,4,1.346723e-03,0.19927,0.0520
3323,4,1.346356e-03,0.14451,0.0552
3324,4,1.345989e-03,0.15081,0.0505
3325,4,1.345622e-03,0.23367,0.0828
3326,4,1.345255e-03,0.16782,0.0604
3327,4,1.344888e-03,0.18397,0.0461
3328,4,1.344521e-03,0.19034,0.0451
3329,4,1.344154e-03,0.19419,0.0490
3330,4,1.343786e-03,0.21386,0.0637
3331,4,1.343419e-03,0.18368,0.0543
3332,4,1.343052e-03,0.21376,0.0540
3333,4,1.342685e-03,0.19774,0.0588
3334,4,1.342317e-03,0.19798,0.0658
3335,4,1.341950e-03,0.16996,0.0478
3336,4,1.341582e-03,0.20787,0.0612
3337,4,1.341215e-03,0.22628,0.0690
3338,4,1.340847e-03,0.20741,0.0552
3339,4,1.340480e-03,0.14470,0.0495
3340,4,1.340112e-03,0.19239,0.0563
3341,4,1.339744e-03,0.19575,0.0480
3342,4,1.339376e-03,0.19674,0.0633
3343,4,1.339009e-03,0.19329,0.0529
3344,4,1.338641e-03,0.24692,0.0755
3345,4,1.338273e-03,0.17585,0.0582
3346,4,1.337905e-03,0.19582,0.0500
3347,4,1.337537e-03,0.15594,0.0504
3348,4,1.337169e-03,0.21196,0.0867
3349,4,1.336801e-03,0.15420,0.0579
3350,4,1.336433e-03,0.18646,0.0529
3351,4,1.336064e-03,0.17918,0.0444
3352,4,1.335696e-03,0.20396,0.0570
3353,4,1.335328e-03,0.20734,0.0572
3354,4,1.334959e-03,0.16117,0.0525
3355,4,1.334591e-03,0.17328,0.0507
3356,4,1.334223e-03,0.17887,0.0584
3357,4,1.333854e-03,0.19867,0.0621
3358,4,1.333486e-03,0.14815,0.0594
3359,4,1.333117e-03,0.23915,0.0612
3360,4,1.332748e-03,0.19214,0.0614
3361,4,1.332380e-03,0.22480,0.0561
3362,4,1.332011e-03,0.16917,0.0507
3363,4,1.331642e-03,0.17277,0.0673
3364,4,1.331273e-03,0.15531,0.0547
3365,4,1.330905e-03,0.19262,0.0855
3366,4,1.330536e-03,0.21295,0.0677
3367,4,1.330167e-03,0.19676,0.0558
3368,4,1.329798e-03,0.15641,0.0473
3369,4,1.329429e-03,0.14754,0.0566
3370,4,1.329060e-03,0.21068,0.0588
3371,4,1.328691e-03,0.16823,0.0732
3372,4,1.328321e-03,0.16605,0.0456
3373,4,1.327952e-03,0.16195,0.0462
3374,4,1.327583e-03,0.16688,0.0656
3375,4,1.327214e-03,0.20706,0.0512
3376,4,1.326844e-03,0.19906,0.0607
3377,4,1.326475e-03,0.16756,0.0599
3378,4,1.326105e-03,0.19219,0.0494
3379,4,1.325736e-03,0.17863,0.0743
3380,4,1.325366e-03,0.20461,0.0608
3381,4,1.324997e-03,0.15058,0.0490
3382,4,1.324627e-03,0.15518,0.0550
3383,4,1.324257e-03,0.22047,0.0663
3384,4,1.323888e-03,0.17681,0.0480
3385,4,1.323518e-03,0.26561,0.0922
3386,4,1.323148e-03,0.21527,0.0652
3387,4,1.322778e-03,0.20082,0.0562
3388,4,1.322408e-03,0.19983,0.0838
3389,4,1.322038e-03,0.14367,0.0450
3390,4,1.321668e-03,0.16916,0.0443
3391,4,1.321298e-03,0.16089,0.0572
3392,4,1.320928e-03,0.14959,0.0446
3393,4,1.320558e-03,0.14577,0.0472
3394,4,1.320188e-03,0.17937,0.0482
3395,4,1.319818e-03,0.19480,0.0538
3396,4,1.319447e-03,0.21658,0.0663
3397,4,1.319077e-03,0.22935,0.0759
3398,4,1.318707e-03,0.17008,0.0628
3399,4,1.318336e-03,0.14781,0.0433
3400,4,1.317966e-03,0.16220,0.0564
3401,4,1.317595e-03,0.19194,0.0610
3402,4,1.317225e-03,0.16725,0.0499
3403,4,1.316854e-03,0.20134,0.0551
3404,4,1.316484e-03,0.20193,0.0476
3405,4,1.316113e-03,0.19065,0.0512
3406,4,1.315742e-03,0.17641,0.0416
3407,4,1.315372e-03,0.14305,0.0562
3408,4,1.315001e-03,0.19396,0.0499
3409,4,1.314630e-03,0.17474,0.0478
3410,4,1.314259e-03,0.19478,0.0440
3411,4,1.313888e-03,0.19074,0.0892
3412,4,1.313517e-03,0.19330,0.0610
3413,4,1.313146e-03,0.17437,0.0506
3414,4,1.312775e-03,0.16397,0.0498
3415,4,1.312404e-03,0.16331,0.0496
3416,4,1.312033e-03,0.20227,0.0589
3417,4,1.311662e-03,0.17591,0.0727
3418,4,1.311290e-03,0.17206,0.0431
3419,4,1.310919e-03,0.21062,0.0604
3420,4,1.310548e-03,0.19564,0.0587
3421,4,1.310176e-03,0.16878,0.0467
3422,4,1.309805e-03,0.22221,0.0819
3423,4,1.309434e-03,0.17853,0.0498
3424,4,1.309062e-03,0.15691,0.0533
3425,4,1.308691e-03,0.21519,0.0701
3426,4,1.308319e-03,0.16393,0.0542
3427,4,1.307947e-03,0.19075,0.0441
3428,4,1.307576e-03,0.13860,0.0632
3429,4,1.307204e-03,0.18673,0.0599
3430,4,1.306832e-03,0.20643,0.0597
3431,4,1.306461e-03,0.18594,0.0501
3432,4,1.306089e-03,0.16238,0.0417
3433,4,1.305717e-03,0.20537,0.0566
3434,4,1.305345e-03,0.12364,0.0531
3435,4,1.304973e-03,0.22372,0.0748
3436,4,1.304601e-03,0.21683,0.0839
3437,4,1.304229e-03,0.13129,0.0447
3438,4,1.303857e-03,0.17598,0.0457
3439,4,1.303485e-03,0.19981,0.0510
3440,4,1.303113e-03,0.19652,0.0645
3441,4,1.302740e-03,0.18669,0.0605
3442,4,1.302368e-03,0.17994,0.0556
3443,4,1.301996e-03,0.21162,0.0702
3444,4,1.301623e-03,0.19856,0.0560
3445,4,1.301251e-03,0.17218,0.0656
3446,4,1.300879e-03,0.16703,0.0559
3447,4,1.300506e-03,0.16284,0.0584
3448,4,1.300134e-03,0.22740,0.0860
3449,4,1.299761e-03,0.16920,0.0555
3450,4,1.299389e-03,0.19624,0.0739
3451,4,1.299016e-03,0.16939,0.0472
3452,4,1.298643e-03,0.21447,0.0623
3453,4,1.298271e-03,0.16713,0.0497
3454,4,1.297898e-03,0.16445,0.0830
3455,4,1.297525e-03,0.20894,0.0578
3456,4,1.297152e-03,0.18017,0.0578
3457,4,1.296779e-03,0.17247,0.0498
3458,4,1.296406e-03,0.18446,0.0607
3459,4,1.296034e-03,0.20548,0.0736
3460,4,1.295661e-03,0.15315,0.0446
3461,4,1.295287e-03,0.14747,0.0590
3462,4,1.294914e-03,0.19237,0.0695
3463,4,1.294541e-03,0.22775,0.0792
3464,4,1.294168e-03,0.18215,0.0399
3465,4,1.293795e-03,0.15901,0.0619
3466,4,1.293422e-03,0.18839,0.0469
3467,4,1.293048e-03,0.19418,0.0437
3468,4,1.292675e-03,0.22097,0.0601
3469,4,1.292302e-03,0.22058,0.0585
3470,4,1.291928e-03,0.26251,0.0871
3471,4,1.291555e-03,0.22983,0.0691
3472,4,1.291181e-03,0.17329,0.0575
3473,4,1.290808e-03,0.17332,0.0556
3474,4,1.290434e-03,0.19182,0.0575
3475,4,1.290061e-03,0.21105,0.0570
3476,4,1.289687e-03,0.18543,0.0480
3477,4,1.289314e-03,0.18665,0.0618
3478,4,1.288940e-03,0.16012,0.0498
3479,4,1.288566e-03,0.14896,0.0455
3480,4,1.288192e-03,0.19051,0.0507
3481,4,1.287818e-03,0.18070,0.0753
3482,4,1.287445e-03,0.15333,0.0442
3483,4,1.287071e-03,0.18032,0.0585
3484,4,1.286697e-03,0.22374,0.0617
3485,4,1.286323e-03,0.19896,0.0755
3486,4,1.285949e-03,0.17694,0.0504
3487,4,1.285575e-03,0.15843,0.0582
3488,4,1.285201e-03,0.18304,0.0462
3489,4,1.284826e-03,0.15858,0.0566
3490,4,1.284452e-03,0.22936,0.0617
3491,4,1.284078e-03,0.17905,0.0437
3492,4,1.283704e-03,0.23010,0.0612
3493,4,1.283329e-03,0.14561,0.0588
3494,4,1.282955e-03,0.15751,0.0655
3495,4,1.282581e-03,0.16516,0.0638
3496,4,1.282206e-03,0.21148,0.0693
3497,4,1.281832e-03,0.16039,0.0582
3498,4,1.281457e-03,0.17306,0.0530
3499,4,1.281083e-03,0.14535,0.0465
3500,4,1.280708e-03,0.23633,0.0742
3501,4,1.280334e-03,0.14868,0.0545
3502,4,1.279959e-03,0.18780,0.0505
3503,4,1.279584e-03,0.19254,0.0556
3504,4,1.279210e-03,0.20409,0.0676
3505,4,1.278835e-03,0.19955,0.0917
3506,4,1.278460e-03,0.20979,0.0600
3507,4,1.278085e-03,0.17903,0.0503
3508,4,1.277710e-03,0.17362,0.0529
3509,4,1.277335e-03,0.15541,0.0437
3510,4,1.276961e-03,0.21063,0.0640
3511,4,1.276586e-03,0.17843,0.0503
3512,4,1.276211e-03,0.15670,0.0523
3513,4,1.275835e-03,0.18099,0.0543
3514,4,1.275460e-03,0.19182,0.0604
3515,4,1.275085e-03,0.16542,0.0500
3516,4,1.274710e-03,0.19495,0.0531
3517,4,1.274335e-03,0.19194,0.0530
3518,4,1.273960e-03,0.16790,0.0579
3519,4,1.273584e-03,0.19138,0.0503
3520,4,1.273209e-03,0.20487,0.0603
3521,4,1.272834e-03,0.22499,0.0978
3522,4,1.272458e-03,0.17755,0.0533
3523,4,1.272083e-03,0.20078,0.0666
3524,4,1.271707e-03,0.20947,0.0574
3525,4,1.271332e-03,0.19793,0.0695
3526,4,1.270956e-03,0.18071,0.0437
3527,4,1.270581e-03,0.20051,0.0511
3528,4,1.270205e-03,0.17158,0.0447
3529,4,1.269830e-03,0.20192,0.0523
3530,4,1.269454e-03,0.19216,0.0520
3531,4,1.269078e-03,0.15559,0.0459
3532,4,1.268702e-03,0.15430,0.0608
3533,4,1.268327e-03,0.19151,0.0543
3534,4,1.267951e-03,0.18082,0.0527
3535,4,1.267575e-03,0.15727,0.0511
3536,4,1.267199e-03,0.14223,0.0469
3537,4,1.266823e-03,0.17053,0.0544
3538,4,1.266447e-03,0.14270,0.0563
3539,4,1.266071e-03,0.20686,0.0552
3540,4,1.265695e-03,0.16104,0.0531
3541,4,1.265319e-03,0.15479,0.0536
3542,4,1.264943e-03,0.17694,0.0422
3543,4,1.264567e-03,0.16090,0.0511
3544,4,1.264191e-03,0.20221,0.0667
3545,4,1.263814e-03,0.23166,0.0654
3546,4,1.263438e-03,0.19901,0.0641
3547,4,1.263062e-03,0.21559,0.0601
3548,4,1.262685e-03,0.18124,0.0492
3549,4,1.262309e-03,0.22570,0.0717
3550,4,1.261933e-03,0.15837,0.0505
3551,4,1.261556e-03,0.17268,0.0438
3552,4,1.261180e-03,0.18277,0.0624
3553,4,1.260803e-03,0.15338,0.0582
3554,4,1.260427e-03,0.18517,0.0517
3555,4,1.260050e-03,0.16740,0.0576
3556,4,1.259674e-03,0.17333,0.0492
3557,4,1.259297e-03,0.19785,0.0665
3558,4,1.258920e-03,0.17204,0.0616
3559,4,1.258544e-03,0.17626,0.0636
3560,4,1.258167e-03,0.17611,0.0577
3561,4,1.257790e-03,0.18943,0.0581
3562,4,1.257413e-03,0.11886,0.0572
3563,4,1.257036e-03,0.20868,0.0724
3564,4,1.256659e-03,0.17268,0.0684
3565,4,1.256283e-03,0.20480,0.0571
3566,4,1.255906e-03,0.19535,0.0567
3567,4,1.255529e-03,0.19353,0.0552
3568,4,1.255152e-03,0.21267,0.0534
3569,4,1.254775e-03,0.13741,0.0475
3570,4,1.254397e-03,0.19982,0.0569
3571,4,1.254020e-03,0.20519,0.0574
3572,4,1.253643e-03,0.15302,0.0505
3573,4,1.253266e-03,0.16202,0.0494
3574,4,1.252889e-03,0.18250,0.0683
3575,4,1.252512e-03,0.19018,0.0553
3576,4,1.252134e-03,0.16441,0.0435
3577,4,1.251757e-03,0.17078,0.0424
3578,4,1.251380e-03,0.17254,0.0443
3579,4,1.251002e-03,0.23238,0.0706
3580,4,1.250625e-03,0.21134,0.0539
3581,4,1.250247e-03,0.15708,0.0867
3582,4,1.249870e-03,0.14786,0.0481
3583,4,1.249492e-03,0.17744,0.0604
3584,4,1.249115e-03,0.21417,0.0775
3585,4,1.248737e-03,0.17851,0.0806
3586,4,1.248360e-03,0.17699,0.0643
3587,4,1.247982e-03,0.19401,0.0619
3588,4,1.247604e-03,0.16138,0.0770
3589,4,1.247227e-03,0.18166,0.0596
3590,4,1.246849e-03,0.17598,0.0473
3591,4,1.246471e-03,0.20843,0.0564
3592,4,1.246093e-03,0.20127,0.0513
3593,4,1.245715e-03,0.16430,0.0556
3594,4,1.245337e-03,0.20892,0.0611
3595,4,1.244960e-03,0.18512,0.0474
3596,4,1.244582e-03,0.19761,0.0496
3597,4,1.244204e-03,0.17053,0.0483
3598,4,1.243826e-03,0.18585,0.0495
3599,4,1.243448e-03,0.17087,0.0430
3600,4,1.243070e-03,0.20751,0.0627
3601,4,1.242691e-03,0.18250,0.0513
3602,4,1.242313e-03,0.16839,0.0475
3603,4,1.241935e-03,0.19313,0.0745
3604,4,1.241557e-03,0.23564,0.0708
3605,4,1.241179e-03,0.15656,0.0504
3606,4,1.240800e-03,0.18853,0.0695
3607,4,1.240422e-03,0.17153,0.0433
3608,4,1.240044e-03,0.18529,0.0515
3609,4,1.239665e-03,0.23128,0.0641
3610,4,1.239287e-03,0.21579,0.0780
3611,4,1.238909e-03,0.12731,0.0565
3612,4,1.238530e-03,0.16630,0.0599
3613,4,1.238152e-03,0.15889,0.0418
3614,4,1.237773e-03,0.16678,0.0466
3615,4,1.237395e-03,0.16883,0.0679
3616,4,1.237016e-03,0.17652,0.0429
3617,4,1.236637e-03,0.15950,0.0684
3618,4,1.236259e-03,0.19037,0.0491
3619,4,1.235880e-03,0.22251,0.0816
3620,4,1.235501e-03,0.18709,0.0714
3621,4,1.235123e-03,0.17112,0.0583
3622,4,1.234744e-03,0.19599,0.0527
3623,4,1.234365e-03,0.15897,0.0404
3624,4,1.233986e-03,0.24677,0.0859
3625,4,1.233608e-03,0.18147,0.0662
3626,4,1.233229e-03,0.17069,0.0566
3627,4,1.232850e-03,0.22232,0.0637
3628,4,1.232471e-03,0.15071,0.0487
3629,4,1.232092e-03,0.19316,0.0538
3630,4,1.231713e-03,0.14466,0.0545
3631,4,1.231334e-03,0.14630,0.0460
3632,4,1.230955e-03,0.17511,0.0474
3633,4,1.230576e-03,0.17965,0.0448
3634,4,1.230197e-03,0.21178,0.0703
3635,4,1.229817e-03,0.18122,0.0505
3636,4,1.229438e-03,0.19099,0.0483
3637,4,1.229059e-03,0.16568,0.0644
3638,4,1.228680e-03,0.20335,0.0469
3639,4,1.228301e-03,0.18878,0.0496
3640,4,1.227921e-03,0.22174,0.0675
3641,4,1.227542e-03,0.20349,0.0578
3642,4,1.227163e-03,0.18087,0.0517
3643,4,1.226783e-03,0.15128,0.0494
3644,4,1.226404e-03,0.17466,0.0429
3645,4,1.226024e-03,0.16379,0.0501
3646,4,1.225645e-03,0.17689,0.0709
3647,4,1.225265e-03,0.16578,0.0504
3648,4,1.224886e-03,0.14983,0.0457
3649,4,1.224506e-03,0.18812,0.0800
3650,4,1.224127e-03,0.23040,0.0870
3651,4,1.223747e-03,0.16140,0.0426
3652,4,1.223367e-03,0.19852,0.0538
3653,4,1.222988e-03,0.19414,0.0596
3654,4,1.222608e-03,0.18187,0.0504
3655,4,1.222228e-03,0.21496,0.0826
3656,4,1.221849e-03,0.16206,0.0450
3657,4,1.221469e-03,0.23296,0.0663
3658,4,1.221089e-03,0.19394,0.0502
3659,4,1.220709e-03,0.18053,0.0616
3660,4,1.220329e-03,0.17857,0.0503
3661,4,1.219949e-03,0.20850,0.0643
3662,4,1.219569e-03,0.14545,0.0454
3663,4,1.219189e-03,0.21510,0.0687
3664,4,1.218809e-03,0.21084,0.0584
3665,4,1.218429e-03,0.17993,0.0471
3666,4,1.218049e-03,0.19788,0.0774
3667,4,1.217669e-03,0.17390,0.0418
3668,4,1.217289e-03,0.20265,0.0880
3669,4,1.216909e-03,0.15998,0.0636
3670,4,1.216529e-03,0.15144,0.0639
3671,4,1.216149e-03,0.15164,0.0434
3672,4,1.215769e-03,0.20287,0.0736
3673,4,1.215388e-03,0.15608,0.0498
3674,4,1.215008e-03,0.21472,0.0629
3675,4,1.214628e-03,0.19099,0.0631
3676,4,1.214247e-03,0.22364,0.0538
3677,4,1.213867e-03,0.17230,0.0518
3678,4,1.213487e-03,0.16909,0.0600
3679,4,1.213106e-03,0.17701,0.0512
3680,4,1.212726e-03,0.19723,0.0778
3681,4,1.212345e-03,0.23714,0.0719
3682,4,1.211965e-03,0.16033,0.0529
3683,4,1.211584e-03,0.18257,0.0693
3684,4,1.211204e-03,0.17345,0.0468
3685,4,1.210823e-03,0.21585,0.0607
3686,4,1.210443e-03,0.16583,0.0464
3687,4,1.210062e-03,0.16698,0.0458
3688,4,1.209682e-03,0.15984,0.0534
3689,4,1.209301e-03,0.22053,0.0718
3690,4,1.208920e-03,0.20917,0.0577
3691,4,1.208539e-03,0.19565,0.0498
3692,4,1.208159e-03,0.19537,0.0537
3693,4,1.207778e-03,0.18142,0.0494
3694,4,1.207397e-03,0.20393,0.0538
3695,4,1.207016e-03,0.21141,0.0540
3696,4,1.206635e-03,0.15446,0.0678
3697,4,1.206255e-03,0.16035,0.0499
3698,4,1.205874e-03,0.20937,0.0534
3699,4,1.205493e-03,0.19299,0.0690
3700,4,1.205112e-03,0.22438,0.0664
3701,4,1.204731e-03,0.20204,0.0766
3702,4,1.204350e-03,0.19241,0.0621
3703,4,1.203969e-03,0.17702,0.0454
3704,4,1.203588e-03,0.18916,0.0474
3705,4,1.203207e-03,0.19420,0.0614
3706,4,1.202826e-03,0.23705,0.0583
3707,4,1.202444e-03,0.21959,0.0871
3708,4,1.202063e-03,0.21058,0.0801
3709,4,1.201682e-03,0.24204,0.1048
3710,4,1.201301e-03,0.22472,0.0592
3711,4,1.200920e-03,0.15980,0.0538
3712,4,1.200538e-03,0.19280,0.0450
3713,4,1.200157e-03,0.16299,0.0458
3714,4,1.199776e-03,0.17404,0.0480
3715,4,1.199395e-03,0.15177,0.0492
3716,4,1.199013e-03,0.17576,0.0593
3717,4,1.198632e-03,0.19658,0.0491
3718,4,1.198250e-03,0.19571,0.0554
3719,4,1.197869e-03,0.18014,0.0428
3720,4,1.197488e-03,0.21084,0.0540
3721,4,1.197106e-03,0.21179,0.0483
3722,4,1.196725e-03,0.19185,0.0682
3723,4,1.196343e-03,0.20062,0.0544
3724,4,1.195961e-03,0.20334,0.0672
3725,4,1.195580e-03,0.17429,0.0557
3726,4,1.195198e-03,0.18168,0.0475
3727,4,1.194817e-03,0.18283,0.0610
3728,4,1.194435e-03,0.16828,0.0386
3729,4,1.194053e-03,0.18182,0.0655
3730,4,1.193672e-03,0.17806,0.0635
3731,4,1.193290e-03,0.17366,0.0501
3732,4,1.192908e-03,0.16837,0.0614
3733,4,1.192526e-03,0.15688,0.0482
3734,4,1.192145e-03,0.21857,0.0650
3735,4,1.191763e-03,0.21486,0.0566
3736,4,1.191381e-03,0.16126,0.0443
3737,4,1.190999e-03,0.17397,0.0536
3738,4,1.190617e-03,0.17786,0.0457
3739,4,1.190235e-03,0.21054,0.0595
3740,4,1.189853e-03,0.20460,0.0647
3741,4,1.189472e-03,0.19780,0.0586
3742,4,1.189090e-03,0.19198,0.0540
3743,4,1.188708e-03,0.19206,0.0552
3744,4,1.188326e-03,0.17602,0.0607
3745,4,1.187944e-03,0.16786,0.0521
3746,4,1.187561e-03,0.17962,0.0611
3747,4,1.187179e-03,0.18502,0.0523
3748,4,1.186797e-03,0.19213,0.0486
3749,4,1.186415e-03,0.18240,0.0464
3750,4,1.186033e-03,0.24178,0.0679
3751,4,1.185651e-03,0.22543,0.0875
3752,4,1.185269e-03,0.17743,0.0598
3753,4,1.184886e-03,0.19671,0.0599
3754,4,1.184504e-03,0.15233,0.0699
3755,4,1.184122e-03,0.22540,0.0522
3756,4,1.183740e-03,0.16790,0.0457
3757,4,1.183357e-03,0.20169,0.0543
3758,4,1.182975e-03,0.19157,0.0605
3759,4,1.182593e-03,0.15836,0.0472
3760,4,1.182210e-03,0.21387,0.0831
3761,4,1.181828e-03,0.15187,0.0583
3762,4,1.181445e-03,0.20785,0.0735
3763,4,1.181063e-03,0.22213,0.0542
3764,4,1.180680e-03,0.16979,0.0560
3765,4,1.180298e-03,0.19298,0.0553
3766,4,1.179915e-03,0.14585,0.0519
3767,4,1.179533e-03,0.20077,0.0476
3768,4,1.179150e-03,0.15808,0.0626
3769,4,1.178768e-03,0.16433,0.0458
3770,4,1.178385e-03,0.16158,0.0542
3771,4,1.178003e-03,0.21404,0.0747
3772,4,1.177620e-03,0.18032,0.0655
3773,4,1.177237e-03,0.21874,0.0887
3774,4,1.176855e-03,0.18682,0.0564
3775,4,1.176472e-03,0.13848,0.0580
3776,4,1.176089e-03,0.19013,0.0478
3777,4,1.175707e-03,0.17892,0.0490
3778,4,1.175324e-03,0.23129,0.0612
3779,4,1.174941e-03,0.15860,0.0703
3780,4,1.174558e-03,0.19637,0.0686
3781,4,1.174175e-03,0.14213,0.0476
3782,4,1.173793e-03,0.19788,0.0429
3783,4,1.173410e-03,0.20657,0.0480
3784,4,1.173027e-03,0.16162,0.0620
3785,4,1.172644e-03,0.15736,0.0449
3786,4,1.172261e-03,0.18302,0.0727
3787,4,1.171878e-03,0.16977,0.0500
3788,4,1.171495e-03,0.18734,0.0542
3789,4,1.171112e-03,0.19077,0.0572
3790,4,1.170729e-03,0.18750,0.0499
3791,4,1.170346e-03,0.13580,0.0536
3792,4,1.169963e-03,0.18376,0.0477
3793,4,1.169580e-03,0.19215,0.0500
3794,4,1.169197e-03,0.18999,0.0447
3795,4,1.168814e-03,0.19305,0.0482
3796,4,1.168431e-03,0.15169,0.0467
3797,4,1.168047e-03,0.17050,0.0478
3798,4,1.167664e-03,0.19568,0.0776
3799,4,1.167281e-03,0.18294,0.0525
3800,4,1.166898e-03,0.16591,0.0452
3801,4,1.166515e-03,0.20745,0.0750
3802,4,1.166131e-03,0.24178,0.0912
3803,4,1.165748e-03,0.16178,0.0482
3804,4,1.165365e-03,0.15490,0.0665
3805,4,1.164982e-03,0.16718,0.0527
3806,4,1.164598e-03,0.19505,0.0634
3807,4,1.164215e-03,0.20904,0.0518
3808,4,1.163832e-03,0.19669,0.0462
3809,4,1.163448e-03,0.15890,0.0532
3810,4,1.163065e-03,0.25119,0.0834
3811,4,1.162681e-03,0.20332,0.0605
3812,4,1.162298e-03,0.21229,0.0573
3813,4,1.161915e-03,0.19138,0.0492
3814,4,1.161531e-03,0.17545,0.0507
3815,4,1.161148e-03,0.20783,0.0514
3816,4,1.160764e-03,0.24312,0.0703
3817,4,1.160381e-03,0.16115,0.0471
3818,4,1.159997e-03,0.16107,0.0607
3819,4,1.159614e-03,0.18277,0.0669
3820,4,1.159230e-03,0.24486,0.0633
3821,4,1.158846e-03,0.16136,0.0498
3822,4,1.158463e-03,0.19393,0.0613
3823,4,1.158079e-03,0.18093,0.0549
3824,4,1.157695e-03,0.19843,0.0521
3825,4,1.157312e-03,0.19295,0.0634
3826,4,1.156928e-03,0.17593,0.0559
3827,4,1.156544e-03,0.20435,0.0591
3828,4,1.156161e-03,0.20400,0.0518
3829,4,1.155777e-03,0.22395,0.0611
3830,4,1.155393e-03,0.16089,0.0468
3831,4,1.155009e-03,0.14216,0.0546
3832,4,1.154626e-03,0.16939,0.0475
3833,4,1.154242e-03,0.17176,0.0620
3834,4,1.153858e-03,0.16533,0.0433
3835,4,1.153474e-03,0.21509,0.0542
3836,4,1.153090e-03,0.16588,0.0430
3837,4,1.152706e-03,0.17922,0.0478
3838,4,1.152323e-03,0.19586,0.0679
3839,4,1.151939e-03,0.15692,0.0510
3840,4,1.151555e-03,0.24019,0.0761
3841,4,1.151171e-03,0.21103,0.0528
3842,4,1.150787e-03,0.16094,0.0504
3843,4,1.150403e-03,0.18202,0.0438
3844,4,1.150019e-03,0.20480,0.0580
3845,4,1.149635e-03,0.15415,0.0492
3846,4,1.149251e-03,0.20637,0.0564
3847,4,1.148867e-03,0.18807,0.0509
3848,4,1.148483e-03,0.23486,0.0761
3849,4,1.148099e-03,0.16978,0.0476
3850,4,1.147715e-03,0.16445,0.0442
3851,4,1.147330e-03,0.18845,0.0416
3852,4,1.146946e-03,0.15452,0.0501
3853,4,1.146562e-03,0.20913,0.0606
3854,4,1.146178e-03,0.23417,0.0608
3855,4,1.145794e-03,0.18319,0.0498
3856,4,1.145410e-03,0.19345,0.0559
3857,4,1.145026e-03,0.17123,0.0585
3858,4,1.144641e-03,0.21711,0.0666
3859,4,1.144257e-03,0.18099,0.0530
3860,4,1.143873e-03,0.13810,0.0597
3861,4,1.143489e-03,0.17271,0.0542
3862,4,1.143104e-03,0.21458,0.0633
3863,4,1.142720e-03,0.17864,0.0508
3864,4,1.142336e-03,0.17559,0.0635
3865,4,1.141951e-03,0.24044,0.0957
3866,4,1.141567e-03,0.16337,0.0570
3867,4,1.141183e-03,0.19797,0.0653
3868,4,1.140798e-03,0.18147,0.0595
3869,4,1.140414e-03,0.18662,0.0559
3870,4,1.140030e-03,0.15245,0.0745
3871,4,1.139645e-03,0.18068,0.0449
3872,4,1.139261e-03,0.18242,0.0473
3873,4,1.138876e-03,0.21187,0.0722
3874,4,1.138492e-03,0.18193,0.0618
3875,4,1.138107e-03,0.17815,0.0430
3876,4,1.137723e-03,0.22907,0.0645
3877,4,1.137338e-03,0.19937,0.0592
3878,4,1.136954e-03,0.16273,0.0422
3879,4,1.136569e-03,0.19374,0.0463
3880,4,1.136185e-03,0.17050,0.0423
3881,4,1.135800e-03,0.17242,0.0467
3882,4,1.135416e-03,0.18161,0.0821
3883,4,1.135031e-03,0.18131,0.0587
3884,4,1.134646e-03,0.15153,0.0475
3885,4,1.134262e-03,0.18139,0.0613
3886,4,1.133877e-03,0.16807,0.0530
3887,4,1.133492e-03,0.18127,0.0467
3888,4,1.133108e-03,0.17772,0.0614
3889,4,1.132723e-03,0.17346,0.0605
3890,4,1.132338e-03,0.18467,0.0523
3891,4,1.131954e-03,0.21942,0.0722
3892,4,1.131569e-03,0.19796,0.0503
3893,4,1.131184e-03,0.15441,0.0444
3894,4,1.130800e-03,0.18228,0.0693
3895,4,1.130415e-03,0.15937,0.0582
3896,4,1.130030e-03,0.18648,0.0467
3897,4,1.129645e-03,0.17519,0.0484
3898,4,1.129261e-03,0.18526,0.0513
3899,4,1.128876e-03,0.22087,0.0729
3900,4,1.128491e-03,0.19611,0.0811
3901,4,1.128106e-03,0.20110,0.0559
3902,4,1.127721e-03,0.17159,0.0536
3903,4,1.127336e-03,0.18025,0.0792
3904,4,1.126951e-03,0.17894,0.0462
3905,4,1.126567e-03,0.17615,0.0605
3906,4,1.126182e-03,0.18648,0.0497
3907,4,1.125797e-03,0.15560,0.0441
3908,4,1.125412e-03,0.19579,0.0588
3909,4,1.125027e-03,0.15161,0.0486
3910,4,1.124642e-03,0.17782,0.0506
3911,4,1.124257e-03,0.23403,0.0675
3912,4,1.123872e-03,0.16325,0.0395
3913,4,1.123487e-03,0.18301,0.0626
3914,4,1.123102e-03,0.20428,0.0653
3915,4,1.122717e-03,0.17609,0.0480
3916,4,1.122332e-03,0.14632,0.0435
3917,4,1.121947e-03,0.18237,0.0643
3918,4,1.121562e-03,0.20970,0.0496
3919,4,1.121177e-03,0.16373,0.0541
3920,4,1.120792e-03,0.21435,0.0541
3921,4,1.120407e-03,0.18162,0.0480
3922,4,1.120022e-03,0.15850,0.0428
3923,4,1.119637e-03,0.21098,0.0752
3924,4,1.119252e-03,0.18369,0.0490
3925,4,1.118866e-03,0.14343,0.0567
3926,4,1.118481e-03,0.17838,0.0517
3927,4,1.118096e-03,0.18620,0.0535
3928,4,1.117711e-03,0.20896,0.0707
3929,4,1.117326e-03,0.16143,0.0472
3930,4,1.116941e-03,0.17323,0.0505
3931,4,1.116555e-03,0.19402,0.0493
3932,4,1.116170e-03,0.21297,0.0594
3933,4,1.115785e-03,0.19376,0.0519
3934,4,1.115400e-03,0.13745,0.0597
3935,4,1.115015e-03,0.18578,0.0625
3936,4,1.114629e-03,0.16999,0.0473
3937,4,1.114244e-03,0.22128,0.0671
3938,4,1.113859e-03,0.18261,0.0665
3939,4,1.113473e-03,0.23115,0.0786
3940,4,1.113088e-03,0.20826,0.0563
3941,4,1.112703e-03,0.18261,0.0495
3942,4,1.112318e-03,0.14489,0.0491
3943,4,1.111932e-03,0.19890,0.0589
3944,4,1.111547e-03,0.18844,0.0578
3945,4,1.111162e-03,0.22644,0.1051
3946,4,1.110776e-03,0.18486,0.0572
3947,4,1.110391e-03,0.19018,0.0873
3948,4,1.110006e-03,0.21097,0.0553
3949,4,1.109620e-03,0.22451,0.0746
3950,4,1.109235e-03,0.18981,0.0558
3951,4,1.108849e-03,0.18912,0.0517
3952,4,1.108464e-03,0.19777,0.0630
3953,4,1.108079e-03,0.16870,0.0630
3954,4,1.107693e-03,0.18481,0.0527
3955,4,1.107308e-03,0.22225,0.0746
3956,4,1.106922e-03,0.14064,0.0524
3957,4,1.106537e-03,0.17899,0.0755
3958,4,1.106151e-03,0.14261,0.0545
3959,4,1.105766e-03,0.16796,0.0479
3960,4,1.105380e-03,0.16607,0.0447
3961,4,1.104995e-03,0.17544,0.0387
3962,4,1.104609e-03,0.16740,0.0657
3963,4,1.104224e-03,0.19065,0.0559
3964,4,1.103838e-03,0.17650,0.0468
3965,4,1.103453e-03,0.19749,0.0551
3966,4,1.103067e-03,0.17132,0.0579
3967,4,1.102682e-03,0.18841,0.0526
3968,4,1.102296e-03,0.19483,0.0583
3969,4,1.101911e-03,0.17967,0.0655
3970,4,1.101525e-03,0.16100,0.0509
3971,4,1.101139e-03,0.21458,0.0503
3972,4,1.100754e-03,0.16862,0.0506
3973,4,1.100368e-03,0.17226,0.0616
3974,4,1.099983e-03,0.18822,0.0542
3975,4,1.099597e-03,0.25365,0.0782
3976,4,1.099211e-03,0.15684,0.0504
3977,4,1.098826e-03,0.17833,0.0629
3978,4,1.098440e-03,0.21461,0.0692
3979,4,1.098055e-03,0.17455,0.0459
3980,4,1.097669e-03,0.16602,0.0592
3981,4,1.097283e-03,0.16740,0.0501
3982,4,1.096898e-03,0.18621,0.0520
3983,4,1.096512e-03,0.16113,0.0537
3984,5,1.096126e-03,0.20771,0.0595
3985,5,1.095740e-03,0.18956,0.0460
3986,5,1.095355e-03,0.18817,0.0649
3987,5,1.094969e-03,0.15510,0.0534
3988,5,1.094583e-03,0.18148,0.0499
3989,5,1.094198e-03,0.21306,0.0573
3990,5,1.093812e-03,0.20316,0.0492
3991,5,1.093426e-03,0.13296,0.0598
3992,5,1.093040e-03,0.15176,0.0491
3993,5,1.092655e-03,0.17188,0.0443
3994,5,1.092269e-03,0.16650,0.0620
3995,5,1.091883e-03,0.18712,0.0533
3996,5,1.091497e-03,0.15628,0.0496
3997,5,1.091112e-03,0.15017,0.0599
3998,5,1.090726e-03,0.17017,0.0462
3999,5,1.090340e-03,0.22792,0.0741
4000,5,1.089954e-03,0.21252,0.0458
4001,5,1.089568e-03,0.20191,0.0618
4002,5,1.089183e-03,0.25452,0.1167
4003,5,1.088797e-03,0.16553,0.0470
4004,5,1.088411e-03,0.17557,0.0559
4005,5,1.088025e-03,0.19537,0.0506
4006,5,1.087639e-03,0.17410,0.0443
4007,5,1.087253e-03,0.18013,0.0649
4008,5,1.086868e-03,0.17082,0.0585
4009,5,1.086482e-03,0.16149,0.0496
4010,5,1.086096e-03,0.17605,0.0516
4011,5,1.085710e-03,0.17585,0.0604
4012,5,1.085324e-03,0.21000,0.0590
4013,5,1.084938e-03,0.17154,0.0565
4014,5,1.084552e-03,0.21671,0.0755
4015,5,1.084166e-03,0.12774,0.0488
4016,5,1.083781e-03,0.20864,0.0593
4017,5,1.083395e-03,0.19386,0.0503
4018,5,1.083009e-03,0.17110,0.0409
4019,5,1.082623e-03,0.17825,0.0760
4020,5,1.082237e-03,0.18978,0.0487
4021,5,1.081851e-03,0.15991,0.0559
4022,5,1.081465e-03,0.18695,0.0575
4023,5,1.081079e-03,0.21551,0.0552
4024,5,1.080693e-03,0.15833,0.0479
4025,5,1.080307e-03,0.17072,0.0462
4026,5,1.079921e-03,0.16585,0.0663
4027,5,1.079535e-03,0.14204,0.0673
4028,5,1.079149e-03,0.20360,0.0516
4029,5,1.078763e-03,0.22260,0.0735
4030,5,1.078377e-03,0.14360,0.0513
4031,5,1.077991e-03,0.16852,0.0492
4032,5,1.077605e-03,0.15856,0.0416
4033,5,1.077219e-03,0.16803,0.0640
4034,5,1.076833e-03,0.21306,0.0581
4035,5,1.076448e-03,0.16708,0.0476
4036,5,1.076062e-03,0.15259,0.0517
4037,5,1.075676e-03,0.15389,0.0581
4038,5,1.075289e-03,0.15397,0.0513
4039,5,1.074903e-03,0.17394,0.0560
4040,5,1.074517e-03,0.15999,0.0661
4041,5,1.074131e-03,0.15263,0.0645
4042,5,1.073745e-03,0.14866,0.0443
4043,5,1.073359e-03,0.17792,0.0634
4044,5,1.072973e-03,0.16766,0.0613
4045,5,1.072587e-03,0.18527,0.0500
4046,5,1.072201e-03,0.15318,0.0663
4047,5,1.071815e-03,0.18645,0.0794
4048,5,1.071429e-03,0.16358,0.0454
4049,5,1.071043e-03,0.19449,0.0797
4050,5,1.070657e-03,0.20130,0.0599
4051,5,1.070271e-03,0.19703,0.0538
4052,5,1.069885e-03,0.22775,0.0664
4053,5,1.069499e-03,0.15006,0.0464
4054,5,1.069113e-03,0.13628,0.0528
4055,5,1.068727e-03,0.17477,0.0528
4056,5,1.068341e-03,0.20660,0.0724
4057,5,1.067955e-03,0.15750,0.0448
4058,5,1.067569e-03,0.16751,0.0512
4059,5,1.067183e-03,0.20168,0.0563
4060,5,1.066796e-03,0.15605,0.0435
4061,5,1.066410e-03,0.19531,0.0527
4062,5,1.066024e-03,0.18159,0.0453
4063,5,1.065638e-03,0.15584,0.0468
4064,5,1.065252e-03,0.17817,0.0613
4065,5,1.064866e-03,0.22603,0.0597
4066,5,1.064480e-03,0.16127,0.0471
4067,5,1.064094e-03,0.19394,0.0574
4068,5,1.063708e-03,0.26382,0.0985
4069,5,1.063322e-03,0.18845,0.0522
4070,5,1.062935e-03,0.17374,0.0491
4071,5,1.062549e-03,0.18470,0.1075
4072,5,1.062163e-03,0.15371,0.0423
4073,5,1.061777e-03,0.17593,0.0615
4074,5,1.061391e-03,0.19486,0.0649
4075,5,1.061005e-03,0.20254,0.0721
4076,5,1.060619e-03,0.17651,0.0556
4077,5,1.060233e-03,0.19536,0.0602
4078,5,1.059847e-03,0.15466,0.0485
4079,5,1.059460e-03,0.17433,0.0468
4080,5,1.059074e-03,0.15127,0.0432
4081,5,1.058688e-03,0.16799,0.0674
4082,5,1.058302e-03,0.18823,0.0771
4083,5,1.057916e-03,0.16091,0.0466
4084,5,1.057530e-03,0.17362,0.0482
4085,5,1.057144e-03,0.14968,0.0634
4086,5,1.056757e-03,0.17498,0.0591
4087,5,1.056371e-03,0.16627,0.0529
4088,5,1.055985e-03,0.15028,0.0445
4089,5,1.055599e-03,0.20154,0.0856
4090,5,1.055213e-03,0.24308,0.0689
4091,5,1.054827e-03,0.18915,0.0568
4092,5,1.054441e-03,0.26708,0.0885
4093,5,1.054055e-03,0.18708,0.0469
4094,5,1.053668e-03,0.17370,0.0416
4095,5,1.053282e-03,0.21171,0.0576
4096,5,1.052896e-03,0.15119,0.0452
4097,5,1.052510e-03,0.20014,0.0635
4098,5,1.052124e-03,0.19307,0.0484
4099,5,1.051738e-03,0.19232,0.0554
4100,5,1.051352e-03,0.19581,0.0505
4101,5,1.050965e-03,0.17992,0.0444
4102,5,1.050579e-03,0.15204,0.0370
4103,5,1.050193e-03,0.19517,0.0516
4104,5,1.049807e-03,0.15783,0.0654
4105,5,1.049421e-03,0.17723,0.0620
4106,5,1.049035e-03,0.14289,0.0546
4107,5,1.048648e-03,0.18005,0.0453
4108,5,1.048262e-03,0.18832,0.0629
4109,5,1.047876e-03,0.17875,0.0464
4110,5,1.047490e-03,0.16646,0.0575
4111,5,1.047104e-03,0.16663,0.0467
4112,5,1.046718e-03,0.17896,0.0459
4113,5,1.046332e-03,0.17418,0.0521
4114,5,1.045945e-03,0.17746,0.0446
4115,5,1.045559e-03,0.19747,0.0507
4116,5,1.045173e-03,0.14976,0.0493
4117,5,1.044787e-03,0.16251,0.0605
4118,5,1.044401e-03,0.18016,0.0409
4119,5,1.044015e-03,0.17713,0.0472
4120,5,1.043629e-03,0.19740,0.0689
4121,5,1.043243e-03,0.22279,0.0660
4122,5,1.042856e-03,0.15516,0.0496
4123,5,1.042470e-03,0.14111,0.0526
4124,5,1.042084e-03,0.22074,0.0582
4125,5,1.041698e-03,0.15397,0.0446
4126,5,1.041312e-03,0.16532,0.0540
4127,5,1.040926e-03,0.13722,0.0604
4128,5,1.040540e-03,0.26326,0.0900
4129,5,1.040153e-03,0.19094,0.0492
4130,5,1.039767e-03,0.16654,0.0476
4131,5,1.039381e-03,0.14399,0.0482
4132,5,1.038995e-03,0.18386,0.0450
4133,5,1.038609e-03,0.15904,0.0532
4134,5,1.038223e-03,0.13564,0.0542
4135,5,1.037837e-03,0.18627,0.0581
4136,5,1.037451e-03,0.15965,0.0493
4137,5,1.037065e-03,0.22188,0.0773
4138,5,1.036678e-03,0.19440,0.0602
4139,5,1.036292e-03,0.18293,0.0540
4140,5,1.035906e-03,0.17049,0.0873
4141,5,1.035520e-03,0.13634,0.0519
4142,5,1.035134e-03,0.15277,0.0398
4143,5,1.034748e-03,0.18264,0.0546
4144,5,1.034362e-03,0.13533,0.0666
4145,5,1.033976e-03,0.18268,0.0611
4146,5,1.033590e-03,0.14624,0.0474
4147,5,1.033204e-03,0.13845,0.0516
4148,5,1.032817e-03,0.21587,0.0744
4149,5,1.032431e-03,0.15033,0.0448
4150,5,1.032045e-03,0.15893,0.0567
4151,5,1.031659e-03,0.17475,0.0523
4152,5,1.031273e-03,0.17145,0.0522
4153,5,1.030887e-03,0.19190,0.0490
4154,5,1.030501e-03,0.22546,0.0624
4155,5,1.030115e-03,0.18194,0.0479
4156,5,1.029729e-03,0.14511,0.0365
4157,5,1.029343e-03,0.14889,0.0497
4158,5,1.028957e-03,0.19002,0.0615
4159,5,1.028571e-03,0.19678,0.0494
4160,5,1.028185e-03,0.17883,0.0553
4161,5,1.027799e-03,0.20277,0.0647
4162,5,1.027413e-03,0.16180,0.0611
4163,5,1.027027e-03,0.17779,0.0527
4164,5,1.026641e-03,0.16902,0.0475
4165,5,1.026255e-03,0.19469,0.0460
4166,5,1.025869e-03,0.16350,0.0468
4167,5,1.025483e-03,0.18961,0.0600
4168,5,1.025097e-03,0.15572,0.0581
4169,5,1.024711e-03,0.18124,0.0583
4170,5,1.024324e-03,0.19612,0.0559
4171,5,1.023938e-03,0.16477,0.0478
4172,5,1.023552e-03,0.16762,0.0425
4173,5,1.023167e-03,0.17701,0.0507
4174,5,1.022781e-03,0.16189,0.0388
4175,5,1.022395e-03,0.24087,0.0909
4176,5,1.022009e-03,0.21442,0.0693
4177,5,1.021623e-03,0.12438,0.0447
4178,5,1.021237e-03,0.14757,0.0531
4179,5,1.020851e-03,0.16059,0.0667
4180,5,1.020465e-03,0.16108,0.0431
4181,5,1.020079e-03,0.20135,0.0587
4182,5,1.019693e-03,0.13947,0.0551
4183,5,1.019307e-03,0.17034,0.0407
4184,5,1.018921e-03,0.13214,0.0499
4185,5,1.018535e-03,0.20258,0.0860
4186,5,1.018149e-03,0.20888,0.0659
4187,5,1.017763e-03,0.16346,0.0560
4188,5,1.017377e-03,0.17050,0.0495
4189,5,1.016991e-03,0.17795,0.0622
4190,5,1.016605e-03,0.17471,0.0738
4191,5,1.016219e-03,0.18127,0.0511
4192,5,1.015834e-03,0.19517,0.0612
4193,5,1.015448e-03,0.16160,0.0516
4194,5,1.015062e-03,0.18599,0.0502
4195,5,1.014676e-03,0.16756,0.0456
4196,5,1.014290e-03,0.19507,0.0653
4197,5,1.013904e-03,0.25193,0.1220
4198,5,1.013518e-03,0.14618,0.0459
4199,5,1.013132e-03,0.16013,0.0581
4200,5,1.012747e-03,0.18357,0.0604
4201,5,1.012361e-03,0.20576,0.0476
4202,5,1.011975e-03,0.17409,0.0779
4203,5,1.011589e-03,0.13905,0.0495
4204,5,1.011203e-03,0.15827,0.0511
4205,5,1.010817e-03,0.16679,0.0714
4206,5,1.010432e-03,0.19567,0.0803
4207,5,1.010046e-03,0.18697,0.0511
4208,5,1.009660e-03,0.16200,0.0443
4209,5,1.009274e-03,0.16418,0.0541
4210,5,1.008888e-03,0.19782,0.0538
4211,5,1.008503e-03,0.20704,0.0556
4212,5,1.008117e-03,0.20283,0.0672
4213,5,1.007731e-03,0.19617,0.0495
4214,5,1.007345e-03,0.17849,0.0526
4215,5,1.006960e-03,0.18139,0.0538
4216,5,1.006574e-03,0.23615,0.0825
4217,5,1.006188e-03,0.17087,0.0508
4218,5,1.005802e-03,0.21183,0.0578
4219,5,1.005417e-03,0.19719,0.0521
4220,5,1.005031e-03,0.18034,0.0484
4221,5,1.004645e-03,0.19195,0.0545
4222,5,1.004260e-03,0.17892,0.0515
4223,5,1.003874e-03,0.19152,0.0876
4224,5,1.003488e-03,0.16004,0.0546
4225,5,1.003102e-03,0.18305,0.0498
4226,5,1.002717e-03,0.19281,0.0530
4227,5,1.002331e-03,0.13928,0.0493
4228,5,1.001945e-03,0.18362,0.0498
4229,5,1.001560e-03,0.17394,0.0444
4230,5,1.001174e-03,0.19630,0.0533
4231,5,1.000789e-03,0.18655,0.0514
4232,5,1.000403e-03,0.17773,0.0455
4233,5,1.000017e-03,0.14902,0.0510
4234,5,9.996317e-04,0.20065,0.0633
4235,5,9.992461e-04,0.19232,0.0497
4236,5,9.988605e-04,0.18248,0.0499
4237,5,9.984750e-04,0.17695,0.0481
4238,5,9.980894e-04,0.19677,0.0569
4239,5,9.977038e-04,0.19790,0.0499
4240,5,9.973183e-04,0.19734,0.1029
4241,5,9.969327e-04,0.21929,0.0489
4242,5,9.965472e-04,0.20034,0.0542
4243,5,9.961617e-04,0.20004,0.0525
4244,5,9.957761e-04,0.14225,0.0569
4245,5,9.953906e-04,0.18112,0.0840
4246,5,9.950051e-04,0.18507,0.0557
4247,5,9.946196e-04,0.19349,0.0569
4248,5,9.942342e-04,0.19820,0.0541
4249,5,9.938487e-04,0.18458,0.0474
4250,5,9.934632e-04,0.20382,0.0540
4251,5,9.930778e-04,0.17128,0.0776
4252,5,9.926923e-04,0.14914,0.0521
4253,5,9.923069e-04,0.21914,0.0615
4254,5,9.919214e-04,0.13633,0.0662
4255,5,9.915360e-04,0.18313,0.0487
4256,5,9.911506e-04,0.17138,0.0489
4257,5,9.907652e-04,0.15424,0.0621
4258,5,9.903798e-04,0.16756,0.0502
4259,5,9.899945e-04,0.15672,0.0414
4260,5,9.896091e-04,0.18270,0.0494
4261,5,9.892237e-04,0.19977,0.0505
4262,5,9.888384e-04,0.21183,0.0610
4263,5,9.884530e-04,0.16701,0.0521
4264,5,9.880677e-04,0.18148,0.0504
4265,5,9.876824e-04,0.19892,0.0579
4266,5,9.872971e-04,0.19505,0.0554
4267,5,9.869118e-04,0.18389,0.0536
4268,5,9.865265e-04,0.15071,0.0836
4269,5,9.861412e-04,0.15616,0.0448
4270,5,9.857560e-04,0.15547,0.0424
4271,5,9.853707e-04,0.18337,0.0817
4272,5,9.849855e-04,0.18816,0.0528
4273,5,9.846002e-04,0.15449,0.0575
4274,5,9.842150e-04,0.16827,0.0497
4275,5,9.838298e-04,0.16708,0.0670
4276,5,9.834446e-04,0.18417,0.0470
4277,5,9.830594e-04,0.18636,0.0460
4278,5,9.826742e-04,0.16002,0.0503
4279,5,9.822891e-04,0.15595,0.0467
4280,5,9.819039e-04,0.21477,0.0560
4281,5,9.815187e-04,0.16087,0.0561
4282,5,9.811336e-04,0.18148,0.0429
4283,5,9.807485e-04,0.23729,0.0625
4284,5,9.803634e-04,0.14861,0.0465
4285,5,9.799783e-04,0.15569,0.0416
4286,5,9.795932e-04,0.14893,0.0554
4287,5,9.792081e-04,0.19472,0.0527
4288,5,9.788230e-04,0.19517,0.0652
4289,5,9.784380e-04,0.17545,0.0421
4290,5,9.780530e-04,0.17805,0.0589
4291,5,9.776679e-04,0.18459,0.0499
4292,5,9.772829e-04,0.14842,0.0411
4293,5,9.768979e-04,0.17816,0.0490
4294,5,9.765129e-04,0.15643,0.0478
4295,5,9.761279e-04,0.15045,0.0439
4296,5,9.757430e-04,0.17255,0.0450
4297,5,9.753580e-04,0.16545,0.0522
4298,5,9.749731e-04,0.17017,0.0408
4299,5,9.745881e-04,0.16661,0.0465
4300,5,9.742032e-04,0.17993,0.0432
4301,5,9.738183e-04,0.19059,0.0511
4302,5,9.734334e-04,0.20310,0.0564
4303,5,9.730485e-04,0.17587,0.0611
4304,5,9.726636e-04,0.20189,0.0545
4305,5,9.722788e-04,0.18219,0.0453
4306,5,9.718939e-04,0.17979,0.0502
4307,5,9.715091e-04,0.18284,0.0540
4308,5,9.711243e-04,0.19186,0.0611
4309,5,9.707395e-04,0.22029,0.0628
4310,5,9.703547e-04,0.17302,0.0589
4311,5,9.699699e-04,0.16914,0.0431
4312,5,9.695852e-04,0.18399,0.0517
4313,5,9.692004e-04,0.20024,0.0721
4314,5,9.688157e-04,0.19124,0.0666
4315,5,9.684309e-04,0.18929,0.0527
4316,5,9.680462e-04,0.15479,0.0595
4317,5,9.676615e-04,0.16856,0.0614
4318,5,9.672768e-04,0.16868,0.0692
4319,5,9.668922e-04,0.18412,0.0634
4320,5,9.665075e-04,0.17245,0.0651
4321,5,9.661229e-04,0.17399,0.0630
4322,5,9.657382e-04,0.17377,0.0443
4323,5,9.653536e-04,0.19149,0.0663
4324,5,9.649690e-04,0.20419,0.0783
4325,5,9.645844e-04,0.16461,0.0436
4326,5,9.641999e-04,0.21191,0.0615
4327,5,9.638153e-04,0.16738,0.0450
4328,5,9.634308e-04,0.16138,0.0531
4329,5,9.630462e-04,0.18297,0.0483
4330,5,9.626617e-04,0.18789,0.0628
4331,5,9.622772e-04,0.17919,0.0780
4332,5,9.618927e-04,0.19181,0.0655
4333,5,9.615082e-04,0.17331,0.0406
4334,5,9.611238e-04,0.15908,0.0464
4335,5,9.607393e-04,0.16393,0.0460
4336,5,9.603549e-04,0.15752,0.0453
4337,5,9.599705e-04,0.17016,0.0503
4338,5,9.595861e-04,0.16918,0.0519
4339,5,9.592017e-04,0.17648,0.0486
4340,5,9.588173e-04,0.17099,0.0456
4341,5,9.584330e-04,0.16598,0.0561
4342,5,9.580487e-04,0.19552,0.0486
4343,5,9.576643e-04,0.18346,0.0684
4344,5,9.572800e-04,0.19020,0.0543
4345,5,9.568957e-04,0.21871,0.0728
4346,5,9.565114e-04,0.12879,0.0536
4347,5,9.561272e-04,0.21434,0.0841
4348,5,9.557429e-04,0.18717,0.0593
4349,5,9.553587e-04,0.16921,0.0473
4350,5,9.549745e-04,0.18674,0.0846
4351,5,9.545903e-04,0.16454,0.0447
4352,5,9.542061e-04,0.22934,0.0789
4353,5,9.538219e-04,0.21294,0.0648
4354,5,9.534378e-04,0.18850,0.0452
4355,5,9.530536e-04,0.19828,0.0557
4356,5,9.526695e-04,0.19167,0.0498
4357,5,9.522854e-04,0.15216,0.0602
4358,5,9.519013e-04,0.21171,0.0640
4359,5,9.515173e-04,0.16983,0.0699
4360,5,9.511332e-04,0.17570,0.0474
4361,5,9.507492e-04,0.17571,0.0452
4362,5,9.503651e-04,0.14488,0.0469
4363,5,9.499811e-04,0.18422,0.0601
4364,5,9.495971e-04,0.15416,0.0411
4365,5,9.492132e-04,0.20621,0.0737
4366,5,9.488292e-04,0.16649,0.0475
4367,5,9.484453e-04,0.21691,0.0525
4368,5,9.480613e-04,0.18701,0.0770
4369,5,9.476774e-04,0.15888,0.0422
4370,5,9.472936e-04,0.14192,0.0439
4371,5,9.469097e-04,0.20022,0.0658
4372,5,9.465258e-04,0.16337,0.0512
4373,5,9.461420e-04,0.16573,0.0521
4374,5,9.457582e-04,0.15724,0.0552
4375,5,9.453744e-04,0.15433,0.0514
4376,5,9.449906e-04,0.14783,0.0564
4377,5,9.446068e-04,0.17459,0.0472
4378,5,9.442230e-04,0.17592,0.0588
4379,5,9.438393e-04,0.16267,0.0525
4380,5,9.434556e-04,0.17381,0.0557
4381,5,9.430719e-04,0.16117,0.0434
4382,5,9.426882e-04,0.20001,0.0564
4383,5,9.423045e-04,0.15945,0.0434
4384,5,9.419209e-04,0.27459,0.1202
4385,5,9.415373e-04,0.19093,0.0545
4386,5,9.411537e-04,0.20692,0.0488
4387,5,9.407701e-04,0.19062,0.0610
4388,5,9.403865e-04,0.17032,0.0761
4389,5,9.400029e-04,0.19993,0.0586
4390,5,9.396194e-04,0.21582,0.0621
4391,5,9.392359e-04,0.19067,0.0458
4392,5,9.388524e-04,0.20633,0.0737
4393,5,9.384689e-04,0.15942,0.0560
4394,5,9.380854e-04,0.18439,0.0444
4395,5,9.377020e-04,0.20069,0.0715
4396,5,9.373186e-04,0.23933,0.0776
4397,5,9.369351e-04,0.20944,0.0586
4398,5,9.365518e-04,0.21294,0.0867
4399,5,9.361684e-04,0.17648,0.0656
4400,5,9.357850e-04,0.22553,0.0593
4401,5,9.354017e-04,0.22917,0.0605
4402,5,9.350184e-04,0.16624,0.0655
4403,5,9.346351e-04,0.21272,0.1110
4404,5,9.342518e-04,0.21060,0.0539
4405,5,9.338685e-04,0.18275,0.0401
4406,5,9.334853e-04,0.20210,0.0640
4407,5,9.331021e-04,0.18622,0.0606
4408,5,9.327189e-04,0.12355,0.0766
4409,5,9.323357e-04,0.18078,0.0882
4410,5,9.319525e-04,0.18166,0.0736
4411,5,9.315694e-04,0.19194,0.0466
4412,5,9.311863e-04,0.15711,0.0528
4413,5,9.308032e-04,0.16145,0.0509
4414,5,9.304201e-04,0.18740,0.0620
4415,5,9.300370e-04,0.17451,0.0671
4416,5,9.296540e-04,0.13532,0.0587
4417,5,9.292710e-04,0.16440,0.0578
4418,5,9.288880e-04,0.16285,0.0441
4419,5,9.285050e-04,0.17916,0.0765
4420,5,9.281220e-04,0.15642,0.0485
4421,5,9.277391e-04,0.20472,0.0880
4422,5,9.273561e-04,0.19129,0.0492
4423,5,9.269732e-04,0.23246,0.0660
4424,5,9.265904e-04,0.16029,0.0478
4425,5,9.262075e-04,0.16628,0.0760
4426,5,9.258247e-04,0.17583,0.0508
4427,5,9.254418e-04,0.16240,0.0477
4428,5,9.250590e-04,0.19663,0.0539
4429,5,9.246762e-04,0.19467,0.0956
4430,5,9.242935e-04,0.16425,0.0511
4431,5,9.239107e-04,0.17689,0.0543
4432,5,9.235280e-04,0.15989,0.0426
4433,5,9.231453e-04,0.14304,0.0507
4434,5,9.227627e-04,0.16343,0.0497
4435,5,9.223800e-04,0.15741,0.0498
4436,5,9.219974e-04,0.14201,0.0728
4437,5,9.216148e-04,0.14016,0.0523
4438,5,9.212322e-04,0.16355,0.0554
4439,5,9.208496e-04,0.16829,0.0413
4440,5,9.204670e-04,0.19518,0.0567
4441,5,9.200845e-04,0.18629,0.0524
4442,5,9.197020e-04,0.14112,0.0525
4443,5,9.193195e-04,0.16287,0.0502
4444,5,9.189371e-04,0.22225,0.0822
4445,5,9.185546e-04,0.18152,0.0463
4446,5,9.181722e-04,0.18034,0.0585
4447,5,9.177898e-04,0.18602,0.0461
4448,5,9.174074e-04,0.20892,0.0583
4449,5,9.170251e-04,0.17120,0.0423
4450,5,9.166427e-04,0.18520,0.0526
4451,5,9.162604e-04,0.16874,0.0421
4452,5,9.158781e-04,0.18517,0.0849
4453,5,9.154959e-04,0.17577,0.0497
4454,5,9.151136e-04,0.18700,0.0566
4455,5,9.147314e-04,0.15308,0.0484
4456,5,9.143492e-04,0.17457,0.0423
4457,5,9.139670e-04,0.14320,0.0550
4458,5,9.135849e-04,0.15137,0.0467
4459,5,9.132027e-04,0.17090,0.0497
4460,5,9.128206e-04,0.21159,0.0586
4461,5,9.124386e-04,0.16818,0.0449
4462,5,9.120565e-04,0.18417,0.0504
4463,5,9.116744e-04,0.20304,0.0536
4464,5,9.112924e-04,0.16923,0.0451
4465,5,9.109104e-04,0.20124,0.0515
4466,5,9.105285e-04,0.20095,0.0690
4467,5,9.101465e-04,0.17995,0.0473
4468,5,9.097646e-04,0.21526,0.0592
4469,5,9.093827e-04,0.17062,0.0605
4470,5,9.090008e-04,0.16855,0.0573
4471,5,9.086189e-04,0.21155,0.0611
4472,5,9.082371e-04,0.14675,0.0422
4473,5,9.078553e-04,0.22016,0.0643
4474,5,9.074735e-04,0.18541,0.0461
4475,5,9.070918e-04,0.16595,0.0493
4476,5,9.067100e-04,0.16874,0.0681
4477,5,9.063283e-04,0.22485,0.0637
4478,5,9.059466e-04,0.17646,0.0572
4479,5,9.055649e-04,0.16152,0.0488
4480,5,9.051833e-04,0.15452,0.0382
4481,5,9.048017e-04,0.17277,0.0499
4482,5,9.044201e-04,0.20310,0.0561
4483,5,9.040385e-04,0.16409,0.0499
4484,5,9.036570e-04,0.20642,0.0540
4485,5,9.032754e-04,0.16312,0.0548
4486,5,9.028939e-04,0.17244,0.0451
4487,5,9.025125e-04,0.17534,0.0517
4488,5,9.021310e-04,0.17947,0.0512
4489,5,9.017496e-04,0.15642,0.0483
4490,5,9.013682e-04,0.20010,0.0560
4491,5,9.009868e-04,0.18303,0.0547
4492,5,9.006055e-04,0.16721,0.0632
4493,5,9.002241e-04,0.22346,0.0674
4494,5,8.998428e-04,0.19467,0.0549
4495,5,8.994615e-04,0.13676,0.0507
4496,5,8.990803e-04,0.14057,0.0703
4497,5,8.986991e-04,0.19902,0.0530
4498,5,8.983179e-04,0.14699,0.0556
4499,5,8.979367e-04,0.20018,0.0829
4500,5,8.975555e-04,0.18140,0.0792
4501,5,8.971744e-04,0.17810,0.0451
4502,5,8.967933e-04,0.15203,0.0568
4503,5,8.964122e-04,0.14818,0.0402
4504,5,8.960312e-04,0.18100,0.0556
4505,5,8.956501e-04,0.18629,0.0453
4506,5,8.952691e-04,0.16917,0.0678
4507,5,8.948882e-04,0.16699,0.0626
4508,5,8.945072e-04,0.23189,0.0644
4509,5,8.941263e-04,0.18120,0.0526
4510,5,8.937454e-04,0.19024,0.0797
4511,5,8.933645e-04,0.20036,0.0575
4512,5,8.929837e-04,0.21221,0.0636
4513,5,8.926029e-04,0.15296,0.0469
4514,5,8.922221e-04,0.23051,0.0693
4515,5,8.918413e-04,0.21683,0.0744
4516,5,8.914605e-04,0.18206,0.0601
4517,5,8.910798e-04,0.20069,0.0631
4518,5,8.906991e-04,0.20468,0.0658
4519,5,8.903185e-04,0.22269,0.0941
4520,5,8.899378e-04,0.17110,0.0539
4521,5,8.895572e-04,0.18068,0.0461
4522,5,8.891766e-04,0.14046,0.0472
4523,5,8.887961e-04,0.17718,0.0464
4524,5,8.884156e-04,0.16380,0.0520
4525,5,8.880350e-04,0.20368,0.0561
4526,5,8.876546e-04,0.19363,0.0585
4527,5,8.872741e-04,0.26056,0.0821
4528,5,8.868937e-04,0.19672,0.0469
4529,5,8.865133e-04,0.23689,0.0765
4530,5,8.861329e-04,0.19724,0.0600
4531,5,8.857526e-04,0.17426,0.0407
4532,5,8.853723e-04,0.19544,0.0985
4533,5,8.849920e-04,0.23577,0.1285
4534,5,8.846117e-04,0.18741,0.0609
4535,5,8.842315e-04,0.19194,0.0482
4536,5,8.838513e-04,0.13763,0.0553
4537,5,8.834711e-04,0.16030,0.0517
4538,5,8.830909e-04,0.16593,0.0564
4539,5,8.827108e-04,0.17905,0.0431
4540,5,8.823307e-04,0.20797,0.0597
4541,5,8.819507e-04,0.19023,0.0555
4542,5,8.815706e-04,0.16307,0.0550
4543,5,8.811906e-04,0.19078,0.0546
4544,5,8.808106e-04,0.22063,0.0734
4545,5,8.804307e-04,0.16654,0.0483
4546,5,8.800507e-04,0.18546,0.0448
4547,5,8.796708e-04,0.19794,0.0582
4548,5,8.792910e-04,0.16785,0.0432
4549,5,8.789111e-04,0.21452,0.0641
4550,5,8.785313e-04,0.18125,0.0751
4551,5,8.781515e-04,0.17347,0.0457
4552,5,8.777717e-04,0.17265,0.0650
4553,5,8.773920e-04,0.16741,0.0780
4554,5,8.770123e-04,0.19637,0.0491
4555,5,8.766326e-04,0.16532,0.0462
4556,5,8.762530e-04,0.20513,0.0461
4557,5,8.758734e-04,0.14434,0.0506
4558,5,8.754938e-04,0.16504,0.0429
4559,5,8.751142e-04,0.20041,0.0705
4560,5,8.747347e-04,0.17913,0.0616
4561,5,8.743552e-04,0.17366,0.0536
4562,5,8.739757e-04,0.22806,0.0723
4563,5,8.735963e-04,0.20230,0.0485
4564,5,8.732169e-04,0.19530,0.0721
4565,5,8.728375e-04,0.16225,0.0515
4566,5,8.724581e-04,0.21050,0.0707
4567,5,8.720788e-04,0.19599,0.0479
4568,5,8.716995e-04,0.15745,0.0630
4569,5,8.713202e-04,0.15968,0.0524
4570,5,8.709410e-04,0.16139,0.0404
4571,5,8.705618e-04,0.16311,0.0443
4572,5,8.701826e-04,0.18740,0.0635
4573,5,8.698034e-04,0.16788,0.0444
4574,5,8.694243e-04,0.18848,0.0675
4575,5,8.690452e-04,0.19397,0.0552
4576,5,8.686662e-04,0.19412,0.0548
4577,5,8.682871e-04,0.18803,0.0502
4578,5,8.679081e-04,0.15596,0.0518
4579,5,8.675292e-04,0.22236,0.0638
4580,5,8.671502e-04,0.16076,0.0614
4581,5,8.667713e-04,0.18437,0.0545
4582,5,8.663924e-04,0.18402,0.0505
4583,5,8.660136e-04,0.14902,0.0466
4584,5,8.656348e-04,0.16830,0.0805
4585,5,8.652560e-04,0.16592,0.0557
4586,5,8.648772e-04,0.17036,0.0593
4587,5,8.644985e-04,0.19253,0.0553
4588,5,8.641198e-04,0.17083,0.0570
4589,5,8.637411e-04,0.17941,0.0442
4590,5,8.633625e-04,0.19829,0.0816
4591,5,8.629839e-04,0.14251,0.0470
4592,5,8.626053e-04,0.16211,0.0467
4593,5,8.622268e-04,0.19370,0.0447
4594,5,8.618483e-04,0.16682,0.0488
4595,5,8.614698e-04,0.19537,0.0525
4596,5,8.610913e-04,0.13126,0.0612
4597,5,8.607129e-04,0.14250,0.0741
4598,5,8.603345e-04,0.16047,0.0509
4599,5,8.599562e-04,0.19313,0.0778
4600,5,8.595779e-04,0.16382,0.0544
4601,5,8.591996e-04,0.19214,0.0595
4602,5,8.588213e-04,0.16750,0.0550
4603,5,8.584431e-04,0.16940,0.0517
4604,5,8.580649e-04,0.16407,0.0565
4605,5,8.576867e-04,0.15303,0.0544
4606,5,8.573086e-04,0.17169,0.0483
4607,5,8.569305e-04,0.18347,0.0552
4608,5,8.565524e-04,0.18893,0.0805
4609,5,8.561744e-04,0.16554,0.0560
4610,5,8.557964e-04,0.19298,0.0463
4611,5,8.554184e-04,0.19407,0.0587
4612,5,8.550405e-04,0.21389,0.0528
4613,5,8.546625e-04,0.23080,0.0786
4614,5,8.542847e-04,0.17230,0.0490
4615,5,8.539068e-04,0.16986,0.0432
4616,5,8.535290e-04,0.18780,0.0980
4617,5,8.531512e-04,0.18453,0.0651
4618,5,8.527735e-04,0.21573,0.0699
4619,5,8.523958e-04,0.19374,0.0557
4620,5,8.520181e-04,0.17706,0.0445
4621,5,8.516404e-04,0.19888,0.0510
4622,5,8.512628e-04,0.16509,0.0420
4623,5,8.508852e-04,0.18500,0.0557
4624,5,8.505077e-04,0.14485,0.0468
4625,5,8.501302e-04,0.15296,0.0500
4626,5,8.497527e-04,0.20736,0.0563
4627,5,8.493752e-04,0.18984,0.0639
4628,5,8.489978e-04,0.18787,0.0632
4629,5,8.486204e-04,0.18203,0.0584
4630,5,8.482431e-04,0.18446,0.0564
4631,5,8.478657e-04,0.18373,0.0481
4632,5,8.474885e-04,0.19842,0.0578
4633,5,8.471112e-04,0.23854,0.0810
4634,5,8.467340e-04,0.15281,0.0508
4635,5,8.463568e-04,0.15048,0.0596
4636,5,8.459796e-04,0.18600,0.0528
4637,5,8.456025e-04,0.13348,0.0544
4638,5,8.452254e-04,0.15444,0.0473
4639,5,8.448484e-04,0.18961,0.0494
4640,5,8.444714e-04,0.19810,0.0493
4641,5,8.440944e-04,0.21293,0.0505
4642,5,8.437174e-04,0.14821,0.0556
4643,5,8.433405e-04,0.17518,0.0446
4644,5,8.429637e-04,0.17972,0.0484
4645,5,8.425868e-04,0.21292,0.0617
4646,5,8.422100e-04,0.19054,0.0623
4647,5,8.418332e-04,0.17934,0.0444
4648,5,8.414565e-04,0.17227,0.0649
4649,5,8.410798e-04,0.19250,0.0431
4650,5,8.407031e-04,0.16775,0.0509
4651,5,8.403265e-04,0.16055,0.0527
4652,5,8.399498e-04,0.19063,0.0527
4653,5,8.395733e-04,0.16650,0.0455
4654,5,8.391967e-04,0.19260,0.0425
4655,5,8.388202e-04,0.20967,0.0500
4656,5,8.384438e-04,0.16296,0.0530
4657,5,8.380673e-04,0.16362,0.0524
4658,5,8.376909e-04,0.18578,0.0645
4659,5,8.373146e-04,0.22957,0.0983
4660,5,8.369383e-04,0.16352,0.0449
4661,5,8.365620e-04,0.21846,0.0780
4662,5,8.361857e-04,0.18369,0.0459
4663,5,8.358095e-04,0.19314,0.0694
4664,5,8.354333e-04,0.18311,0.0686
4665,5,8.350572e-04,0.16648,0.0575
4666,5,8.346810e-04,0.18690,0.0533
4667,5,8.343050e-04,0.16804,0.0785
4668,5,8.339289e-04,0.20424,0.0770
4669,5,8.335529e-04,0.16628,0.0489
4670,5,8.331770e-04,0.22715,0.0727
4671,5,8.328010e-04,0.18827,0.0666
4672,5,8.324251e-04,0.20557,0.0727
4673,5,8.320493e-04,0.15463,0.0510
4674,5,8.316734e-04,0.16256,0.0524
4675,5,8.312976e-04,0.19502,0.0542
4676,5,8.309219e-04,0.19532,0.0581
4677,5,8.305462e-04,0.15321,0.0448
4678,5,8.301705e-04,0.22775,0.0631
4679,5,8.297948e-04,0.19835,0.0555
4680,5,8.294192e-04,0.16760,0.0430
4681,5,8.290437e-04,0.17672,0.0452
4682,5,8.286681e-04,0.21056,0.0592
4683,5,8.282926e-04,0.17274,0.0433
4684,5,8.279171e-04,0.17533,0.0470
4685,5,8.275417e-04,0.21946,0.0642
4686,5,8.271663e-04,0.16826,0.0494
4687,5,8.267910e-04,0.17620,0.0652
4688,5,8.264157e-04,0.18410,0.0416
4689,5,8.260404e-04,0.14593,0.0624
4690,5,8.256651e-04,0.18969,0.0526
4691,5,8.252899e-04,0.20820,0.0724
4692,5,8.249148e-04,0.19698,0.0583
4693,5,8.245396e-04,0.18579,0.0452
4694,5,8.241645e-04,0.16080,0.0531
4695,5,8.237895e-04,0.19609,0.0482
4696,5,8.234145e-04,0.21305,0.0506
4697,5,8.230395e-04,0.20571,0.0466
4698,5,8.226645e-04,0.17792,0.0559
4699,5,8.222896e-04,0.17857,0.0553
4700,5,8.219148e-04,0.16443,0.0600
4701,5,8.215399e-04,0.15180,0.0563
4702,5,8.211651e-04,0.19241,0.0650
4703,5,8.207904e-04,0.15831,0.0468
4704,5,8.204157e-04,0.16036,0.0543
4705,5,8.200410e-04,0.15816,0.0500
4706,5,8.196663e-04,0.17698,0.0465
4707,5,8.192917e-04,0.16999,0.0546
4708,5,8.189172e-04,0.16247,0.0432
4709,5,8.185426e-04,0.14388,0.0453
4710,5,8.181682e-04,0.17403,0.0533
4711,5,8.177937e-04,0.18722,0.0631
4712,5,8.174193e-04,0.16531,0.0510
4713,5,8.170449e-04,0.17660,0.0587
4714,5,8.166706e-04,0.21032,0.0996
4715,5,8.162963e-04,0.18734,0.0544
4716,5,8.159220e-04,0.17486,0.0494
4717,5,8.155478e-04,0.14884,0.0514
4718,5,8.151736e-04,0.22352,0.0707
4719,5,8.147995e-04,0.21462,0.0684
4720,5,8.144254e-04,0.20208,0.0522
4721,5,8.140513e-04,0.19673,0.0687
4722,5,8.136773e-04,0.17692,0.0526
4723,5,8.133033e-04,0.17954,0.0579
4724,5,8.129294e-04,0.18641,0.0516
4725,5,8.125554e-04,0.17083,0.0491
4726,5,8.121816e-04,0.20545,0.0658
4727,5,8.118077e-04,0.15075,0.0443
4728,5,8.114340e-04,0.17883,0.0668
4729,5,8.110602e-04,0.15450,0.0535
4730,5,8.106865e-04,0.17023,0.0489
4731,5,8.103128e-04,0.21624,0.0586
4732,5,8.099392e-04,0.24450,0.0827
4733,5,8.095656e-04,0.19847,0.0646
4734,5,8.091920e-04,0.17198,0.0509
4735,5,8.088185e-04,0.18551,0.0565
4736,5,8.084451e-04,0.17664,0.0638
4737,5,8.080716e-04,0.17041,0.0494
4738,5,8.076982e-04,0.16910,0.0456
4739,5,8.073249e-04,0.16390,0.0480
4740,5,8.069516e-04,0.19530,0.0775
4741,5,8.065783e-04,0.18358,0.0516
4742,5,8.062051e-04,0.18457,0.0616
4743,5,8.058319e-04,0.18006,0.0569
4744,5,8.054587e-04,0.15808,0.0514
4745,5,8.050856e-04,0.19150,0.0456
4746,5,8.047125e-04,0.25811,0.0746
4747,5,8.043395e-04,0.14634,0.0626
4748,5,8.039665e-04,0.17667,0.0472
4749,5,8.035935e-04,0.16781,0.0422
4750,5,8.032206e-04,0.19559,0.0609
4751,5,8.028478e-04,0.16333,0.0510
4752,5,8.024749e-04,0.17673,0.0571
4753,5,8.021022e-04,0.18176,0.0431
4754,5,8.017294e-04,0.21369,0.0619
4755,5,8.013567e-04,0.18080,0.0496
4756,5,8.009840e-04,0.13457,0.0520
4757,5,8.006114e-04,0.18535,0.0550
4758,5,8.002388e-04,0.18932,0.0675
4759,5,7.998663e-04,0.14815,0.0438
4760,5,7.994938e-04,0.18715,0.0411
4761,5,7.991213e-04,0.20171,0.0548
4762,5,7.987489e-04,0.21854,0.0658
4763,5,7.983766e-04,0.19429,0.0721
4764,5,7.980042e-04,0.15421,0.0445
4765,5,7.976319e-04,0.17146,0.0400
4766,5,7.972597e-04,0.21439,0.0591
4767,5,7.968875e-04,0.18646,0.0459
4768,5,7.965153e-04,0.18643,0.0460
4769,5,7.961432e-04,0.20651,0.0524
4770,5,7.957711e-04,0.17218,0.0565
4771,5,7.953991e-04,0.19041,0.0584
4772,5,7.950271e-04,0.18177,0.0500
4773,5,7.946551e-04,0.16068,0.0661
4774,5,7.942832e-04,0.17896,0.0530
4775,5,7.939113e-04,0.15525,0.0446
4776,5,7.935395e-04,0.19882,0.0765
4777,5,7.931677e-04,0.20023,0.0559
4778,5,7.927960e-04,0.18295,0.0421
4779,5,7.924243e-04,0.20199,0.0668
4780,5,7.920526e-04,0.13625,0.0421
4781,5,7.916810e-04,0.15108,0.0533
4782,5,7.913094e-04,0.13956,0.0462
4783,5,7.909379e-04,0.14637,0.0483
4784,5,7.905664e-04,0.19447,0.0565
4785,5,7.901949e-04,0.16589,0.0462
4786,5,7.898235e-04,0.19081,0.0507
4787,5,7.894522e-04,0.15610,0.0440
4788,5,7.890809e-04,0.19212,0.0395
4789,5,7.887096e-04,0.15580,0.0452
4790,5,7.883384e-04,0.18323,0.0508
4791,5,7.879672e-04,0.21814,0.0601
4792,5,7.875960e-04,0.16600,0.0512
4793,5,7.872249e-04,0.17388,0.0566
4794,5,7.868539e-04,0.14217,0.0516
4795,5,7.864829e-04,0.14107,0.0444
4796,5,7.861119e-04,0.16967,0.0550
4797,5,7.857410e-04,0.15888,0.0421
4798,5,7.853701e-04,0.18208,0.0744
4799,5,7.849992e-04,0.17356,0.0533
4800,5,7.846284e-04,0.16615,0.0446
4801,5,7.842577e-04,0.15773,0.0530
4802,5,7.838870e-04,0.19681,0.0521
4803,5,7.835163e-04,0.23611,0.0796
4804,5,7.831457e-04,0.19463,0.0544
4805,5,7.827751e-04,0.17873,0.0458
4806,5,7.824046e-04,0.17100,0.0514
4807,5,7.820341e-04,0.17175,0.0494
4808,5,7.816637e-04,0.16993,0.0554
4809,5,7.812933e-04,0.16573,0.0496
4810,5,7.809229e-04,0.21215,0.0585
4811,5,7.805526e-04,0.16255,0.0470
4812,5,7.801823e-04,0.15544,0.0497
4813,5,7.798121e-04,0.18375,0.0575
4814,5,7.794419e-04,0.17626,0.0612
4815,5,7.790718e-04,0.15395,0.0521
4816,5,7.787017e-04,0.22969,0.0849
4817,5,7.783317e-04,0.22090,0.0591
4818,5,7.779617e-04,0.15927,0.0526
4819,5,7.775917e-04,0.15788,0.0694
4820,5,7.772218e-04,0.19026,0.0526
4821,5,7.768520e-04,0.19219,0.0488
4822,5,7.764821e-04,0.16223,0.0566
4823,5,7.761124e-04,0.20617,0.0504
4824,5,7.757427e-04,0.16648,0.0485
4825,5,7.753730e-04,0.17297,0.0466
4826,5,7.750033e-04,0.14276,0.0656
4827,5,7.746337e-04,0.16232,0.0493
4828,5,7.742642e-04,0.17127,0.0552
4829,5,7.738947e-04,0.18243,0.0456
4830,5,7.735252e-04,0.17771,0.0452
4831,5,7.731558e-04,0.17626,0.0440
4832,5,7.727865e-04,0.18085,0.0514
4833,5,7.724172e-04,0.15733,0.0445
4834,5,7.720479e-04,0.15551,0.0572
4835,5,7.716787e-04,0.16440,0.0414
4836,5,7.713095e-04,0.20744,0.0575
4837,5,7.709404e-04,0.26336,0.0884
4838,5,7.705713e-04,0.13518,0.0532
4839,5,7.702022e-04,0.17279,0.0464
4840,5,7.698332e-04,0.14707,0.0435
4841,5,7.694643e-04,0.16385,0.0481
4842,5,7.690954e-04,0.16041,0.0439
4843,5,7.687265e-04,0.19486,0.0663
4844,5,7.683577e-04,0.17280,0.0590
4845,5,7.679890e-04,0.15623,0.0540
4846,5,7.676202e-04,0.21215,0.0597
4847,5,7.672516e-04,0.18092,0.0557
4848,5,7.668830e-04,0.21419,0.0584
4849,5,7.665144e-04,0.21993,0.0633
4850,5,7.661459e-04,0.14681,0.0476
4851,5,7.657774e-04,0.24832,0.0725
4852,5,7.654089e-04,0.18041,0.0525
4853,5,7.650405e-04,0.15722,0.0471
4854,5,7.646722e-04,0.17701,0.0453
4855,5,7.643039e-04,0.18879,0.0453
4856,5,7.639357e-04,0.19990,0.0542
4857,5,7.635675e-04,0.16641,0.0444
4858,5,7.631993e-04,0.14419,0.0433
4859,5,7.628312e-04,0.21209,0.0497
4860,5,7.624632e-04,0.18974,0.0501
4861,5,7.620952e-04,0.15308,0.0449
4862,5,7.617272e-04,0.18368,0.0481
4863,5,7.613593e-04,0.22077,0.0809
4864,5,7.609914e-04,0.17120,0.0405
4865,5,7.606236e-04,0.18442,0.0483
4866,5,7.602558e-04,0.18227,0.0514
4867,5,7.598881e-04,0.13168,0.0563
4868,5,7.595204e-04,0.15963,0.0447
4869,5,7.591528e-04,0.20907,0.0546
4870,5,7.587852e-04,0.17633,0.0542
4871,5,7.584177e-04,0.12101,0.0569
4872,5,7.580502e-04,0.16653,0.0507
4873,5,7.576828e-04,0.16657,0.0475
4874,5,7.573154e-04,0.17224,0.0468
4875,5,7.569480e-04,0.22463,0.0672
4876,5,7.565808e-04,0.15045,0.0534
4877,5,7.562135e-04,0.19398,0.0547
4878,5,7.558463e-04,0.12846,0.0560
4879,5,7.554792e-04,0.18234,0.0469
4880,5,7.551121e-04,0.18460,0.0706
4881,5,7.547450e-04,0.16048,0.0414
4882,5,7.543780e-04,0.21672,0.0721
4883,5,7.540111e-04,0.23384,0.0657
4884,5,7.536442e-04,0.21784,0.0662
4885,5,7.532773e-04,0.18249,0.0478
4886,5,7.529105e-04,0.17443,0.0638
4887,5,7.525438e-04,0.17006,0.0580
4888,5,7.521771e-04,0.16073,0.0657
4889,5,7.518104e-04,0.14648,0.0455
4890,5,7.514438e-04,0.16483,0.0479
4891,5,7.510773e-04,0.16857,0.0492
4892,5,7.507108e-04,0.19690,0.0537
4893,5,7.503443e-04,0.16972,0.0552
4894,5,7.499779e-04,0.17431,0.0727
4895,5,7.496115e-04,0.17094,0.0464
4896,5,7.492452e-04,0.17778,0.0619
4897,5,7.488790e-04,0.17369,0.0600
4898,5,7.485128e-04,0.20048,0.0626
4899,5,7.481466e-04,0.18398,0.0531
4900,5,7.477805e-04,0.15401,0.0592
4901,5,7.474144e-04,0.19123,0.0508
4902,5,7.470484e-04,0.18760,0.0539
4903,5,7.466825e-04,0.15310,0.0442
4904,5,7.463166e-04,0.13295,0.0700
4905,5,7.459507e-04,0.20367,0.0524
4906,5,7.455849e-04,0.20536,0.0564
4907,5,7.452191e-04,0.21441,0.0725
4908,5,7.448534e-04,0.12198,0.0631
4909,5,7.444878e-04,0.19232,0.0536
4910,5,7.441222e-04,0.18198,0.0534
4911,5,7.437566e-04,0.21441,0.0646
4912,5,7.433911e-04,0.12709,0.0456
4913,5,7.430257e-04,0.16148,0.0443
4914,5,7.426602e-04,0.16070,0.0409
4915,5,7.422949e-04,0.15420,0.0441
4916,5,7.419296e-04,0.15574,0.0379
4917,5,7.415643e-04,0.17135,0.0510
4918,5,7.411991e-04,0.22915,0.0662
4919,5,7.408340e-04,0.16913,0.0556
4920,5,7.404689e-04,0.24367,0.0795
4921,5,7.401038e-04,0.21603,0.0700
4922,5,7.397388e-04,0.17568,0.0454
4923,5,7.393739e-04,0.17829,0.0514
4924,5,7.390090e-04,0.16530,0.0407
4925,5,7.386442e-04,0.14764,0.0550
4926,5,7.382794e-04,0.12654,0.0459
4927,5,7.379146e-04,0.20421,0.0592
4928,5,7.375499e-04,0.17584,0.0649
4929,5,7.371853e-04,0.20581,0.0794
4930,5,7.368207e-04,0.17796,0.0572
4931,5,7.364562e-04,0.18208,0.0845
4932,5,7.360917e-04,0.16062,0.0449
4933,5,7.357273e-04,0.20745,0.0594
4934,5,7.353629e-04,0.15649,0.0531
4935,5,7.349986e-04,0.17240,0.0551
4936,5,7.346343e-04,0.19717,0.0414
4937,5,7.342701e-04,0.18353,0.0540
4938,5,7.339059e-04,0.20261,0.0636
4939,5,7.335418e-04,0.19183,0.0540
4940,5,7.331777e-04,0.19973,0.0629
4941,5,7.328137e-04,0.20000,0.0455
4942,5,7.324498e-04,0.18198,0.0573
4943,5,7.320859e-04,0.15118,0.0615
4944,5,7.317220e-04,0.15606,0.0458
4945,5,7.313582e-04,0.18375,0.0492
4946,5,7.309944e-04,0.18767,0.0540
4947,5,7.306307e-04,0.19579,0.0466
4948,5,7.302671e-04,0.15713,0.0609
4949,5,7.299035e-04,0.20453,0.0662
4950,5,7.295400e-04,0.18735,0.0444
4951,5,7.291765e-04,0.16527,0.0424
4952,5,7.288131e-04,0.16121,0.0441
4953,5,7.284497e-04,0.17155,0.0449
4954,5,7.280864e-04,0.17855,0.0530
4955,5,7.277231e-04,0.16060,0.0524
4956,5,7.273599e-04,0.16170,0.0560
4957,5,7.269967e-04,0.15538,0.0447
4958,5,7.266336e-04,0.16816,0.0444
4959,5,7.262705e-04,0.19900,0.0525
4960,5,7.259075e-04,0.15875,0.0533
4961,5,7.255446e-04,0.15752,0.0495
4962,5,7.251817e-04,0.17405,0.0596
4963,5,7.248188e-04,0.17650,0.0527
4964,5,7.244560e-04,0.21545,0.0628
4965,5,7.240933e-04,0.23845,0.0764
4966,5,7.237306e-04,0.19991,0.0577
4967,5,7.233680e-04,0.15643,0.0565
4968,5,7.230054e-04,0.19706,0.0568
4969,5,7.226429e-04,0.25038,0.0910
4970,5,7.222804e-04,0.15097,0.0497
4971,5,7.219180e-04,0.15423,0.0502
4972,5,7.215556e-04,0.18347,0.0451
4973,5,7.211933e-04,0.19075,0.0600
4974,5,7.208311e-04,0.22102,0.0751
4975,5,7.204689e-04,0.14167,0.0591
4976,5,7.201067e-04,0.18342,0.0471
4977,5,7.197446e-04,0.14617,0.0420
4978,5,7.193826e-04,0.13958,0.0776
4979,5,7.190206e-04,0.17491,0.0722
4980,6,7.186587e-04,0.15836,0.0488
4981,6,7.182968e-04,0.18256,0.0750
4982,6,7.179350e-04,0.17969,0.0467
4983,6,7.175733e-04,0.13649,0.0509
4984,6,7.172116e-04,0.15198,0.0784
4985,6,7.168499e-04,0.12945,0.0565
4986,6,7.164883e-04,0.19770,0.0518
4987,6,7.161268e-04,0.18609,0.0650
4988,6,7.157653e-04,0.17562,0.0465
4989,6,7.154039e-04,0.20784,0.0907
4990,6,7.150425e-04,0.20220,0.0778
4991,6,7.146812e-04,0.18889,0.0469
4992,6,7.143199e-04,0.20918,0.0790
4993,6,7.139587e-04,0.18708,0.0481
4994,6,7.135975e-04,0.16235,0.0466
4995,6,7.132365e-04,0.18000,0.0467
4996,6,7.128754e-04,0.16735,0.0500
4997,6,7.125144e-04,0.16177,0.0536
4998,6,7.121535e-04,0.15340,0.0436
4999,6,7.117926e-04,0.18091,0.0703
5000,6,7.114318e-04,0.13518,0.0584
5001,6,7.110710e-04,0.16317,0.0582
5002,6,7.107103e-04,0.17632,0.0615
5003,6,7.103497e-04,0.17039,0.0436
5004,6,7.099891e-04,0.17822,0.0550
5005,6,7.096286e-04,0.18923,0.0605
5006,6,7.092681e-04,0.20411,0.0626
5007,6,7.089077e-04,0.18526,0.0528
5008,6,7.085473e-04,0.17855,0.0486
5009,6,7.081870e-04,0.16083,0.0742
5010,6,7.078267e-04,0.18450,0.0590
5011,6,7.074665e-04,0.17232,0.0527
5012,6,7.071064e-04,0.18339,0.0489
5013,6,7.067463e-04,0.17942,0.0455
5014,6,7.063863e-04,0.17969,0.0628
5015,6,7.060263e-04,0.16051,0.0493
5016,6,7.056664e-04,0.16618,0.0492
5017,6,7.053065e-04,0.17674,0.0483
5018,6,7.049467e-04,0.18122,0.0508
5019,6,7.045870e-04,0.18375,0.0585
5020,6,7.042273e-04,0.18887,0.0624
5021,6,7.038676e-04,0.16863,0.0524
5022,6,7.035081e-04,0.16799,0.0470
5023,6,7.031486e-04,0.19773,0.0629
5024,6,7.027891e-04,0.20827,0.0678
5025,6,7.024297e-04,0.15532,0.0626
5026,6,7.020704e-04,0.18079,0.0464
5027,6,7.017111e-04,0.15461,0.0558
5028,6,7.013518e-04,0.17936,0.0536
5029,6,7.009927e-04,0.18465,0.0524
5030,6,7.006336e-04,0.19120,0.0511
5031,6,7.002745e-04,0.18824,0.0661
5032,6,6.999155e-04,0.15053,0.0486
5033,6,6.995566e-04,0.16905,0.0424
5034,6,6.991977e-04,0.16322,0.0472
5035,6,6.988388e-04,0.17345,0.0461
5036,6,6.984801e-04,0.17473,0.0506
5037,6,6.981214e-04,0.17078,0.0455
5038,6,6.977627e-04,0.21796,0.0637
5039,6,6.974041e-04,0.18399,0.0473
5040,6,6.970456e-04,0.18994,0.0550
5041,6,6.966871e-04,0.19579,0.0587
5042,6,6.963287e-04,0.13989,0.0435
5043,6,6.959703e-04,0.19178,0.0547
5044,6,6.956120e-04,0.16661,0.0474
5045,6,6.952538e-04,0.15123,0.0422
5046,6,6.948956e-04,0.16330,0.0388
5047,6,6.945375e-04,0.14404,0.0441
5048,6,6.941794e-04,0.19460,0.0557
5049,6,6.938214e-04,0.18435,0.0481
5050,6,6.934635e-04,0.18103,0.0507
5051,6,6.931056e-04,0.15997,0.0568
5052,6,6.927478e-04,0.16454,0.0547
5053,6,6.923900e-04,0.15250,0.0457
5054,6,6.920323e-04,0.16188,0.0427
5055,6,6.916746e-04,0.16897,0.0535
5056,6,6.913170e-04,0.14316,0.0555
5057,6,6.909595e-04,0.17264,0.0478
5058,6,6.906020e-04,0.14437,0.0472
5059,6,6.902446e-04,0.17461,0.0543
5060,6,6.898872e-04,0.16846,0.0489
5061,6,6.895299e-04,0.20458,0.0540
5062,6,6.891727e-04,0.18511,0.0615
5063,6,6.888155e-04,0.20273,0.0582
5064,6,6.884584e-04,0.19929,0.0521
5065,6,6.881014e-04,0.16008,0.0471
5066,6,6.877444e-04,0.17928,0.0560
5067,6,6.873874e-04,0.22754,0.0696
5068,6,6.870305e-04,0.15587,0.0471
5069,6,6.866737e-04,0.16676,0.0482
5070,6,6.863170e-04,0.21456,0.0706
5071,6,6.859603e-04,0.14546,0.0508
5072,6,6.856036e-04,0.18004,0.0510
5073,6,6.852470e-04,0.19848,0.0662
5074,6,6.848905e-04,0.14758,0.0421
5075,6,6.845341e-04,0.19679,0.0555
5076,6,6.841777e-04,0.16348,0.0472
5077,6,6.838213e-04,0.19783,0.0540
5078,6,6.834651e-04,0.21116,0.0586
5079,6,6.831088e-04,0.15592,0.0504
5080,6,6.827527e-04,0.22792,0.0662
5081,6,6.823966e-04,0.19621,0.0769
5082,6,6.820406e-04,0.19580,0.0653
5083,6,6.816846e-04,0.17180,0.0435
5084,6,6.813287e-04,0.16843,0.0651
5085,6,6.809728e-04,0.20591,0.0639
5086,6,6.806170e-04,0.17078,0.0463
5087,6,6.802613e-04,0.18211,0.0556
5088,6,6.799056e-04,0.21569,0.0649
5089,6,6.795500e-04,0.20213,0.0635
5090,6,6.791945e-04,0.16444,0.0438
5091,6,6.788390e-04,0.21345,0.0553
5092,6,6.784836e-04,0.20789,0.0559
5093,6,6.781282e-04,0.18678,0.0642
5094,6,6.777729e-04,0.20229,0.0425
5095,6,6.774177e-04,0.18575,0.0481
5096,6,6.770625e-04,0.14923,0.0503
5097,6,6.767074e-04,0.18494,0.0408
5098,6,6.763523e-04,0.24611,0.0795
5099,6,6.759973e-04,0.19345,0.0435
5100,6,6.756424e-04,0.17536,0.0521
5101,6,6.752875e-04,0.14185,0.0530
5102,6,6.749327e-04,0.18100,0.0529
5103,6,6.745780e-04,0.20590,0.0632
5104,6,6.742233e-04,0.16255,0.0566
5105,6,6.738687e-04,0.17900,0.0660
5106,6,6.735141e-04,0.17311,0.0406
5107,6,6.731596e-04,0.13706,0.0490
5108,6,6.728052e-04,0.15529,0.0398
5109,6,6.724508e-04,0.24408,0.1145
5110,6,6.720965e-04,0.18354,0.0925
5111,6,6.717423e-04,0.17488,0.0587
5112,6,6.713881e-04,0.19038,0.0520
5113,6,6.710340e-04,0.20418,0.0502
5114,6,6.706799e-04,0.15885,0.0931
5115,6,6.703259e-04,0.21441,0.0847
5116,6,6.699720e-04,0.17295,0.0663
5117,6,6.696181e-04,0.19708,0.0432
5118,6,6.692643e-04,0.18621,0.0623
5119,6,6.689105e-04,0.17042,0.0481
5120,6,6.685569e-04,0.15154,0.0443
5121,6,6.682032e-04,0.18575,0.0528
5122,6,6.678497e-04,0.18419,0.0536
5123,6,6.674962e-04,0.17238,0.0543
5124,6,6.671428e-04,0.15951,0.0535
5125,6,6.667894e-04,0.22437,0.0708
5126,6,6.664361e-04,0.18045,0.0497
5127,6,6.660828e-04,0.18404,0.0551
5128,6,6.657297e-04,0.14467,0.0442
5129,6,6.653766e-04,0.22935,0.0651
5130,6,6.650235e-04,0.19729,0.0566
5131,6,6.646705e-04,0.18874,0.0474
5132,6,6.643176e-04,0.20677,0.0585
5133,6,6.639647e-04,0.15960,0.0500
5134,6,6.636119e-04,0.17401,0.0524
5135,6,6.632592e-04,0.21717,0.0641
5136,6,6.629065e-04,0.19494,0.0546
5137,6,6.625539e-04,0.17215,0.0593
5138,6,6.622014e-04,0.16456,0.0523
5139,6,6.618489e-04,0.16754,0.0463
5140,6,6.614965e-04,0.14608,0.0441
5141,6,6.611442e-04,0.17719,0.0414
5142,6,6.607919e-04,0.20090,0.0539
5143,6,6.604397e-04,0.15491,0.0587
5144,6,6.600875e-04,0.24191,0.0726
5145,6,6.597354e-04,0.19862,0.0471
5146,6,6.593834e-04,0.18372,0.0574
5147,6,6.590314e-04,0.20052,0.0559
5148,6,6.586795e-04,0.17198,0.0434
5149,6,6.583277e-04,0.15321,0.0576
5150,6,6.579760e-04,0.17293,0.0557
5151,6,6.576243e-04,0.17658,0.0504
5152,6,6.572726e-04,0.15045,0.0558
5153,6,6.569210e-04,0.15513,0.0527
5154,6,6.565695e-04,0.20312,0.0555
5155,6,6.562181e-04,0.18606,0.0514
5156,6,6.558667e-04,0.15018,0.0549
5157,6,6.555154e-04,0.17424,0.0483
5158,6,6.551642e-04,0.17714,0.0577
5159,6,6.548130e-04,0.21841,0.0635
5160,6,6.544619e-04,0.27893,0.1015
5161,6,6.541108e-04,0.19210,0.0585
5162,6,6.537598e-04,0.15601,0.0526
5163,6,6.534089e-04,0.15856,0.0439
5164,6,6.530580e-04,0.16619,0.0479
5165,6,6.527073e-04,0.18762,0.0521
5166,6,6.523565e-04,0.17942,0.0510
5167,6,6.520059e-04,0.17077,0.0455
5168,6,6.516553e-04,0.15206,0.0525
5169,6,6.513048e-04,0.19130,0.0688
5170,6,6.509543e-04,0.15995,0.0532
5171,6,6.506039e-04,0.15975,0.0533
5172,6,6.502536e-04,0.13793,0.0461
5173,6,6.499033e-04,0.14933,0.0651
5174,6,6.495531e-04,0.18006,0.0463
5175,6,6.492030e-04,0.17805,0.0634
5176,6,6.488529e-04,0.14843,0.0497
5177,6,6.485029e-04,0.16425,0.0418
5178,6,6.481530e-04,0.21724,0.0554
5179,6,6.478031e-04,0.16514,0.0485
5180,6,6.474533e-04,0.19450,0.0523
5181,6,6.471036e-04,0.14562,0.0443
5182,6,6.467539e-04,0.18479,0.0504
5183,6,6.464043e-04,0.23512,0.0670
5184,6,6.460548e-04,0.17838,0.0594
5185,6,6.457053e-04,0.16020,0.0784
5186,6,6.453559e-04,0.15193,0.0449
5187,6,6.450066e-04,0.21259,0.0562
5188,6,6.446574e-04,0.15004,0.0464
5189,6,6.443082e-04,0.19655,0.0504
5190,6,6.439590e-04,0.18461,0.0531
5191,6,6.436100e-04,0.19451,0.0614
5192,6,6.432610e-04,0.15385,0.0734
5193,6,6.429120e-04,0.20617,0.0697
5194,6,6.425632e-04,0.16108,0.0535
5195,6,6.422144e-04,0.19301,0.0532
5196,6,6.418656e-04,0.17700,0.0524
5197,6,6.415170e-04,0.15424,0.0437
5198,6,6.411684e-04,0.19177,0.0558
5199,6,6.408199e-04,0.19765,0.0543
5200,6,6.404714e-04,0.18201,0.0541
5201,6,6.401230e-04,0.15256,0.0510
5202,6,6.397747e-04,0.16102,0.0509
5203,6,6.394265e-04,0.17011,0.0645
5204,6,6.390783e-04,0.19054,0.0602
5205,6,6.387301e-04,0.15974,0.0576
5206,6,6.383821e-04,0.18579,0.0462
5207,6,6.380341e-04,0.20581,0.0594
5208,6,6.376862e-04,0.17863,0.0374
5209,6,6.373384e-04,0.16941,0.0632
5210,6,6.369906e-04,0.20206,0.0496
5211,6,6.366429e-04,0.17180,0.0575
5212,6,6.362952e-04,0.11645,0.0559
5213,6,6.359477e-04,0.19682,0.0501
5214,6,6.356001e-04,0.19455,0.0761
5215,6,6.352527e-04,0.28693,0.0999
5216,6,6.349053e-04,0.19790,0.0549
5217,6,6.345580e-04,0.16677,0.0767
5218,6,6.342108e-04,0.17412,0.0441
5219,6,6.338637e-04,0.18383,0.0599
5220,6,6.335166e-04,0.16891,0.0527
5221,6,6.331695e-04,0.17728,0.0721
5222,6,6.328226e-04,0.19392,0.0561
5223,6,6.324757e-04,0.21030,0.0574
5224,6,6.321289e-04,0.19340,0.0708
5225,6,6.317821e-04,0.14275,0.0541
5226,6,6.314355e-04,0.15149,0.0548
5227,6,6.310888e-04,0.17410,0.0720
5228,6,6.307423e-04,0.21149,0.0777
5229,6,6.303958e-04,0.20771,0.0552
5230,6,6.300494e-04,0.16185,0.0448
5231,6,6.297031e-04,0.19940,0.0528
5232,6,6.293568e-04,0.18254,0.0508
5233,6,6.290106e-04,0.15954,0.0403
5234,6,6.286645e-04,0.18240,0.0448
5235,6,6.283185e-04,0.15535,0.0733
5236,6,6.279725e-04,0.18141,0.0637
5237,6,6.276266e-04,0.17807,0.0580
5238,6,6.272807e-04,0.16050,0.0526
5239,6,6.269349e-04,0.16325,0.0511
5240,6,6.265892e-04,0.17147,0.0403
5241,6,6.262436e-04,0.13808,0.0611
5242,6,6.258980e-04,0.18162,0.0460
5243,6,6.255525e-04,0.19618,0.0550
5244,6,6.252071e-04,0.19005,0.0474
5245,6,6.248617e-04,0.18665,0.0604
5246,6,6.245165e-04,0.16959,0.0886
5247,6,6.241712e-04,0.14701,0.0512
5248,6,6.238261e-04,0.18397,0.0459
5249,6,6.234810e-04,0.14386,0.0492
5250,6,6.231360e-04,0.17086,0.0494
5251,6,6.227911e-04,0.16366,0.0647
5252,6,6.224462e-04,0.13933,0.0476
5253,6,6.221014e-04,0.14562,0.0538
5254,6,6.217567e-04,0.18930,0.0467
5255,6,6.214121e-04,0.15892,0.0627
5256,6,6.210675e-04,0.16272,0.0456
5257,6,6.207230e-04,0.19697,0.0439
5258,6,6.203785e-04,0.14242,0.0473
5259,6,6.200342e-04,0.18373,0.0552
5260,6,6.196899e-04,0.14078,0.0712
5261,6,6.193457e-04,0.18416,0.0435
5262,6,6.190015e-04,0.17702,0.0625
5263,6,6.186574e-04,0.20189,0.0740
5264,6,6.183134e-04,0.20229,0.0662
5265,6,6.179695e-04,0.20043,0.0565
5266,6,6.176256e-04,0.15613,0.0509
5267,6,6.172818e-04,0.14099,0.0581
5268,6,6.169381e-04,0.21226,0.0545
5269,6,6.165944e-04,0.14524,0.0497
5270,6,6.162508e-04,0.18978,0.0457
5271,6,6.159073e-04,0.16933,0.0583
5272,6,6.155639e-04,0.15034,0.0535
5273,6,6.152205e-04,0.16295,0.0529
5274,6,6.148772e-04,0.21365,0.0635
5275,6,6.145340e-04,0.20196,0.0531
5276,6,6.141909e-04,0.13227,0.0576
5277,6,6.138478e-04,0.21263,0.1009
5278,6,6.135048e-04,0.23558,0.0941
5279,6,6.131618e-04,0.17377,0.0513
5280,6,6.128190e-04,0.15666,0.0557
5281,6,6.124762e-04,0.16730,0.0617
5282,6,6.121335e-04,0.19906,0.0694
5283,6,6.117908e-04,0.16480,0.0638
5284,6,6.114482e-04,0.15150,0.0512
5285,6,6.111057e-04,0.16384,0.0437
5286,6,6.107633e-04,0.21320,0.0898
5287,6,6.104209e-04,0.18668,0.0482
5288,6,6.100787e-04,0.16104,0.0390
5289,6,6.097365e-04,0.17039,0.0545
5290,6,6.093943e-04,0.17785,0.0452
5291,6,6.090522e-04,0.14104,0.0587
5292,6,6.087103e-04,0.15964,0.0489
5293,6,6.083683e-04,0.14598,0.0504
5294,6,6.080265e-04,0.18686,0.0450
5295,6,6.076847e-04,0.19414,0.0453
5296,6,6.073430e-04,0.18910,0.0586
5297,6,6.070014e-04,0.15115,0.0561
5298,6,6.066598e-04,0.17501,0.0501
5299,6,6.063184e-04,0.16973,0.0516
5300,6,6.059769e-04,0.16813,0.0584
5301,6,6.056356e-04,0.18554,0.0511
5302,6,6.052943e-04,0.18126,0.0450
5303,6,6.049532e-04,0.20697,0.0722
5304,6,6.046120e-04,0.22948,0.0625
5305,6,6.042710e-04,0.18738,0.0490
5306,6,6.039300e-04,0.16560,0.0450
5307,6,6.035891e-04,0.13768,0.0478
5308,6,6.032483e-04,0.16484,0.0456
5309,6,6.029076e-04,0.16472,0.0491
5310,6,6.025669e-04,0.17480,0.0388
5311,6,6.022263e-04,0.15892,0.0429
5312,6,6.018858e-04,0.16643,0.0464
5313,6,6.015453e-04,0.17192,0.0501
5314,6,6.012050e-04,0.22002,0.0608
5315,6,6.008647e-04,0.18007,0.0538
5316,6,6.005244e-04,0.21884,0.0672
5317,6,6.001843e-04,0.18055,0.0453
5318,6,5.998442e-04,0.17230,0.0483
5319,6,5.995042e-04,0.15463,0.0454
5320,6,5.991643e-04,0.14862,0.0653
5321,6,5.988244e-04,0.16968,0.0465
5322,6,5.984846e-04,0.19398,0.0511
5323,6,5.981449e-04,0.20428,0.0700
5324,6,5.978053e-04,0.18484,0.0487
5325,6,5.974657e-04,0.19633,0.0461
5326,6,5.971263e-04,0.18151,0.0443
5327,6,5.967868e-04,0.17490,0.0428
5328,6,5.964475e-04,0.21158,0.0457
5329,6,5.961083e-04,0.15767,0.0421
5330,6,5.957691e-04,0.20465,0.0608
5331,6,5.954300e-04,0.17207,0.0434
5332,6,5.950909e-04,0.18191,0.0523
5333,6,5.947520e-04,0.18160,0.0458
5334,6,5.944131e-04,0.17824,0.0471
5335,6,5.940743e-04,0.18755,0.0460
5336,6,5.937356e-04,0.19678,0.0803
5337,6,5.933969e-04,0.22557,0.0765
5338,6,5.930583e-04,0.14641,0.0521
5339,6,5.927198e-04,0.19351,0.0802
5340,6,5.923814e-04,0.21418,0.0639
5341,6,5.920430e-04,0.19365,0.0728
5342,6,5.917048e-04,0.18650,0.0598
5343,6,5.913665e-04,0.17888,0.0487
5344,6,5.910284e-04,0.15536,0.0624
5345,6,5.906904e-04,0.16677,0.0489
5346,6,5.903524e-04,0.16375,0.0428
5347,6,5.900145e-04,0.18261,0.0638
5348,6,5.896767e-04,0.16741,0.0561
5349,6,5.893389e-04,0.17959,0.0591
5350,6,5.890013e-04,0.18986,0.0489
5351,6,5.886637e-04,0.14363,0.0573
5352,6,5.883261e-04,0.21278,0.0612
5353,6,5.879887e-04,0.18989,0.0518
5354,6,5.876513e-04,0.19916,0.0540
5355,6,5.873140e-04,0.15972,0.0479
5356,6,5.869768e-04,0.16673,0.0605
5357,6,5.866397e-04,0.21241,0.0690
5358,6,5.863026e-04,0.14806,0.0523
5359,6,5.859656e-04,0.18340,0.0475
5360,6,5.856287e-04,0.12932,0.0582
5361,6,5.852919e-04,0.19695,0.0787
5362,6,5.849552e-04,0.13470,0.0546
5363,6,5.846185e-04,0.16469,0.0477
5364,6,5.842819e-04,0.19119,0.0455
5365,6,5.839454e-04,0.18135,0.0617
5366,6,5.836089e-04,0.19498,0.0661
5367,6,5.832725e-04,0.16409,0.0608
5368,6,5.829363e-04,0.18639,0.0655
5369,6,5.826000e-04,0.15083,0.0447
5370,6,5.822639e-04,0.15679,0.0539
5371,6,5.819278e-04,0.19677,0.0537
5372,6,5.815919e-04,0.16010,0.0513
5373,6,5.812560e-04,0.15910,0.0433
5374,6,5.809201e-04,0.19848,0.0578
5375,6,5.805844e-04,0.20954,0.0572
5376,6,5.802487e-04,0.13966,0.0483
5377,6,5.799131e-04,0.19210,0.0460
5378,6,5.795776e-04,0.13929,0.0446
5379,6,5.792422e-04,0.18538,0.0540
5380,6,5.789068e-04,0.19746,0.0517
5381,6,5.785715e-04,0.15861,0.0590
5382,6,5.782363e-04,0.19054,0.0555
5383,6,5.779012e-04,0.18376,0.0534
5384,6,5.775661e-04,0.20695,0.0718
5385,6,5.772311e-04,0.17451,0.0453
5386,6,5.768963e-04,0.20701,0.0604
5387,6,5.765614e-04,0.20573,0.0571
5388,6,5.762267e-04,0.17630,0.0513
5389,6,5.758920e-04,0.21682,0.0765
5390,6,5.755575e-04,0.17490,0.0523
5391,6,5.752230e-04,0.19084,0.0525
5392,6,5.748885e-04,0.15706,0.0497
5393,6,5.745542e-04,0.15879,0.0752
5394,6,5.742199e-04,0.16355,0.0541
5395,6,5.738857e-04,0.21561,0.0615
5396,6,5.735516e-04,0.16101,0.0455
5397,6,5.732176e-04,0.17922,0.0603
5398,6,5.728836e-04,0.16977,0.0444
5399,6,5.725498e-04,0.16289,0.0489
5400,6,5.722160e-04,0.13999,0.0561
5401,6,5.718823e-04,0.14794,0.0399
5402,6,5.715486e-04,0.16214,0.0464
5403,6,5.712151e-04,0.18356,0.0471
5404,6,5.708816e-04,0.20047,0.0642
5405,6,5.705482e-04,0.19421,0.0460
5406,6,5.702149e-04,0.16953,0.0487
5407,6,5.698816e-04,0.20867,0.0590
5408,6,5.695485e-04,0.20471,0.0572
5409,6,5.692154e-04,0.16053,0.0536
5410,6,5.688824e-04,0.13652,0.0398
5411,6,5.685495e-04,0.15305,0.0555
5412,6,5.682166e-04,0.16608,0.0426
5413,6,5.678838e-04,0.18626,0.0689
5414,6,5.675512e-04,0.17397,0.0607
5415,6,5.672186e-04,0.20702,0.0645
5416,6,5.668860e-04,0.17496,0.0626
5417,6,5.665536e-04,0.17757,0.0904
5418,6,5.662212e-04,0.17832,0.0441
5419,6,5.658889e-04,0.15954,0.0438
5420,6,5.655567e-04,0.23081,0.0783
5421,6,5.652246e-04,0.19367,0.0495
5422,6,5.648926e-04,0.18978,0.0456
5423,6,5.645606e-04,0.19059,0.0477
5424,6,5.642287e-04,0.15466,0.0666
5425,6,5.638969e-04,0.17368,0.0484
5426,6,5.635652e-04,0.16637,0.0443
5427,6,5.632335e-04,0.18149,0.0443
5428,6,5.629020e-04,0.20684,0.0522
5429,6,5.625705e-04,0.16505,0.0567
5430,6,5.622391e-04,0.12560,0.0589
5431,6,5.619078e-04,0.18270,0.0481
5432,6,5.615765e-04,0.17839,0.0479
5433,6,5.612454e-04,0.18999,0.0473
5434,6,5.609143e-04,0.17301,0.0517
5435,6,5.605833e-04,0.16376,0.0493
5436,6,5.602524e-04,0.15504,0.0950
5437,6,5.599215e-04,0.14480,0.0473
5438,6,5.595908e-04,0.17555,0.0469
5439,6,5.592601e-04,0.18374,0.0552
5440,6,5.589295e-04,0.15459,0.0465
5441,6,5.585990e-04,0.17831,0.0614
5442,6,5.582686e-04,0.16910,0.0639
5443,6,5.579382e-04,0.17677,0.0593
5444,6,5.576079e-04,0.12532,0.0508
5445,6,5.572777e-04,0.19371,0.0972
5446,6,5.569476e-04,0.20336,0.0684
5447,6,5.566176e-04,0.16417,0.0790
5448,6,5.562877e-04,0.17196,0.0416
5449,6,5.559578e-04,0.16582,0.0464
5450,6,5.556280e-04,0.19846,0.0532
5451,6,5.552983e-04,0.16835,0.0442
5452,6,5.549687e-04,0.18911,0.0481
5453,6,5.546392e-04,0.16484,0.0524
5454,6,5.543097e-04,0.19834,0.0562
5455,6,5.539803e-04,0.20299,0.0504
5456,6,5.536511e-04,0.17440,0.0497
5457,6,5.533218e-04,0.15574,0.0529
5458,6,5.529927e-04,0.16470,0.0407
5459,6,5.526637e-04,0.14692,0.0723
5460,6,5.523347e-04,0.21283,0.0676
5461,6,5.520058e-04,0.16369,0.0488
5462,6,5.516770e-04,0.19143,0.0625
5463,6,5.513483e-04,0.19481,0.0477
5464,6,5.510197e-04,0.16716,0.0435
5465,6,5.506911e-04,0.18233,0.0640
5466,6,5.503627e-04,0.13829,0.0531
5467,6,5.500343e-04,0.17238,0.0477
5468,6,5.497060e-04,0.19543,0.0483
5469,6,5.493778e-04,0.17863,0.0482
5470,6,5.490496e-04,0.15846,0.0469
5471,6,5.487216e-04,0.15253,0.0427
5472,6,5.483936e-04,0.16434,0.0484
5473,6,5.480657e-04,0.15014,0.0553
5474,6,5.477379e-04,0.16283,0.0462
5475,6,5.474102e-04,0.22316,0.0607
5476,6,5.470826e-04,0.19375,0.0633
5477,6,5.467550e-04,0.18667,0.0705
5478,6,5.464275e-04,0.19253,0.0584
5479,6,5.461001e-04,0.14830,0.0487
5480,6,5.457728e-04,0.16565,0.0769
5481,6,5.454456e-04,0.16783,0.0494
5482,6,5.451185e-04,0.17517,0.0517
5483,6,5.447914e-04,0.15044,0.0580
5484,6,5.444644e-04,0.18988,0.0556
5485,6,5.441375e-04,0.17047,0.0612
5486,6,5.438107e-04,0.19321,0.0684
5487,6,5.434840e-04,0.18352,0.0448
5488,6,5.431574e-04,0.16313,0.0750
5489,6,5.428308e-04,0.17844,0.0495
5490,6,5.425044e-04,0.16067,0.0453
5491,6,5.421780e-04,0.18826,0.0526
5492,6,5.418517e-04,0.20068,0.0469
5493,6,5.415254e-04,0.18280,0.0419
5494,6,5.411993e-04,0.14392,0.0559
5495,6,5.408733e-04,0.19541,0.0730
5496,6,5.405473e-04,0.23329,0.0792
5497,6,5.402214e-04,0.16769,0.0533
5498,6,5.398956e-04,0.18045,0.0447
5499,6,5.395699e-04,0.16733,0.0476
5500,6,5.392443e-04,0.14036,0.0540
5501,6,5.389187e-04,0.19727,0.0606
5502,6,5.385933e-04,0.16552,0.0544
5503,6,5.382679e-04,0.16719,0.0458
5504,6,5.379426e-04,0.16853,0.0552
5505,6,5.376174e-04,0.18554,0.0487
5506,6,5.372923e-04,0.20710,0.0577
5507,6,5.369672e-04,0.14968,0.0467
5508,6,5.366423e-04,0.16872,0.0486
5509,6,5.363174e-04,0.14893,0.0442
5510,6,5.359926e-04,0.14568,0.0496
5511,6,5.356679e-04,0.17608,0.0590
5512,6,5.353433e-04,0.17093,0.0432
5513,6,5.350188e-04,0.20401,0.0561
5514,6,5.346943e-04,0.16767,0.0435
5515,6,5.343700e-04,0.15134,0.0728
5516,6,5.340457e-04,0.19486,0.0698
5517,6,5.337215e-04,0.18585,0.0614
5518,6,5.333974e-04,0.19028,0.0535
5519,6,5.330734e-04,0.17498,0.0525
5520,6,5.327495e-04,0.18017,0.0745
5521,6,5.324256e-04,0.18311,0.0488
5522,6,5.321018e-04,0.15863,0.0489
5523,6,5.317782e-04,0.16764,0.0547
5524,6,5.314546e-04,0.17319,0.0426
5525,6,5.311311e-04,0.19164,0.0674
5526,6,5.308077e-04,0.14622,0.0537
5527,6,5.304843e-04,0.17570,0.0499
5528,6,5.301611e-04,0.19546,0.0518
5529,6,5.298379e-04,0.14324,0.0424
5530,6,5.295148e-04,0.19863,0.0805
5531,6,5.291919e-04,0.20004,0.0491
5532,6,5.288689e-04,0.24704,0.0778
5533,6,5.285461e-04,0.18449,0.0678
5534,6,5.282234e-04,0.21650,0.0582
5535,6,5.279008e-04,0.18476,0.0460
5536,6,5.275782e-04,0.18827,0.0765
5537,6,5.272557e-04,0.16252,0.0446
5538,6,5.269333e-04,0.17903,0.0468
5539,6,5.266110e-04,0.16461,0.0571
5540,6,5.262888e-04,0.16356,0.0437
5541,6,5.259667e-04,0.17133,0.0557
5542,6,5.256447e-04,0.18043,0.0675
5543,6,5.253227e-04,0.16039,0.0512
5544,6,5.250008e-04,0.14751,0.0470
5545,6,5.246791e-04,0.15762,0.0705
5546,6,5.243574e-04,0.18636,0.0582
5547,6,5.240358e-04,0.14371,0.0682
5548,6,5.237142e-04,0.20368,0.0555
5549,6,5.233928e-04,0.20008,0.0456
5550,6,5.230715e-04,0.13503,0.0570
5551,6,5.227502e-04,0.18564,0.0467
5552,6,5.224290e-04,0.17633,0.0451
5553,6,5.221079e-04,0.19637,0.0561
5554,6,5.217870e-04,0.16123,0.0467
5555,6,5.214660e-04,0.17446,0.0545
5556,6,5.211452e-04,0.17137,0.0439
5557,6,5.208245e-04,0.18789,0.0598
5558,6,5.205038e-04,0.16511,0.0728
5559,6,5.201833e-04,0.16012,0.0586
5560,6,5.198628e-04,0.21579,0.0594
5561,6,5.195424e-04,0.17182,0.0403
5562,6,5.192221e-04,0.17565,0.0576
5563,6,5.189019e-04,0.21059,0.0757
5564,6,5.185818e-04,0.16063,0.0427
5565,6,5.182618e-04,0.12566,0.0536
5566,6,5.179418e-04,0.17103,0.0566
5567,6,5.176220e-04,0.20366,0.0635
5568,6,5.173022e-04,0.18343,0.0484
5569,6,5.169825e-04,0.17526,0.0473
5570,6,5.166629e-04,0.18235,0.0453
5571,6,5.163434e-04,0.15983,0.0535
5572,6,5.160240e-04,0.15910,0.0450
5573,6,5.157047e-04,0.18565,0.0587
5574,6,5.153854e-04,0.20639,0.0538
5575,6,5.150663e-04,0.18871,0.0417
5576,6,5.147472e-04,0.23081,0.0731
5577,6,5.144282e-04,0.17400,0.0442
5578,6,5.141093e-04,0.15426,0.0646
5579,6,5.137905e-04,0.14292,0.0410
5580,6,5.134718e-04,0.16949,0.0413
5581,6,5.131532e-04,0.14181,0.0455
5582,6,5.128347e-04,0.21314,0.0518
5583,6,5.125162e-04,0.19994,0.0566
5584,6,5.121979e-04,0.15882,0.0480
5585,6,5.118796e-04,0.15829,0.0675
5586,6,5.115614e-04,0.18426,0.0644
5587,6,5.112433e-04,0.17108,0.0482
5588,6,5.109253e-04,0.17930,0.0640
5589,6,5.106074e-04,0.16394,0.0556
5590,6,5.102896e-04,0.18494,0.0660
5591,6,5.099719e-04,0.16098,0.0431
5592,6,5.096542e-04,0.16694,0.0468
5593,6,5.093367e-04,0.17039,0.0455
5594,6,5.090192e-04,0.19145,0.0799
5595,6,5.087018e-04,0.16914,0.0441
5596,6,5.083845e-04,0.17246,0.0482
5597,6,5.080673e-04,0.11986,0.0503
5598,6,5.077502e-04,0.13822,0.0474
5599,6,5.074332e-04,0.21361,0.0740
5600,6,5.071163e-04,0.16834,0.0581
5601,6,5.067995e-04,0.17420,0.0453
5602,6,5.064827e-04,0.17496,0.0465
5603,6,5.061661e-04,0.16847,0.0491
5604,6,5.058495e-04,0.22366,0.0849
5605,6,5.055330e-04,0.18864,0.0640
5606,6,5.052166e-04,0.20889,0.0703
5607,6,5.049003e-04,0.19806,0.0468
5608,6,5.045841e-04,0.20796,0.0804
5609,6,5.042680e-04,0.15666,0.0504
5610,6,5.039520e-04,0.13215,0.0499
5611,6,5.036360e-04,0.14746,0.0594
5612,6,5.033202e-04,0.18611,0.0492
5613,6,5.030044e-04,0.13348,0.0447
5614,6,5.026887e-04,0.18594,0.0496
5615,6,5.023732e-04,0.19435,0.0538
5616,6,5.020577e-04,0.18460,0.0672
5617,6,5.017423e-04,0.19379,0.0461
5618,6,5.014270e-04,0.17974,0.0384
5619,6,5.011118e-04,0.16627,0.0528
5620,6,5.007966e-04,0.16985,0.0459
5621,6,5.004816e-04,0.13740,0.0477
5622,6,5.001667e-04,0.17360,0.0410
5623,6,4.998518e-04,0.16739,0.0473
5624,6,4.995371e-04,0.18011,0.0496
5625,6,4.992224e-04,0.17375,0.0534
5626,6,4.989078e-04,0.22362,0.0678
5627,6,4.985933e-04,0.21113,0.0621
5628,6,4.982789e-04,0.19237,0.0577
5629,6,4.979646e-04,0.15305,0.0467
5630,6,4.976504e-04,0.17522,0.0573
5631,6,4.973363e-04,0.14196,0.0528
5632,6,4.970223e-04,0.19513,0.0510
5633,6,4.967083e-04,0.21496,0.0622
5634,6,4.963945e-04,0.16781,0.0474
5635,6,4.960807e-04,0.18620,0.0460
5636,6,4.957670e-04,0.19630,0.0593
5637,6,4.954535e-04,0.22445,0.0626
5638,6,4.951400e-04,0.14169,0.0647
5639,6,4.948266e-04,0.18786,0.0559
5640,6,4.945133e-04,0.15753,0.0555
5641,6,4.942001e-04,0.19179,0.0661
5642,6,4.938870e-04,0.16052,0.0444
5643,6,4.935739e-04,0.19357,0.0461
5644,6,4.932610e-04,0.15894,0.0547
5645,6,4.929482e-04,0.23677,0.0760
5646,6,4.926354e-04,0.13073,0.0554
5647,6,4.923228e-04,0.19617,0.0774
5648,6,4.920102e-04,0.21976,0.0575
5649,6,4.916977e-04,0.18840,0.0509
5650,6,4.913854e-04,0.15822,0.0459
5651,6,4.910731e-04,0.18874,0.0489
5652,6,4.907609e-04,0.20434,0.0714
5653,6,4.904488e-04,0.16354,0.0448
5654,6,4.901368e-04,0.19070,0.0821
5655,6,4.898248e-04,0.15692,0.0493
5656,6,4.895130e-04,0.18275,0.0612
5657,6,4.892013e-04,0.16075,0.0499
5658,6,4.888896e-04,0.16724,0.0723
5659,6,4.885781e-04,0.17578,0.0455
5660,6,4.882666e-04,0.15211,0.0566
5661,6,4.879553e-04,0.23178,0.0869
5662,6,4.876440e-04,0.19451,0.0482
5663,6,4.873328e-04,0.14874,0.0439
5664,6,4.870218e-04,0.16282,0.0519
5665,6,4.867108e-04,0.22225,0.0627
5666,6,4.863999e-04,0.15240,0.0452
5667,6,4.860891e-04,0.12909,0.0688
5668,6,4.857784e-04,0.18425,0.0452
5669,6,4.854677e-04,0.16075,0.0444
5670,6,4.851572e-04,0.20591,0.0845
5671,6,4.848468e-04,0.16491,0.0480
5672,6,4.845365e-04,0.17436,0.0445
5673,6,4.842262e-04,0.14947,0.0701
5674,6,4.839161e-04,0.13684,0.0475
5675,6,4.836060e-04,0.19490,0.0454
5676,6,4.832960e-04,0.14280,0.0463
5677,6,4.829862e-04,0.15378,0.0428
5678,6,4.826764e-04,0.17889,0.0474
5679,6,4.823667e-04,0.23443,0.0785
5680,6,4.820571e-04,0.20407,0.0679
5681,6,4.817476e-04,0.19384,0.0567
5682,6,4.814382e-04,0.13894,0.0457
5683,6,4.811289e-04,0.15839,0.0433
5684,6,4.808197e-04,0.20190,0.0620
5685,6,4.805106e-04,0.20339,0.0491
5686,6,4.802016e-04,0.15398,0.0569
5687,6,4.798926e-04,0.15185,0.0593
5688,6,4.795838e-04,0.16280,0.0445
5689,6,4.792751e-04,0.14561,0.0871
5690,6,4.789664e-04,0.16108,0.0586
5691,6,4.786579e-04,0.18440,0.0656
5692,6,4.783494e-04,0.16684,0.0466
5693,6,4.780410e-04,0.19323,0.0592
5694,6,4.777328e-04,0.16697,0.0580
5695,6,4.774246e-04,0.15809,0.0434
5696,6,4.771165e-04,0.16109,0.0489
5697,6,4.768085e-04,0.23669,0.0732
5698,6,4.765006e-04,0.16180,0.0512
5699,6,4.761928e-04,0.18450,0.0457
5700,6,4.758851e-04,0.14707,0.0433
5701,6,4.755775e-04,0.17330,0.0504
5702,6,4.752700e-04,0.19067,0.0489
5703,6,4.749626e-04,0.16189,0.0506
5704,6,4.746553e-04,0.13241,0.0618
5705,6,4.743481e-04,0.18488,0.0743
5706,6,4.740409e-04,0.22144,0.0623
5707,6,4.737339e-04,0.16719,0.0458
5708,6,4.734269e-04,0.12334,0.0539
5709,6,4.731201e-04,0.18116,0.0506
5710,6,4.728133e-04,0.20197,0.0488
5711,6,4.725067e-04,0.19204,0.0727
5712,6,4.722001e-04,0.17701,0.0443
5713,6,4.718937e-04,0.18359,0.0850
5714,6,4.715873e-04,0.16025,0.0543
5715,6,4.712810e-04,0.16077,0.0518
5716,6,4.709748e-04,0.14406,0.0409
5717,6,4.706688e-04,0.18466,0.0497
5718,6,4.703628e-04,0.19098,0.0509
5719,6,4.700569e-04,0.17485,0.0658
5720,6,4.697511e-04,0.15560,0.0580
5721,6,4.694454e-04,0.18828,0.0588
5722,6,4.691398e-04,0.16572,0.0425
5723,6,4.688343e-04,0.18479,0.0472
5724,6,4.685289e-04,0.17094,0.0459
5725,6,4.682236e-04,0.16846,0.0452
5726,6,4.679183e-04,0.14087,0.0533
5727,6,4.676132e-04,0.17634,0.0507
5728,6,4.673082e-04,0.18379,0.0819
5729,6,4.670033e-04,0.13199,0.0542
5730,6,4.666984e-04,0.15862,0.0419
5731,6,4.663937e-04,0.17330,0.0480
5732,6,4.660890e-04,0.19597,0.0698
5733,6,4.657845e-04,0.18629,0.0632
5734,6,4.654800e-04,0.19633,0.0710
5735,6,4.651757e-04,0.16578,0.0618
5736,6,4.648714e-04,0.22337,0.0816
5737,6,4.645673e-04,0.18589,0.0521
5738,6,4.642632e-04,0.15156,0.0418
5739,6,4.639593e-04,0.19346,0.0735
5740,6,4.636554e-04,0.18995,0.0534
5741,6,4.633516e-04,0.20124,0.0446
5742,6,4.630479e-04,0.18349,0.0501
5743,6,4.627444e-04,0.19482,0.0662
5744,6,4.624409e-04,0.14677,0.0754
5745,6,4.621375e-04,0.17273,0.0469
5746,6,4.618342e-04,0.21523,0.0531
5747,6,4.615310e-04,0.17797,0.0516
5748,6,4.612279e-04,0.20140,0.0630
5749,6,4.609249e-04,0.16334,0.0600
5750,6,4.606220e-04,0.18345,0.0444
5751,6,4.603192e-04,0.17821,0.0715
5752,6,4.600165e-04,0.16814,0.0537
5753,6,4.597139e-04,0.13790,0.0543
5754,6,4.594114e-04,0.16317,0.0652
5755,6,4.591090e-04,0.19760,0.0538
5756,6,4.588067e-04,0.18289,0.0463
5757,6,4.585045e-04,0.17248,0.0486
5758,6,4.582024e-04,0.21519,0.0635
5759,6,4.579004e-04,0.15807,0.0446
5760,6,4.575984e-04,0.18923,0.0672
5761,6,4.572966e-04,0.20064,0.0715
5762,6,4.569949e-04,0.18485,0.0562
5763,6,4.566933e-04,0.15654,0.0453
5764,6,4.563917e-04,0.19027,0.0498
5765,6,4.560903e-04,0.18587,0.0534
5766,6,4.557890e-04,0.16604,0.0514
5767,6,4.554877e-04,0.19668,0.0562
5768,6,4.551866e-04,0.18838,0.0487
5769,6,4.548856e-04,0.18183,0.0491
5770,6,4.545846e-04,0.19107,0.0567
5771,6,4.542838e-04,0.15085,0.0724
5772,6,4.539830e-04,0.19443,0.0482
5773,6,4.536824e-04,0.18589,0.0672
5774,6,4.533818e-04,0.17459,0.0817
5775,6,4.530814e-04,0.20730,0.0524
5776,6,4.527810e-04,0.19210,0.0646
5777,6,4.524808e-04,0.20628,0.0595
5778,6,4.521806e-04,0.16421,0.0555
5779,6,4.518806e-04,0.15075,0.0453
5780,6,4.515806e-04,0.19480,0.0565
5781,6,4.512808e-04,0.17761,0.0556
5782,6,4.509810e-04,0.20666,0.0566
5783,6,4.506814e-04,0.17892,0.0505
5784,6,4.503818e-04,0.15876,0.0611
5785,6,4.500823e-04,0.16652,0.0554
5786,6,4.497830e-04,0.16853,0.0448
5787,6,4.494837e-04,0.17966,0.0537
5788,6,4.491846e-04,0.18664,0.0514
5789,6,4.488855e-04,0.17267,0.0527
5790,6,4.485865e-04,0.15452,0.0493
5791,6,4.482877e-04,0.16750,0.0432
5792,6,4.479889e-04,0.20896,0.0705
5793,6,4.476902e-04,0.20468,0.1014
5794,6,4.473917e-04,0.15809,0.0545
5795,6,4.470932e-04,0.17812,0.0477
5796,6,4.467948e-04,0.17438,0.0458
5797,6,4.464966e-04,0.15627,0.0589
5798,6,4.461984e-04,0.15693,0.0600
5799,6,4.459003e-04,0.15552,0.0472
5800,6,4.456024e-04,0.17146,0.0518
5801,6,4.453045e-04,0.16774,0.0557
5802,6,4.450067e-04,0.19356,0.0503
5803,6,4.447091e-04,0.21127,0.0680
5804,6,4.444115e-04,0.17932,0.0487
5805,6,4.441140e-04,0.12888,0.0514
5806,6,4.438167e-04,0.16378,0.0536
5807,6,4.435194e-04,0.17269,0.0842
5808,6,4.432222e-04,0.15235,0.0476
5809,6,4.429252e-04,0.17024,0.0470
5810,6,4.426282e-04,0.17125,0.0595
5811,6,4.423313e-04,0.16351,0.0443
5812,6,4.420346e-04,0.18300,0.0486
5813,6,4.417379e-04,0.14984,0.0505
5814,6,4.414413e-04,0.18231,0.0445
5815,6,4.411449e-04,0.16253,0.0518
5816,6,4.408485e-04,0.13943,0.0447
5817,6,4.405522e-04,0.16270,0.0520
5818,6,4.402561e-04,0.17171,0.0583
5819,6,4.399600e-04,0.16793,0.0519
5820,6,4.396641e-04,0.17802,0.0458
5821,6,4.393682e-04,0.18638,0.0541
5822,6,4.390724e-04,0.15289,0.0445
5823,6,4.387768e-04,0.13943,0.0499
5824,6,4.384812e-04,0.20119,0.0585
5825,6,4.381858e-04,0.14425,0.0496
5826,6,4.378904e-04,0.16861,0.0480
5827,6,4.375952e-04,0.19595,0.0518
5828,6,4.373000e-04,0.18058,0.0496
5829,6,4.370050e-04,0.15404,0.0420
5830,6,4.367100e-04,0.19502,0.0680
5831,6,4.364152e-04,0.18335,0.0812
5832,6,4.361204e-04,0.24021,0.0635
5833,6,4.358258e-04,0.22612,0.0836
5834,6,4.355312e-04,0.19343,0.0658
5835,6,4.352368e-04,0.16067,0.0662
5836,6,4.349424e-04,0.15885,0.0403
5837,6,4.346482e-04,0.16742,0.0526
5838,6,4.343541e-04,0.19120,0.0599
5839,6,4.340600e-04,0.17458,0.0490
5840,6,4.337661e-04,0.18427,0.0639
5841,6,4.334723e-04,0.20057,0.0443
5842,6,4.331785e-04,0.17898,0.0426
5843,6,4.328849e-04,0.17354,0.0511
5844,6,4.325914e-04,0.18547,0.0556
5845,6,4.322979e-04,0.18997,0.0787
5846,6,4.320046e-04,0.18652,0.0449
5847,6,4.317114e-04,0.15436,0.0393
5848,6,4.314183e-04,0.13904,0.0477
5849,6,4.311253e-04,0.14835,0.0501
5850,6,4.308323e-04,0.16369,0.0512
5851,6,4.305395e-04,0.18659,0.0737
5852,6,4.302468e-04,0.20494,0.0661
5853,6,4.299542e-04,0.18692,0.0594
5854,6,4.296617e-04,0.16062,0.0494
5855,6,4.293693e-04,0.19383,0.0912
5856,6,4.290770e-04,0.15289,0.0478
5857,6,4.287848e-04,0.16922,0.0801
5858,6,4.284927e-04,0.15611,0.0445
5859,6,4.282007e-04,0.14441,0.0484
5860,6,4.279088e-04,0.15072,0.0501
5861,6,4.276170e-04,0.15587,0.0468
5862,6,4.273254e-04,0.19980,0.0663
5863,6,4.270338e-04,0.19705,0.0451
5864,6,4.267423e-04,0.17875,0.0607
5865,6,4.264509e-04,0.15360,0.0407
5866,6,4.261597e-04,0.13414,0.0519
5867,6,4.258685e-04,0.15945,0.0592
5868,6,4.255774e-04,0.16780,0.0491
5869,6,4.252865e-04,0.16841,0.0563
5870,6,4.249956e-04,0.12868,0.0514
5871,6,4.247048e-04,0.19207,0.0516
5872,6,4.244142e-04,0.14996,0.0497
5873,6,4.241236e-04,0.16446,0.0668
5874,6,4.238332e-04,0.21556,0.0686
5875,6,4.235429e-04,0.16462,0.0566
5876,6,4.232526e-04,0.17878,0.0422
5877,6,4.229625e-04,0.16434,0.0659
5878,6,4.226724e-04,0.16567,0.0517
5879,6,4.223825e-04,0.17516,0.0511
5880,6,4.220927e-04,0.17580,0.0447
5881,6,4.218030e-04,0.14446,0.0484
5882,6,4.215134e-04,0.19560,0.0840
5883,6,4.212238e-04,0.16601,0.0436
5884,6,4.209344e-04,0.14207,0.0490
5885,6,4.206451e-04,0.17468,0.0537
5886,6,4.203559e-04,0.15521,0.0516
5887,6,4.200668e-04,0.18189,0.0484
5888,6,4.197778e-04,0.20973,0.0630
5889,6,4.194889e-04,0.15290,0.0492
5890,6,4.192002e-04,0.18264,0.0481
5891,6,4.189115e-04,0.16001,0.0467
5892,6,4.186229e-04,0.24988,0.0690
5893,6,4.183344e-04,0.21663,0.0635
5894,6,4.180461e-04,0.19249,0.0727
5895,6,4.177578e-04,0.16853,0.0445
5896,6,4.174696e-04,0.16789,0.0628
5897,6,4.171816e-04,0.19975,0.0581
5898,6,4.168936e-04,0.23181,0.0773
5899,6,4.166058e-04,0.17671,0.0425
5900,6,4.163180e-04,0.16893,0.0538
5901,6,4.160304e-04,0.18285,0.0493
5902,6,4.157429e-04,0.19221,0.0543
5903,6,4.154555e-04,0.15955,0.0478
5904,6,4.151681e-04,0.16950,0.0523
5905,6,4.148809e-04,0.19011,0.0491
5906,6,4.145938e-04,0.18195,0.0547
5907,6,4.143068e-04,0.16887,0.0426
5908,6,4.140199e-04,0.15712,0.0521
5909,6,4.137331e-04,0.17917,0.0423
5910,6,4.134464e-04,0.17800,0.0418
5911,6,4.131598e-04,0.14439,0.0491
5912,6,4.128733e-04,0.13768,0.0522
5913,6,4.125870e-04,0.18107,0.0798
5914,6,4.123007e-04,0.19254,0.0488
5915,6,4.120145e-04,0.21870,0.0735
5916,6,4.117285e-04,0.16327,0.0694
5917,6,4.114425e-04,0.15849,0.0461
5918,6,4.111567e-04,0.22592,0.0695
5919,6,4.108709e-04,0.16262,0.0532
5920,6,4.105853e-04,0.20862,0.0596
5921,6,4.102997e-04,0.21166,0.0530
5922,6,4.100143e-04,0.16583,0.0462
5923,6,4.097290e-04,0.20555,0.0581
5924,6,4.094438e-04,0.16619,0.0449
5925,6,4.091587e-04,0.16674,0.0647
5926,6,4.088737e-04,0.14127,0.0645
5927,6,4.085888e-04,0.17927,0.0406
5928,6,4.083040e-04,0.14700,0.0498
5929,6,4.080193e-04,0.16955,0.0758
5930,6,4.077347e-04,0.21326,0.0608
5931,6,4.074502e-04,0.15854,0.0457
5932,6,4.071659e-04,0.17533,0.0636
5933,6,4.068816e-04,0.19675,0.0722
5934,6,4.065975e-04,0.16105,0.0657
5935,6,4.063134e-04,0.15821,0.0501
5936,6,4.060295e-04,0.18102,0.0523
5937,6,4.057456e-04,0.11831,0.0485
5938,6,4.054619e-04,0.18782,0.0650
5939,6,4.051783e-04,0.19185,0.0653
5940,6,4.048948e-04,0.19047,0.0466
5941,6,4.046114e-04,0.17960,0.0457
5942,6,4.043281e-04,0.14039,0.0662
5943,6,4.040449e-04,0.13447,0.0441
5944,6,4.037618e-04,0.18005,0.0522
5945,6,4.034788e-04,0.16698,0.0577
5946,6,4.031959e-04,0.17787,0.0669
5947,6,4.029131e-04,0.20143,0.0599
5948,6,4.026305e-04,0.16816,0.0572
5949,6,4.023479e-04,0.14277,0.0531
5950,6,4.020655e-04,0.15123,0.0387
5951,6,4.017831e-04,0.17509,0.0504
5952,6,4.015009e-04,0.15705,0.0466
5953,6,4.012188e-04,0.15699,0.0430
5954,6,4.009368e-04,0.17048,0.0451
5955,6,4.006548e-04,0.18775,0.0602
5956,6,4.003730e-04,0.16516,0.0511
5957,6,4.000913e-04,0.19408,0.0634
5958,6,3.998097e-04,0.17165,0.0634
5959,6,3.995283e-04,0.18281,0.0584
5960,6,3.992469e-04,0.15679,0.0483
5961,6,3.989656e-04,0.18967,0.0517
5962,6,3.986845e-04,0.23180,0.0699
5963,6,3.984034e-04,0.14725,0.0518
5964,6,3.981225e-04,0.18890,0.0497
5965,6,3.978416e-04,0.17709,0.0602
5966,6,3.975609e-04,0.17348,0.0461
5967,6,3.972803e-04,0.22489,0.0702
5968,6,3.969998e-04,0.19606,0.0568
5969,6,3.967193e-04,0.19266,0.0595
5970,6,3.964391e-04,0.15543,0.0520
5971,6,3.961589e-04,0.17528,0.0519
5972,6,3.958788e-04,0.14856,0.0412
5973,6,3.955988e-04,0.24252,0.0738
5974,6,3.953189e-04,0.17329,0.0526
5975,6,3.950392e-04,0.15092,0.0571
5976,7,3.947595e-04,0.14989,0.0626
5977,7,3.944800e-04,0.15355,0.0635
5978,7,3.942006e-04,0.18292,0.0505
5979,7,3.939212e-04,0.16241,0.0389
5980,7,3.936420e-04,0.18421,0.0507
5981,7,3.933629e-04,0.17215,0.0551
5982,7,3.930839e-04,0.22416,0.0799
5983,7,3.928050e-04,0.16967,0.0437
5984,7,3.925262e-04,0.14420,0.0498
5985,7,3.922476e-04,0.20334,0.0568
5986,7,3.919690e-04,0.17183,0.0463
5987,7,3.916905e-04,0.16292,0.0468
5988,7,3.914122e-04,0.19209,0.0504
5989,7,3.911339e-04,0.18760,0.0493
5990,7,3.908558e-04,0.14955,0.0422
5991,7,3.905778e-04,0.15669,0.0571
5992,7,3.902999e-04,0.14853,0.0509
5993,7,3.900221e-04,0.16532,0.0392
5994,7,3.897444e-04,0.24919,0.0807
5995,7,3.894668e-04,0.18249,0.0481
5996,7,3.891893e-04,0.20319,0.0551
5997,7,3.889120e-04,0.14992,0.0452
5998,7,3.886347e-04,0.19267,0.0531
5999,7,3.883576e-04,0.14729,0.0504
6000,7,3.880805e-04,0.14937,0.0466
6001,7,3.878036e-04,0.19033,0.0483
6002,7,3.875268e-04,0.19232,0.0481
6003,7,3.872501e-04,0.13731,0.0444
6004,7,3.869735e-04,0.15838,0.0472
6005,7,3.866970e-04,0.15350,0.0568
6006,7,3.864206e-04,0.18825,0.0509
6007,7,3.861443e-04,0.16235,0.0472
6008,7,3.858681e-04,0.16390,0.0625
6009,7,3.855921e-04,0.18790,0.0462
6010,7,3.853161e-04,0.18369,0.0691
6011,7,3.850403e-04,0.16347,0.0456
6012,7,3.847646e-04,0.15719,0.0474
6013,7,3.844890e-04,0.12465,0.0513
6014,7,3.842135e-04,0.17898,0.0499
6015,7,3.839381e-04,0.20190,0.0684
6016,7,3.836628e-04,0.18516,0.0461
6017,7,3.833876e-04,0.14929,0.0451
6018,7,3.831126e-04,0.16716,0.0528
6019,7,3.828376e-04,0.19591,0.0516
6020,7,3.825628e-04,0.19682,0.0656
6021,7,3.822880e-04,0.18990,0.0500
6022,7,3.820134e-04,0.17719,0.0508
6023,7,3.817389e-04,0.16979,0.0438
6024,7,3.814645e-04,0.15320,0.0455
6025,7,3.811902e-04,0.16674,0.0463
6026,7,3.809160e-04,0.21321,0.0560
6027,7,3.806420e-04,0.13630,0.0501
6028,7,3.803680e-04,0.16264,0.0623
6029,7,3.800941e-04,0.16964,0.0518
6030,7,3.798204e-04,0.13540,0.0744
6031,7,3.795468e-04,0.16036,0.0409
6032,7,3.792733e-04,0.23490,0.0956
6033,7,3.789999e-04,0.14428,0.0511
6034,7,3.787266e-04,0.15099,0.0527
6035,7,3.784534e-04,0.22474,0.0800
6036,7,3.781803e-04,0.17556,0.0698
6037,7,3.779073e-04,0.19225,0.0546
6038,7,3.776345e-04,0.19065,0.0479
6039,7,3.773617e-04,0.17195,0.0472
6040,7,3.770891e-04,0.16023,0.0443
6041,7,3.768166e-04,0.17442,0.0434
6042,7,3.765442e-04,0.21302,0.0731
6043,7,3.762719e-04,0.16187,0.0396
6044,7,3.759997e-04,0.17741,0.0695
6045,7,3.757276e-04,0.19522,0.0585
6046,7,3.754557e-04,0.17346,0.0520
6047,7,3.751838e-04,0.17289,0.0407
6048,7,3.749121e-04,0.16615,0.0434
6049,7,3.746405e-04,0.17015,0.0542
6050,7,3.743689e-04,0.16825,0.0443
6051,7,3.740975e-04,0.19257,0.0612
6052,7,3.738263e-04,0.17332,0.0606
6053,7,3.735551e-04,0.19451,0.0852
6054,7,3.732840e-04,0.18430,0.0773
6055,7,3.730130e-04,0.22720,0.0826
6056,7,3.727422e-04,0.16524,0.0395
6057,7,3.724715e-04,0.14915,0.0464
6058,7,3.722008e-04,0.17949,0.0431
6059,7,3.719303e-04,0.16710,0.0506
6060,7,3.716599e-04,0.17813,0.0421
6061,7,3.713897e-04,0.21890,0.0557
6062,7,3.711195e-04,0.16524,0.0481
6063,7,3.708494e-04,0.16860,0.0485
6064,7,3.705795e-04,0.17322,0.0524
6065,7,3.703096e-04,0.22256,0.0669
6066,7,3.700399e-04,0.16445,0.0638
6067,7,3.697703e-04,0.13805,0.0552
6068,7,3.695008e-04,0.15570,0.0463
6069,7,3.692314e-04,0.16403,0.0428
6070,7,3.689621e-04,0.20667,0.0566
6071,7,3.686930e-04,0.13440,0.0908
6072,7,3.684239e-04,0.20050,0.0584
6073,7,3.681550e-04,0.21961,0.0619
6074,7,3.678862e-04,0.18305,0.0583
6075,7,3.676175e-04,0.16400,0.0650
6076,7,3.673489e-04,0.20001,0.0702
6077,7,3.670804e-04,0.16732,0.0452
6078,7,3.668120e-04,0.18139,0.0616
6079,7,3.665437e-04,0.15044,0.0593
6080,7,3.662756e-04,0.19136,0.0518
6081,7,3.660076e-04,0.17707,0.0479
6082,7,3.657396e-04,0.16989,0.0483
6083,7,3.654718e-04,0.19798,0.0524
6084,7,3.652041e-04,0.15746,0.0464
6085,7,3.649366e-04,0.17590,0.0614
6086,7,3.646691e-04,0.18990,0.0548
6087,7,3.644017e-04,0.15682,0.0686
6088,7,3.641345e-04,0.19729,0.0445
6089,7,3.638674e-04,0.15153,0.0585
6090,7,3.636003e-04,0.16978,0.0434
6091,7,3.633334e-04,0.16375,0.0444
6092,7,3.630667e-04,0.19185,0.0616
6093,7,3.628000e-04,0.21742,0.0762
6094,7,3.625334e-04,0.14368,0.0508
6095,7,3.622670e-04,0.17908,0.0601
6096,7,3.620006e-04,0.17611,0.0652
6097,7,3.617344e-04,0.14621,0.0533
6098,7,3.614683e-04,0.19719,0.0518
6099,7,3.612023e-04,0.16423,0.0626
6100,7,3.609364e-04,0.14639,0.0584
6101,7,3.606707e-04,0.15850,0.0528
6102,7,3.604050e-04,0.15933,0.0486
6103,7,3.601395e-04,0.17192,0.0500
6104,7,3.598741e-04,0.17832,0.0478
6105,7,3.596087e-04,0.15597,0.0730
6106,7,3.593436e-04,0.18111,0.0574
6107,7,3.590785e-04,0.26795,0.0920
6108,7,3.588135e-04,0.19811,0.0692
6109,7,3.585486e-04,0.17222,0.0452
6110,7,3.582839e-04,0.16910,0.0571
6111,7,3.580193e-04,0.18889,0.0629
6112,7,3.577548e-04,0.14754,0.0433
6113,7,3.574904e-04,0.18467,0.0502
6114,7,3.572261e-04,0.21275,0.0626
6115,7,3.569619e-04,0.19219,0.0516
6116,7,3.566979e-04,0.18881,0.0560
6117,7,3.564339e-04,0.15556,0.0462
6118,7,3.561701e-04,0.16153,0.0499
6119,7,3.559064e-04,0.18832,0.0507
6120,7,3.556428e-04,0.16989,0.0409
6121,7,3.553793e-04,0.15989,0.0424
6122,7,3.551160e-04,0.18424,0.0664
6123,7,3.548527e-04,0.19457,0.0796
6124,7,3.545896e-04,0.14130,0.0447
6125,7,3.543266e-04,0.14674,0.0519
6126,7,3.540637e-04,0.19621,0.0485
6127,7,3.538009e-04,0.17564,0.0560
6128,7,3.535382e-04,0.15458,0.0510
6129,7,3.532756e-04,0.18079,0.0522
6130,7,3.530132e-04,0.19971,0.0550
6131,7,3.527509e-04,0.14508,0.0490
6132,7,3.524886e-04,0.15842,0.0619
6133,7,3.522265e-04,0.16953,0.0549
6134,7,3.519646e-04,0.17235,0.0480
6135,7,3.517027e-04,0.16096,0.0462
6136,7,3.514409e-04,0.15612,0.0528
6137,7,3.511793e-04,0.19528,0.0601
6138,7,3.509178e-04,0.18115,0.0710
6139,7,3.506564e-04,0.20049,0.0475
6140,7,3.503951e-04,0.16921,0.0753
6141,7,3.501339e-04,0.14181,0.0487
6142,7,3.498728e-04,0.13556,0.0526
6143,7,3.496119e-04,0.17636,0.0552
6144,7,3.493511e-04,0.14767,0.0456
6145,7,3.490904e-04,0.19488,0.0532
6146,7,3.488298e-04,0.18838,0.0604
6147,7,3.485693e-04,0.19417,0.0826
6148,7,3.483089e-04,0.17611,0.0630
6149,7,3.480487e-04,0.18029,0.0664
6150,7,3.477885e-04,0.17030,0.0556
6151,7,3.475285e-04,0.17775,0.0488
6152,7,3.472686e-04,0.17563,0.0489
6153,7,3.470088e-04,0.15165,0.0474
6154,7,3.467491e-04,0.23269,0.0657
6155,7,3.464896e-04,0.14385,0.0501
6156,7,3.462302e-04,0.17219,0.0462
6157,7,3.459708e-04,0.16134,0.0454
6158,7,3.457116e-04,0.18679,0.0648
6159,7,3.454525e-04,0.18892,0.0672
6160,7,3.451936e-04,0.16993,0.0443
6161,7,3.449347e-04,0.19342,0.0516
6162,7,3.446760e-04,0.19842,0.0568
6163,7,3.444174e-04,0.21408,0.0604
6164,7,3.441589e-04,0.17584,0.0672
6165,7,3.439005e-04,0.18348,0.0569
6166,7,3.436422e-04,0.18159,0.0448
6167,7,3.433840e-04,0.19622,0.0707
6168,7,3.431260e-04,0.14939,0.0512
6169,7,3.428681e-04,0.17626,0.0456
6170,7,3.426103e-04,0.13953,0.0517
6171,7,3.423526e-04,0.16626,0.0481
6172,7,3.420950e-04,0.16472,0.0594
6173,7,3.418376e-04,0.16415,0.0480
6174,7,3.415802e-04,0.21135,0.0651
6175,7,3.413230e-04,0.21066,0.0856
6176,7,3.410659e-04,0.22655,0.0637
6177,7,3.408089e-04,0.15352,0.0573
6178,7,3.405520e-04,0.15366,0.0596
6179,7,3.402953e-04,0.18568,0.0630
6180,7,3.400386e-04,0.18111,0.0617
6181,7,3.397821e-04,0.16474,0.0468
6182,7,3.395257e-04,0.11756,0.0521
6183,7,3.392694e-04,0.17840,0.0530
6184,7,3.390133e-04,0.11296,0.0519
6185,7,3.387572e-04,0.14924,0.0607
6186,7,3.385013e-04,0.15240,0.0542
6187,7,3.382455e-04,0.16297,0.0504
6188,7,3.379898e-04,0.17233,0.0604
6189,7,3.377342e-04,0.18226,0.0594
6190,7,3.374788e-04,0.16919,0.0515
6191,7,3.372234e-04,0.17914,0.0404
6192,7,3.369682e-04,0.18800,0.0630
6193,7,3.367131e-04,0.13188,0.0516
6194,7,3.364581e-04,0.20147,0.0779
6195,7,3.362032e-04,0.18972,0.0497
6196,7,3.359485e-04,0.18771,0.0486
6197,7,3.356938e-04,0.21116,0.0585
6198,7,3.354393e-04,0.16402,0.0656
6199,7,3.351849e-04,0.18023,0.0608
6200,7,3.349306e-04,0.15161,0.0649
6201,7,3.346765e-04,0.19295,0.0744
6202,7,3.344224e-04,0.21219,0.0743
6203,7,3.341685e-04,0.13227,0.0449
6204,7,3.339147e-04,0.18602,0.0698
6205,7,3.336610e-04,0.17122,0.0494
6206,7,3.334074e-04,0.13022,0.0556
6207,7,3.331540e-04,0.18240,0.0542
6208,7,3.329007e-04,0.19124,0.0523
6209,7,3.326474e-04,0.17731,0.0488
6210,7,3.323943e-04,0.17586,0.0626
6211,7,3.321414e-04,0.16983,0.0471
6212,7,3.318885e-04,0.22872,0.0659
6213,7,3.316358e-04,0.18280,0.0544
6214,7,3.313831e-04,0.17966,0.0580
6215,7,3.311306e-04,0.18299,0.0688
6216,7,3.308782e-04,0.15579,0.0427
6217,7,3.306260e-04,0.14196,0.0422
6218,7,3.303738e-04,0.19401,0.0596
6219,7,3.301218e-04,0.19024,0.0672
6220,7,3.298699e-04,0.18080,0.0908
6221,7,3.296181e-04,0.17083,0.0598
6222,7,3.293664e-04,0.18363,0.0503
6223,7,3.291149e-04,0.13864,0.0465
6224,7,3.288634e-04,0.16320,0.0465
6225,7,3.286121e-04,0.16009,0.0418
6226,7,3.283609e-04,0.18961,0.0817
6227,7,3.281099e-04,0.14068,0.0574
6228,7,3.278589e-04,0.21254,0.0657
6229,7,3.276081e-04,0.19799,0.0795
6230,7,3.273573e-04,0.17264,0.0419
6231,7,3.271067e-04,0.17555,0.0609
6232,7,3.268563e-04,0.16725,0.0522
6233,7,3.266059e-04,0.17592,0.0608
6234,7,3.263557e-04,0.17169,0.0716
6235,7,3.261055e-04,0.16890,0.0483
6236,7,3.258555e-04,0.14802,0.0459
6237,7,3.256057e-04,0.17463,0.0589
6238,7,3.253559e-04,0.18654,0.0483
6239,7,3.251063e-04,0.18877,0.0544
6240,7,3.248567e-04,0.14200,0.0518
6241,7,3.246073e-04,0.15554,0.0446
6242,7,3.243580e-04,0.19824,0.0508
6243,7,3.241089e-04,0.13852,0.0548
6244,7,3.238598e-04,0.17095,0.0739
6245,7,3.236109e-04,0.19070,0.0576
6246,7,3.233621e-04,0.17964,0.0645
6247,7,3.231134e-04,0.18700,0.0612
6248,7,3.228649e-04,0.19630,0.0667
6249,7,3.226164e-04,0.18472,0.0435
6250,7,3.223681e-04,0.21849,0.0572
6251,7,3.221199e-04,0.15569,0.0570
6252,7,3.218718e-04,0.17840,0.0499
6253,7,3.216239e-04,0.17415,0.0531
6254,7,3.213760e-04,0.13591,0.0482
6255,7,3.211283e-04,0.15538,0.0674
6256,7,3.208807e-04,0.16863,0.0671
6257,7,3.206332e-04,0.20346,0.0521
6258,7,3.203859e-04,0.14449,0.0520
6259,7,3.201386e-04,0.18033,0.0413
6260,7,3.198915e-04,0.14695,0.0695
6261,7,3.196445e-04,0.16331,0.0426
6262,7,3.193976e-04,0.17959,0.0425
6263,7,3.191509e-04,0.16855,0.0607
6264,7,3.189042e-04,0.22074,0.0662
6265,7,3.186577e-04,0.23074,0.0665
6266,7,3.184113e-04,0.18610,0.0625
6267,7,3.181650e-04,0.17715,0.0439
6268,7,3.179189e-04,0.15440,0.0481
6269,7,3.176729e-04,0.15341,0.0498
6270,7,3.174270e-04,0.16958,0.0535
6271,7,3.171812e-04,0.16565,0.0611
6272,7,3.169355e-04,0.15346,0.0484
6273,7,3.166899e-04,0.15489,0.0512
6274,7,3.164445e-04,0.17282,0.0498
6275,7,3.161992e-04,0.18206,0.0680
6276,7,3.159540e-04,0.15618,0.0474
6277,7,3.157090e-04,0.14204,0.0546
6278,7,3.154640e-04,0.16466,0.0498
6279,7,3.152192e-04,0.18346,0.0478
6280,7,3.149745e-04,0.18752,0.0729
6281,7,3.147299e-04,0.17609,0.0431
6282,7,3.144855e-04,0.15890,0.0509
6283,7,3.142411e-04,0.20708,0.0559
6284,7,3.139969e-04,0.13415,0.0540
6285,7,3.137528e-04,0.20532,0.0832
6286,7,3.135089e-04,0.13947,0.0555
6287,7,3.132650e-04,0.13426,0.0510
6288,7,3.130213e-04,0.23886,0.0798
6289,7,3.127777e-04,0.17849,0.0555
6290,7,3.125342e-04,0.20141,0.0685
6291,7,3.122909e-04,0.14818,0.0533
6292,7,3.120476e-04,0.15573,0.0470
6293,7,3.118045e-04,0.16087,0.0410
6294,7,3.115615e-04,0.21888,0.0846
6295,7,3.113186e-04,0.16881,0.0458
6296,7,3.110759e-04,0.15075,0.0429
6297,7,3.108333e-04,0.17226,0.0488
6298,7,3.105907e-04,0.16776,0.0394
6299,7,3.103484e-04,0.16663,0.0473
6300,7,3.101061e-04,0.17953,0.0465
6301,7,3.098640e-04,0.15793,0.0555
6302,7,3.096219e-04,0.18066,0.0522
6303,7,3.093800e-04,0.14033,0.0464
6304,7,3.091383e-04,0.15272,0.0459
6305,7,3.088966e-04,0.16413,0.0627
6306,7,3.086551e-04,0.16703,0.0470
6307,7,3.084137e-04,0.17131,0.0447
6308,7,3.081724e-04,0.14027,0.0471
6309,7,3.079312e-04,0.14774,0.0446
6310,7,3.076902e-04,0.13933,0.0452
6311,7,3.074493e-04,0.19715,0.0800
6312,7,3.072085e-04,0.16066,0.0464
6313,7,3.069678e-04,0.17277,0.0429
6314,7,3.067273e-04,0.15569,0.0498
6315,7,3.064869e-04,0.17840,0.0528
6316,7,3.062466e-04,0.17792,0.0416
6317,7,3.060064e-04,0.17286,0.0477
6318,7,3.057663e-04,0.16447,0.0658
6319,7,3.055264e-04,0.16019,0.0548
6320,7,3.052866e-04,0.20461,0.0611
6321,7,3.050469e-04,0.15977,0.0443
6322,7,3.048073e-04,0.14658,0.0434
6323,7,3.045679e-04,0.19351,0.0548
6324,7,3.043286e-04,0.20249,0.0798
6325,7,3.040894e-04,0.16570,0.0737
6326,7,3.038503e-04,0.14051,0.0526
6327,7,3.036114e-04,0.19655,0.0487
6328,7,3.033725e-04,0.14621,0.0567
6329,7,3.031338e-04,0.16542,0.0527
6330,7,3.028953e-04,0.20269,0.0717
6331,7,3.026568e-04,0.18175,0.0503
6332,7,3.024185e-04,0.16657,0.0474
6333,7,3.021803e-04,0.17773,0.0741
6334,7,3.019422e-04,0.20403,0.0545
6335,7,3.017042e-04,0.21610,0.0883
6336,7,3.014664e-04,0.14538,0.0464
6337,7,3.012287e-04,0.13587,0.0449
6338,7,3.009911e-04,0.18532,0.0571
6339,7,3.007536e-04,0.15113,0.0522
6340,7,3.005163e-04,0.18589,0.0676
6341,7,3.002791e-04,0.16901,0.0477
6342,7,3.000420e-04,0.17588,0.0528
6343,7,2.998050e-04,0.17472,0.0471
6344,7,2.995682e-04,0.19018,0.0594
6345,7,2.993314e-04,0.16328,0.0403
6346,7,2.990948e-04,0.15527,0.0575
6347,7,2.988584e-04,0.17422,0.0614
6348,7,2.986220e-04,0.20459,0.0533
6349,7,2.983858e-04,0.17620,0.0552
6350,7,2.981497e-04,0.20452,0.0600
6351,7,2.979137e-04,0.14164,0.0506
6352,7,2.976779e-04,0.17113,0.0513
6353,7,2.974421e-04,0.18745,0.0488
6354,7,2.972065e-04,0.16738,0.0456
6355,7,2.969710e-04,0.15827,0.0464
6356,7,2.967357e-04,0.17943,0.0510
6357,7,2.965005e-04,0.15161,0.0598
6358,7,2.962654e-04,0.17804,0.0498
6359,7,2.960304e-04,0.20062,0.0645
6360,7,2.957955e-04,0.17777,0.0538
6361,7,2.955608e-04,0.17472,0.0468
6362,7,2.953262e-04,0.24062,0.0674
6363,7,2.950917e-04,0.16218,0.0682
6364,7,2.948573e-04,0.17564,0.0563
6365,7,2.946231e-04,0.15685,0.0479
6366,7,2.943890e-04,0.13223,0.0533
6367,7,2.941550e-04,0.16075,0.0491
6368,7,2.939211e-04,0.21034,0.0726
6369,7,2.936874e-04,0.19416,0.0425
6370,7,2.934538e-04,0.15196,0.0536
6371,7,2.932203e-04,0.18093,0.0629
6372,7,2.929870e-04,0.18791,0.0465
6373,7,2.927537e-04,0.16357,0.0479
6374,7,2.925206e-04,0.19229,0.0614
6375,7,2.922876e-04,0.18636,0.0475
6376,7,2.920548e-04,0.13541,0.0605
6377,7,2.918220e-04,0.15638,0.0477
6378,7,2.915894e-04,0.14860,0.0492
6379,7,2.913569e-04,0.19902,0.0584
6380,7,2.911246e-04,0.15212,0.0562
6381,7,2.908924e-04,0.18327,0.0583
6382,7,2.906603e-04,0.16285,0.0703
6383,7,2.904283e-04,0.14598,0.0505
6384,7,2.901964e-04,0.15142,0.0482
6385,7,2.899647e-04,0.15960,0.0653
6386,7,2.897331e-04,0.14734,0.0480
6387,7,2.895016e-04,0.18748,0.0497
6388,7,2.892702e-04,0.16610,0.0418
6389,7,2.890390e-04,0.12457,0.0510
6390,7,2.888079e-04,0.17106,0.0458
6391,7,2.885769e-04,0.19266,0.0622
6392,7,2.883461e-04,0.13749,0.0481
6393,7,2.881154e-04,0.18884,0.0467
6394,7,2.878848e-04,0.15723,0.0487
6395,7,2.876543e-04,0.15218,0.0419
6396,7,2.874239e-04,0.17648,0.0440
6397,7,2.871937e-04,0.16342,0.0433
6398,7,2.869636e-04,0.17142,0.0465
6399,7,2.867337e-04,0.20722,0.0589
6400,7,2.865038e-04,0.19478,0.0754
6401,7,2.862741e-04,0.15271,0.0586
6402,7,2.860445e-04,0.15095,0.0553
6403,7,2.858150e-04,0.17056,0.0439
6404,7,2.855857e-04,0.19435,0.0587
6405,7,2.853565e-04,0.17244,0.0477
6406,7,2.851274e-04,0.15097,0.0433
6407,7,2.848984e-04,0.16462,0.0441
6408,7,2.846696e-04,0.15297,0.0403
6409,7,2.844409e-04,0.19781,0.0504
6410,7,2.842123e-04,0.14894,0.0566
6411,7,2.839839e-04,0.16382,0.0567
6412,7,2.837556e-04,0.17911,0.0460
6413,7,2.835274e-04,0.17229,0.0410
6414,7,2.832993e-04,0.17815,0.0463
6415,7,2.830713e-04,0.15100,0.0443
6416,7,2.828435e-04,0.21179,0.0798
6417,7,2.826158e-04,0.16001,0.0506
6418,7,2.823882e-04,0.21190,0.0512
6419,7,2.821608e-04,0.18161,0.0442
6420,7,2.819335e-04,0.14757,0.0482
6421,7,2.817063e-04,0.15654,0.0524
6422,7,2.814793e-04,0.18305,0.0502
6423,7,2.812523e-04,0.16219,0.0495
6424,7,2.810255e-04,0.17399,0.0604
6425,7,2.807988e-04,0.14551,0.0539
6426,7,2.805723e-04,0.17627,0.0505
6427,7,2.803459e-04,0.15752,0.0451
6428,7,2.801196e-04,0.18418,0.0557
6429,7,2.798934e-04,0.23386,0.0673
6430,7,2.796674e-04,0.15470,0.0508
6431,7,2.794414e-04,0.21795,0.0839
6432,7,2.792157e-04,0.19737,0.0521
6433,7,2.789900e-04,0.20404,0.0700
6434,7,2.787645e-04,0.18856,0.0546
6435,7,2.785391e-04,0.15657,0.0402
6436,7,2.783138e-04,0.16287,0.0456
6437,7,2.780886e-04,0.16971,0.0614
6438,7,2.778636e-04,0.18636,0.0449
6439,7,2.776387e-04,0.17940,0.0964
6440,7,2.774139e-04,0.17204,0.0726
6441,7,2.771893e-04,0.16108,0.0588
6442,7,2.769648e-04,0.20024,0.0608
6443,7,2.767404e-04,0.18620,0.0593
6444,7,2.765161e-04,0.16464,0.0556
6445,7,2.762920e-04,0.17258,0.0615
6446,7,2.760680e-04,0.16770,0.0446
6447,7,2.758441e-04,0.20576,0.0496
6448,7,2.756204e-04,0.18773,0.0620
6449,7,2.753968e-04,0.18281,0.0474
6450,7,2.751733e-04,0.17293,0.0521
6451,7,2.749499e-04,0.15399,0.0416
6452,7,2.747267e-04,0.17998,0.0529
6453,7,2.745036e-04,0.19177,0.0623
6454,7,2.742806e-04,0.22142,0.0698
6455,7,2.740578e-04,0.16684,0.0470
6456,7,2.738350e-04,0.18218,0.0463
6457,7,2.736124e-04,0.18263,0.0546
6458,7,2.733900e-04,0.17446,0.0467
6459,7,2.731676e-04,0.15731,0.0482
6460,7,2.729454e-04,0.19253,0.0478
6461,7,2.727234e-04,0.20302,0.0571
6462,7,2.725014e-04,0.23818,0.0893
6463,7,2.722796e-04,0.19004,0.0838
6464,7,2.720579e-04,0.16381,0.0501
6465,7,2.718363e-04,0.14399,0.0493
6466,7,2.716149e-04,0.16970,0.0700
6467,7,2.713936e-04,0.21760,0.0587
6468,7,2.711724e-04,0.13695,0.0439
6469,7,2.709513e-04,0.19302,0.0550
6470,7,2.707304e-04,0.18837,0.0705
6471,7,2.705096e-04,0.18947,0.0692
6472,7,2.702890e-04,0.17421,0.0480
6473,7,2.700684e-04,0.16014,0.0409
6474,7,2.698480e-04,0.20926,0.0578
6475,7,2.696277e-04,0.16781,0.0476
6476,7,2.694076e-04,0.15280,0.0535
6477,7,2.691876e-04,0.18970,0.0635
6478,7,2.689677e-04,0.14264,0.0498
6479,7,2.687479e-04,0.19302,0.0590
6480,7,2.685283e-04,0.17771,0.0491
6481,7,2.683088e-04,0.15320,0.0443
6482,7,2.680894e-04,0.15973,0.0466
6483,7,2.678702e-04,0.20524,0.0760
6484,7,2.676510e-04,0.14623,0.0465
6485,7,2.674321e-04,0.16372,0.0510
6486,7,2.672132e-04,0.16736,0.0542
6487,7,2.669945e-04,0.17708,0.0732
6488,7,2.667759e-04,0.15923,0.0447
6489,7,2.665574e-04,0.16875,0.0420
6490,7,2.663391e-04,0.16100,0.0470
6491,7,2.661208e-04,0.18018,0.0662
6492,7,2.659028e-04,0.14438,0.0472
6493,7,2.656848e-04,0.17425,0.0453
6494,7,2.654670e-04,0.18573,0.0541
6495,7,2.652493e-04,0.17013,0.0449
6496,7,2.650317e-04,0.19117,0.0529
6497,7,2.648143e-04,0.17615,0.0527
6498,7,2.645970e-04,0.14779,0.0551
6499,7,2.643798e-04,0.17702,0.0504
6500,7,2.641628e-04,0.23178,0.0777
6501,7,2.639459e-04,0.22018,0.0599
6502,7,2.637291e-04,0.16488,0.0488
6503,7,2.635124e-04,0.23002,0.0875
6504,7,2.632959e-04,0.16014,0.0437
6505,7,2.630795e-04,0.15091,0.0478
6506,7,2.628632e-04,0.16125,0.0614
6507,7,2.626471e-04,0.12479,0.0639
6508,7,2.624311e-04,0.13105,0.0502
6509,7,2.622152e-04,0.19288,0.0615
6510,7,2.619995e-04,0.18037,0.0514
6511,7,2.617839e-04,0.17707,0.0400
6512,7,2.615684e-04,0.19631,0.0839
6513,7,2.613530e-04,0.19585,0.0559
6514,7,2.611378e-04,0.15251,0.0539
6515,7,2.609227e-04,0.16568,0.0470
6516,7,2.607078e-04,0.21035,0.0793
6517,7,2.604929e-04,0.20878,0.0674
6518,7,2.602782e-04,0.17495,0.0612
6519,7,2.600636e-04,0.15815,0.0587
6520,7,2.598492e-04,0.15698,0.0446
6521,7,2.596349e-04,0.14038,0.0559
6522,7,2.594207e-04,0.16265,0.0482
6523,7,2.592067e-04,0.15821,0.0455
6524,7,2.589927e-04,0.14009,0.0466
6525,7,2.587790e-04,0.21256,0.0542
6526,7,2.585653e-04,0.17926,0.0558
6527,7,2.583518e-04,0.19941,0.0559
6528,7,2.581384e-04,0.16397,0.0509
6529,7,2.579251e-04,0.16481,0.0468
6530,7,2.577120e-04,0.15600,0.0433
6531,7,2.574990e-04,0.18732,0.0663
6532,7,2.572861e-04,0.15990,0.0479
6533,7,2.570734e-04,0.17151,0.0458
6534,7,2.568608e-04,0.19294,0.0790
6535,7,2.566483e-04,0.12664,0.0438
6536,7,2.564359e-04,0.17324,0.0528
6537,7,2.562237e-04,0.16667,0.0441
6538,7,2.560116e-04,0.19066,0.0872
6539,7,2.557997e-04,0.18557,0.0605
6540,7,2.555879e-04,0.18515,0.0485
6541,7,2.553762e-04,0.16907,0.0452
6542,7,2.551646e-04,0.17399,0.0499
6543,7,2.549532e-04,0.16957,0.0498
6544,7,2.547419e-04,0.14418,0.0461
6545,7,2.545307e-04,0.17456,0.0465
6546,7,2.543197e-04,0.17201,0.0476
6547,7,2.541088e-04,0.18190,0.0522
6548,7,2.538980e-04,0.19924,0.0564
6549,7,2.536874e-04,0.16066,0.0553
6550,7,2.534768e-04,0.20705,0.0563
6551,7,2.532665e-04,0.20357,0.0839
6552,7,2.530562e-04,0.18496,0.0480
6553,7,2.528461e-04,0.15149,0.0434
6554,7,2.526361e-04,0.18424,0.0518
6555,7,2.524263e-04,0.15990,0.0501
6556,7,2.522166e-04,0.13400,0.0430
6557,7,2.520070e-04,0.15554,0.0533
6558,7,2.517975e-04,0.19033,0.0532
6559,7,2.515882e-04,0.18406,0.0550
6560,7,2.513790e-04,0.15129,0.0434
6561,7,2.511699e-04,0.16073,0.0552
6562,7,2.509610e-04,0.15804,0.0421
6563,7,2.507522e-04,0.22117,0.0739
6564,7,2.505435e-04,0.15987,0.0410
6565,7,2.503350e-04,0.17704,0.0490
6566,7,2.501266e-04,0.15046,0.0499
6567,7,2.499184e-04,0.18714,0.0531
6568,7,2.497102e-04,0.15442,0.0589
6569,7,2.495022e-04,0.17609,0.0496
6570,7,2.492943e-04,0.15666,0.0667
6571,7,2.490866e-04,0.20142,0.0828
6572,7,2.488790e-04,0.19267,0.0493
6573,7,2.486715e-04,0.20500,0.0695
6574,7,2.484642e-04,0.18231,0.0552
6575,7,2.482570e-04,0.14657,0.0479
6576,7,2.480499e-04,0.22745,0.0615
6577,7,2.478430e-04,0.16433,0.0511
6578,7,2.476361e-04,0.15394,0.0442
6579,7,2.474295e-04,0.22984,0.0920
6580,7,2.472229e-04,0.17599,0.0473
6581,7,2.470165e-04,0.14547,0.0431
6582,7,2.468102e-04,0.18626,0.0966
6583,7,2.466041e-04,0.20554,0.0770
6584,7,2.463981e-04,0.17552,0.0414
6585,7,2.461922e-04,0.15155,0.0469
6586,7,2.459864e-04,0.15693,0.0552
6587,7,2.457808e-04,0.20383,0.0489
6588,7,2.455753e-04,0.19967,0.0648
6589,7,2.453700e-04,0.14053,0.0513
6590,7,2.451648e-04,0.14476,0.0565
6591,7,2.449597e-04,0.14932,0.0663
6592,7,2.447547e-04,0.18828,0.0578
6593,7,2.445499e-04,0.18600,0.0807
6594,7,2.443452e-04,0.17325,0.0588
6595,7,2.441407e-04,0.20441,0.0498
6596,7,2.439362e-04,0.22635,0.0684
6597,7,2.437320e-04,0.21628,0.0539
6598,7,2.435278e-04,0.19409,0.0560
6599,7,2.433238e-04,0.18012,0.0650
6600,7,2.431199e-04,0.16560,0.0470
6601,7,2.429161e-04,0.15098,0.0482
6602,7,2.427125e-04,0.16080,0.0449
6603,7,2.425090e-04,0.17703,0.0533
6604,7,2.423057e-04,0.14857,0.0524
6605,7,2.421025e-04,0.21121,0.0901
6606,7,2.418994e-04,0.15525,0.0419
6607,7,2.416964e-04,0.16660,0.0523
6608,7,2.414936e-04,0.17534,0.0503
6609,7,2.412909e-04,0.13092,0.0445
6610,7,2.410884e-04,0.22211,0.0625
6611,7,2.408859e-04,0.21056,0.0552
6612,7,2.406837e-04,0.19922,0.0794
6613,7,2.404815e-04,0.15521,0.0429
6614,7,2.402795e-04,0.15812,0.0469
6615,7,2.400776e-04,0.15284,0.0452
6616,7,2.398759e-04,0.15902,0.0451
6617,7,2.396742e-04,0.19124,0.0613
6618,7,2.394728e-04,0.21580,0.0820
6619,7,2.392714e-04,0.19665,0.0414
6620,7,2.390702e-04,0.21925,0.0632
6621,7,2.388691e-04,0.20549,0.0606
6622,7,2.386682e-04,0.17921,0.0466
6623,7,2.384674e-04,0.18174,0.0634
6624,7,2.382667e-04,0.21449,0.0646
6625,7,2.380661e-04,0.13743,0.0423
6626,7,2.378657e-04,0.15596,0.0735
6627,7,2.376654e-04,0.18427,0.0507
6628,7,2.374653e-04,0.15338,0.0519
6629,7,2.372653e-04,0.17486,0.0413
6630,7,2.370654e-04,0.16508,0.0903
6631,7,2.368657e-04,0.16351,0.0443
6632,7,2.366661e-04,0.19103,0.0656
6633,7,2.364666e-04,0.18057,0.0504
6634,7,2.362673e-04,0.15210,0.0521
6635,7,2.360681e-04,0.16454,0.0501
6636,7,2.358690e-04,0.16802,0.0475
6637,7,2.356701e-04,0.16891,0.0537
6638,7,2.354713e-04,0.18555,0.0468
6639,7,2.352726e-04,0.20491,0.0493
6640,7,2.350741e-04,0.18535,0.0586
6641,7,2.348757e-04,0.20905,0.0690
6642,7,2.346774e-04,0.16631,0.0565
6643,7,2.344793e-04,0.16190,0.0587
6644,7,2.342813e-04,0.14988,0.0438
6645,7,2.340835e-04,0.14298,0.0429
6646,7,2.338857e-04,0.17094,0.0549
6647,7,2.336882e-04,0.16648,0.0454
6648,7,2.334907e-04,0.18357,0.0655
6649,7,2.332934e-04,0.16026,0.0470
6650,7,2.330962e-04,0.13335,0.0493
6651,7,2.328992e-04,0.16387,0.0449
6652,7,2.327023e-04,0.18612,0.0652
6653,7,2.325055e-04,0.20292,0.0636
6654,7,2.323088e-04,0.17135,0.0669
6655,7,2.321123e-04,0.15616,0.0457
6656,7,2.319160e-04,0.19221,0.0517
6657,7,2.317197e-04,0.21493,0.0718
6658,7,2.315236e-04,0.18053,0.0638
6659,7,2.313277e-04,0.19206,0.0622
6660,7,2.311318e-04,0.18383,0.0479
6661,7,2.309361e-04,0.17870,0.0502
6662,7,2.307406e-04,0.19102,0.0480
6663,7,2.305452e-04,0.15990,0.0594
6664,7,2.303499e-04,0.12776,0.0466
6665,7,2.301547e-04,0.21499,0.0973
6666,7,2.299597e-04,0.22133,0.0722
6667,7,2.297648e-04,0.14745,0.0433
6668,7,2.295701e-04,0.17822,0.0443
6669,7,2.293755e-04,0.17992,0.0557
6670,7,2.291810e-04,0.16455,0.0408
6671,7,2.289866e-04,0.16553,0.0457
6672,7,2.287924e-04,0.18376,0.0553
6673,7,2.285984e-04,0.17142,0.0563
6674,7,2.284044e-04,0.15650,0.0421
6675,7,2.282106e-04,0.15401,0.0494
6676,7,2.280170e-04,0.17562,0.0825
6677,7,2.278235e-04,0.17182,0.0534
6678,7,2.276301e-04,0.14506,0.0592
6679,7,2.274368e-04,0.22742,0.0741
6680,7,2.272437e-04,0.16641,0.0429
6681,7,2.270507e-04,0.19844,0.0613
6682,7,2.268579e-04,0.18845,0.0634
6683,7,2.266652e-04,0.15022,0.0788
6684,7,2.264726e-04,0.19475,0.0863
6685,7,2.262801e-04,0.17121,0.0645
6686,7,2.260878e-04,0.17538,0.0536
6687,7,2.258957e-04,0.21064,0.0568
6688,7,2.257036e-04,0.16602,0.0456
6689,7,2.255118e-04,0.15901,0.0569
6690,7,2.253200e-04,0.13036,0.0491
6691,7,2.251284e-04,0.13099,0.0536
6692,7,2.249369e-04,0.21326,0.0599
6693,7,2.247455e-04,0.21091,0.0576
6694,7,2.245543e-04,0.19252,0.0476
6695,7,2.243633e-04,0.16315,0.0431
6696,7,2.241723e-04,0.17484,0.0427
6697,7,2.239815e-04,0.13534,0.0584
6698,7,2.237908e-04,0.13592,0.0454
6699,7,2.236003e-04,0.23490,0.0790
6700,7,2.234099e-04,0.11564,0.0547
6701,7,2.232197e-04,0.16560,0.0516
6702,7,2.230295e-04,0.21781,0.0574
6703,7,2.228396e-04,0.20766,0.0519
6704,7,2.226497e-04,0.21442,0.0619
6705,7,2.224600e-04,0.21092,0.0785
6706,7,2.222704e-04,0.17654,0.0474
6707,7,2.220810e-04,0.19092,0.0461
6708,7,2.218917e-04,0.10798,0.0520
6709,7,2.217025e-04,0.18164,0.0442
6710,7,2.215135e-04,0.17493,0.0511
6711,7,2.213246e-04,0.15443,0.0424
6712,7,2.211359e-04,0.15745,0.0534
6713,7,2.209473e-04,0.19628,0.0544
6714,7,2.207588e-04,0.17050,0.0488
6715,7,2.205704e-04,0.15360,0.0540
6716,7,2.203822e-04,0.19773,0.0498
6717,7,2.201942e-04,0.17775,0.0446
6718,7,2.200062e-04,0.17995,0.0547
6719,7,2.198184e-04,0.19778,0.0737
6720,7,2.196308e-04,0.19809,0.0531
6721,7,2.194433e-04,0.17512,0.0526
6722,7,2.192559e-04,0.18205,0.0493
6723,7,2.190686e-04,0.16718,0.0391
6724,7,2.188815e-04,0.17413,0.0502
6725,7,2.186946e-04,0.19998,0.0568
6726,7,2.185077e-04,0.19402,0.0530
6727,7,2.183210e-04,0.21429,0.0696
6728,7,2.181345e-04,0.13327,0.0632
6729,7,2.179481e-04,0.15759,0.0566
6730,7,2.177618e-04,0.15759,0.0553
6731,7,2.175756e-04,0.16964,0.0624
6732,7,2.173896e-04,0.15492,0.0431
6733,7,2.172038e-04,0.18788,0.0571
6734,7,2.170180e-04,0.14637,0.0471
6735,7,2.168324e-04,0.14078,0.0498
6736,7,2.166470e-04,0.19466,0.0535
6737,7,2.164617e-04,0.19650,0.0665
6738,7,2.162765e-04,0.18486,0.0586
6739,7,2.160914e-04,0.14898,0.0604
6740,7,2.159065e-04,0.14979,0.0424
6741,7,2.157218e-04,0.17860,0.0554
6742,7,2.155371e-04,0.16840,0.0606
6743,7,2.153526e-04,0.18591,0.0558
6744,7,2.151683e-04,0.18421,0.0655
6745,7,2.149841e-04,0.19281,0.0745
6746,7,2.148000e-04,0.19870,0.0543
6747,7,2.146160e-04,0.19638,0.0545
6748,7,2.144322e-04,0.19103,0.0444
6749,7,2.142486e-04,0.14433,0.0438
6750,7,2.140650e-04,0.17946,0.0756
6751,7,2.138817e-04,0.13194,0.0723
6752,7,2.136984e-04,0.14993,0.0520
6753,7,2.135153e-04,0.13729,0.0643
6754,7,2.133323e-04,0.17936,0.0525
6755,7,2.131495e-04,0.17894,0.0534
6756,7,2.129668e-04,0.21367,0.0777
6757,7,2.127842e-04,0.17163,0.0430
6758,7,2.126018e-04,0.17958,0.0569
6759,7,2.124195e-04,0.17742,0.0438
6760,7,2.122374e-04,0.14257,0.0482
6761,7,2.120554e-04,0.18254,0.0426
6762,7,2.118735e-04,0.16398,0.0410
6763,7,2.116918e-04,0.16387,0.0519
6764,7,2.115102e-04,0.20190,0.0765
6765,7,2.113287e-04,0.15935,0.0441
6766,7,2.111474e-04,0.20075,0.0855
6767,7,2.109662e-04,0.16847,0.0680
6768,7,2.107852e-04,0.15748,0.0598
6769,7,2.106043e-04,0.17931,0.0498
6770,7,2.104236e-04,0.16530,0.0446
6771,7,2.102429e-04,0.18969,0.0675
6772,7,2.100625e-04,0.16136,0.0464
6773,7,2.098821e-04,0.22606,0.0620
6774,7,2.097019e-04,0.21631,0.0624
6775,7,2.095218e-04,0.21423,0.0606
6776,7,2.093419e-04,0.18705,0.0611
6777,7,2.091621e-04,0.21365,0.0630
6778,7,2.089825e-04,0.17855,0.0463
6779,7,2.088030e-04,0.16626,0.0541
6780,7,2.086236e-04,0.18918,0.0703
6781,7,2.084444e-04,0.14779,0.0394
6782,7,2.082653e-04,0.16019,0.0542
6783,7,2.080863e-04,0.19052,0.0605
6784,7,2.079075e-04,0.16996,0.0618
6785,7,2.077288e-04,0.17116,0.0586
6786,7,2.075503e-04,0.18211,0.0571
6787,7,2.073719e-04,0.18035,0.0541
6788,7,2.071936e-04,0.15612,0.0566
6789,7,2.070155e-04,0.16247,0.0520
6790,7,2.068375e-04,0.16451,0.0527
6791,7,2.066597e-04,0.20110,0.0454
6792,7,2.064820e-04,0.17749,0.0575
6793,7,2.063044e-04,0.14944,0.0407
6794,7,2.061270e-04,0.18694,0.0529
6795,7,2.059497e-04,0.19281,0.0462
6796,7,2.057726e-04,0.16966,0.0566
6797,7,2.055956e-04,0.24901,0.0853
6798,7,2.054187e-04,0.20083,0.0631
6799,7,2.052420e-04,0.20154,0.0645
6800,7,2.050654e-04,0.18169,0.0574
6801,7,2.048890e-04,0.16642,0.0529
6802,7,2.047127e-04,0.18918,0.0511
6803,7,2.045365e-04,0.17653,0.0473
6804,7,2.043605e-04,0.17107,0.0594
6805,7,2.041846e-04,0.16609,0.0459
6806,7,2.040089e-04,0.16987,0.0551
6807,7,2.038332e-04,0.17699,0.0743
6808,7,2.036578e-04,0.19765,0.0521
6809,7,2.034825e-04,0.15313,0.0441
6810,7,2.033073e-04,0.16094,0.0454
6811,7,2.031322e-04,0.18528,0.0465
6812,7,2.029573e-04,0.17929,0.0456
6813,7,2.027825e-04,0.20826,0.0697
6814,7,2.026079e-04,0.16837,0.0436
6815,7,2.024334e-04,0.20960,0.0608
6816,7,2.022591e-04,0.18683,0.0615
6817,7,2.020849e-04,0.17125,0.0669
6818,7,2.019108e-04,0.17374,0.0588
6819,7,2.017369e-04,0.17840,0.0465
6820,7,2.015631e-04,0.19843,0.0474
6821,7,2.013894e-04,0.20703,0.0487
6822,7,2.012159e-04,0.17744,0.0413
6823,7,2.010426e-04,0.15820,0.0555
6824,7,2.008693e-04,0.20769,0.0784
6825,7,2.006963e-04,0.15191,0.0715
6826,7,2.005233e-04,0.22197,0.0608
6827,7,2.003505e-04,0.15023,0.0451
6828,7,2.001778e-04,0.17792,0.0504
6829,7,2.000053e-04,0.13986,0.0544
6830,7,1.998329e-04,0.15171,0.0543
6831,7,1.996607e-04,0.19042,0.0478
6832,7,1.994886e-04,0.15016,0.0418
6833,7,1.993166e-04,0.16995,0.0514
6834,7,1.991448e-04,0.14261,0.0651
6835,7,1.989731e-04,0.18907,0.0666
6836,7,1.988016e-04,0.17960,0.0527
6837,7,1.986302e-04,0.20050,0.0545
6838,7,1.984589e-04,0.16609,0.0447
6839,7,1.982878e-04,0.14205,0.0528
6840,7,1.981168e-04,0.15460,0.0499
6841,7,1.979460e-04,0.13744,0.0533
6842,7,1.977753e-04,0.23488,0.0822
6843,7,1.976047e-04,0.21282,0.0532
6844,7,1.974343e-04,0.16184,0.0489
6845,7,1.972640e-04,0.15320,0.0438
6846,7,1.970939e-04,0.18886,0.0473
6847,7,1.969239e-04,0.14729,0.0452
6848,7,1.967541e-04,0.17286,0.0485
6849,7,1.965844e-04,0.15245,0.0488
6850,7,1.964148e-04,0.21095,0.0593
6851,7,1.962454e-04,0.22639,0.0671
6852,7,1.960761e-04,0.16301,0.0403
6853,7,1.959069e-04,0.20370,0.0606
6854,7,1.957379e-04,0.18825,0.0507
6855,7,1.955691e-04,0.13612,0.0558
6856,7,1.954003e-04,0.18198,0.0847
6857,7,1.952318e-04,0.16656,0.0433
6858,7,1.950633e-04,0.17549,0.0446
6859,7,1.948950e-04,0.16211,0.0495
6860,7,1.947269e-04,0.21304,0.0815
6861,7,1.945588e-04,0.17416,0.0545
6862,7,1.943910e-04,0.13994,0.0564
6863,7,1.942232e-04,0.17128,0.0523
6864,7,1.940556e-04,0.21896,0.0795
6865,7,1.938882e-04,0.20056,0.0573
6866,7,1.937209e-04,0.17313,0.0451
6867,7,1.935537e-04,0.12548,0.0651
6868,7,1.933867e-04,0.17975,0.0629
6869,7,1.932198e-04,0.21757,0.0755
6870,7,1.930531e-04,0.17726,0.0458
6871,7,1.928865e-04,0.14862,0.0571
6872,7,1.927200e-04,0.17568,0.0482
6873,7,1.925537e-04,0.13807,0.0584
6874,7,1.923875e-04,0.17362,0.0450
6875,7,1.922215e-04,0.15530,0.0613
6876,7,1.920556e-04,0.18727,0.0550
6877,7,1.918898e-04,0.19962,0.1070
6878,7,1.917242e-04,0.19313,0.0502
6879,7,1.915587e-04,0.15429,0.0477
6880,7,1.913934e-04,0.16104,0.0498
6881,7,1.912282e-04,0.19058,0.0467
6882,7,1.910632e-04,0.14804,0.0555
6883,7,1.908983e-04,0.17222,0.0418
6884,7,1.907335e-04,0.16589,0.0635
6885,7,1.905689e-04,0.16428,0.0450
6886,7,1.904044e-04,0.19149,0.0608
6887,7,1.902401e-04,0.16174,0.0750
6888,7,1.900759e-04,0.13207,0.0427
6889,7,1.899119e-04,0.20356,0.0541
6890,7,1.897480e-04,0.14042,0.0454
6891,7,1.895842e-04,0.19157,0.0644
6892,7,1.894206e-04,0.16465,0.0480
6893,7,1.892571e-04,0.15495,0.0545
6894,7,1.890938e-04,0.17221,0.0512
6895,7,1.889306e-04,0.21205,0.0838
6896,7,1.887675e-04,0.15778,0.0510
6897,7,1.886046e-04,0.18798,0.0434
6898,7,1.884418e-04,0.13654,0.0662
6899,7,1.882792e-04,0.15123,0.0558
6900,7,1.881167e-04,0.15735,0.0441
6901,7,1.879544e-04,0.19777,0.0576
6902,7,1.877922e-04,0.16914,0.0490
6903,7,1.876301e-04,0.16884,0.0585
6904,7,1.874682e-04,0.20486,0.0492
6905,7,1.873064e-04,0.17922,0.0508
6906,7,1.871448e-04,0.15422,0.0706
6907,7,1.869833e-04,0.14774,0.0571
6908,7,1.868220e-04,0.13851,0.0581
6909,7,1.866608e-04,0.15419,0.0472
6910,7,1.864997e-04,0.17115,0.0417
6911,7,1.863388e-04,0.19686,0.0519
6912,7,1.861780e-04,0.16021,0.0453
6913,7,1.860174e-04,0.16584,0.0427
6914,7,1.858569e-04,0.15499,0.0462
6915,7,1.856966e-04,0.18831,0.0564
6916,7,1.855363e-04,0.13987,0.0546
6917,7,1.853763e-04,0.16348,0.0618
6918,7,1.852164e-04,0.15848,0.0573
6919,7,1.850566e-04,0.16624,0.0488
6920,7,1.848970e-04,0.19025,0.0564
6921,7,1.847375e-04,0.19020,0.0585
6922,7,1.845781e-04,0.19315,0.0556
6923,7,1.844189e-04,0.20747,0.0539
6924,7,1.842599e-04,0.19469,0.0474
6925,7,1.841010e-04,0.18959,0.0541
6926,7,1.839422e-04,0.20077,0.0579
6927,7,1.837836e-04,0.21273,0.0637
6928,7,1.836251e-04,0.15214,0.0446
6929,7,1.834667e-04,0.19831,0.0552
6930,7,1.833085e-04,0.15126,0.0680
6931,7,1.831505e-04,0.17946,0.0452
6932,7,1.829925e-04,0.17835,0.0746
6933,7,1.828348e-04,0.19314,0.0615
6934,7,1.826771e-04,0.15527,0.0568
6935,7,1.825197e-04,0.19115,0.0688
6936,7,1.823623e-04,0.18274,0.0543
6937,7,1.822051e-04,0.19596,0.0653
6938,7,1.820481e-04,0.15437,0.0473
6939,7,1.818912e-04,0.19280,0.0580
6940,7,1.817344e-04,0.14039,0.0533
6941,7,1.815778e-04,0.17151,0.0462
6942,7,1.814213e-04,0.16226,0.0604
6943,7,1.812649e-04,0.18076,0.0549
6944,7,1.811088e-04,0.22007,0.0850
6945,7,1.809527e-04,0.14583,0.0626
6946,7,1.807968e-04,0.16736,0.0426
6947,7,1.806410e-04,0.15590,0.0499
6948,7,1.804854e-04,0.15644,0.0704
6949,7,1.803299e-04,0.12236,0.0594
6950,7,1.801746e-04,0.18765,0.0562
6951,7,1.800194e-04,0.15408,0.0504
6952,7,1.798644e-04,0.20093,0.0475
6953,7,1.797095e-04,0.18805,0.0489
6954,7,1.795547e-04,0.18284,0.0563
6955,7,1.794001e-04,0.14850,0.0491
6956,7,1.792456e-04,0.21376,0.0695
6957,7,1.790913e-04,0.16387,0.0556
6958,7,1.789371e-04,0.21123,0.0915
6959,7,1.787831e-04,0.16298,0.0405
6960,7,1.786292e-04,0.16554,0.0460
6961,7,1.784754e-04,0.17938,0.0556
6962,7,1.783218e-04,0.16498,0.0407
6963,7,1.781684e-04,0.14339,0.0442
6964,7,1.780151e-04,0.20009,0.0676
6965,7,1.778619e-04,0.17081,0.0505
6966,7,1.777089e-04,0.16086,0.0530
6967,7,1.775560e-04,0.16596,0.0513
6968,7,1.774032e-04,0.21836,0.0679
6969,7,1.772506e-04,0.17276,0.0697
6970,7,1.770982e-04,0.14492,0.0534
6971,7,1.769459e-04,0.16799,0.0530
6972,8,1.767937e-04,0.15362,0.0523
6973,8,1.766417e-04,0.14688,0.0514
6974,8,1.764898e-04,0.13569,0.0493
6975,8,1.763381e-04,0.17637,0.0525
6976,8,1.761865e-04,0.20587,0.0500
6977,8,1.760351e-04,0.18712,0.0671
6978,8,1.758838e-04,0.18111,0.0630
6979,8,1.757326e-04,0.20199,0.0736
6980,8,1.755816e-04,0.19650,0.0510
6981,8,1.754307e-04,0.16729,0.0538
6982,8,1.752800e-04,0.18884,0.0557
6983,8,1.751294e-04,0.16390,0.0503
6984,8,1.749790e-04,0.19401,0.0795
6985,8,1.748287e-04,0.17723,0.0525
6986,8,1.746786e-04,0.19372,0.0717
6987,8,1.745286e-04,0.21430,0.0574
6988,8,1.743787e-04,0.20331,0.0527
6989,8,1.742290e-04,0.16506,0.0432
6990,8,1.740794e-04,0.15195,0.0530
6991,8,1.739300e-04,0.14692,0.0482
6992,8,1.737808e-04,0.15721,0.0568
6993,8,1.736316e-04,0.22217,0.0949
6994,8,1.734826e-04,0.14932,0.0440
6995,8,1.733338e-04,0.15477,0.0515
6996,8,1.731851e-04,0.16988,0.0473
6997,8,1.730366e-04,0.18261,0.0505
6998,8,1.728881e-04,0.17283,0.0497
6999,8,1.727399e-04,0.15960,0.0483
7000,8,1.725918e-04,0.14016,0.0608
7001,8,1.724438e-04,0.17263,0.0421
7002,8,1.722960e-04,0.17078,0.0472
7003,8,1.721483e-04,0.16004,0.0534
7004,8,1.720008e-04,0.17469,0.0566
7005,8,1.718534e-04,0.17534,0.0512
7006,8,1.717061e-04,0.16406,0.0478
7007,8,1.715590e-04,0.21364,0.0583
7008,8,1.714121e-04,0.13815,0.0488
7009,8,1.712653e-04,0.23058,0.0677
7010,8,1.711186e-04,0.17924,0.0512
7011,8,1.709721e-04,0.20630,0.0579
7012,8,1.708257e-04,0.18265,0.0774
7013,8,1.706795e-04,0.14843,0.0578
7014,8,1.705334e-04,0.16935,0.0677
7015,8,1.703874e-04,0.15797,0.0463
7016,8,1.702417e-04,0.14264,0.0517
7017,8,1.700960e-04,0.18446,0.0432
7018,8,1.699505e-04,0.15200,0.0502
7019,8,1.698051e-04,0.18072,0.0567
7020,8,1.696599e-04,0.15620,0.0559
7021,8,1.695149e-04,0.21014,0.0565
7022,8,1.693699e-04,0.18382,0.0486
7023,8,1.692252e-04,0.17782,0.0712
7024,8,1.690805e-04,0.17267,0.0776
7025,8,1.689361e-04,0.18996,0.0525
7026,8,1.687917e-04,0.16637,0.0643
7027,8,1.686475e-04,0.18478,0.0591
7028,8,1.685035e-04,0.19549,0.0515
7029,8,1.683596e-04,0.13816,0.0795
7030,8,1.682158e-04,0.14423,0.0487
7031,8,1.680722e-04,0.18038,0.0566
7032,8,1.679287e-04,0.16787,0.0512
7033,8,1.677854e-04,0.17154,0.0559
7034,8,1.676423e-04,0.13891,0.0458
7035,8,1.674992e-04,0.15022,0.0471
7036,8,1.673563e-04,0.14679,0.0419
7037,8,1.672136e-04,0.17040,0.0406
7038,8,1.670710e-04,0.15233,0.0419
7039,8,1.669286e-04,0.18307,0.0647
7040,8,1.667863e-04,0.23570,0.0685
7041,8,1.666441e-04,0.22658,0.0729
7042,8,1.665021e-04,0.15537,0.0610
7043,8,1.663603e-04,0.19546,0.0521
7044,8,1.662185e-04,0.19292,0.0482
7045,8,1.660770e-04,0.17247,0.0463
7046,8,1.659356e-04,0.20291,0.0673
7047,8,1.657943e-04,0.17703,0.0410
7048,8,1.656531e-04,0.18007,0.0589
7049,8,1.655122e-04,0.15841,0.0409
7050,8,1.653713e-04,0.14138,0.0463
7051,8,1.652306e-04,0.15702,0.0444
7052,8,1.650901e-04,0.18478,0.0624
7053,8,1.649497e-04,0.14542,0.0453
7054,8,1.648094e-04,0.15983,0.0413
7055,8,1.646693e-04,0.19992,0.0854
7056,8,1.645294e-04,0.18494,0.0584
7057,8,1.643896e-04,0.12020,0.0497
7058,8,1.642499e-04,0.16281,0.0477
7059,8,1.641104e-04,0.15352,0.0458
7060,8,1.639710e-04,0.18363,0.0501
7061,8,1.638318e-04,0.16755,0.0691
7062,8,1.636927e-04,0.19051,0.0804
7063,8,1.635537e-04,0.17857,0.0491
7064,8,1.634149e-04,0.18790,0.0670
7065,8,1.632763e-04,0.20217,0.0468
7066,8,1.631378e-04,0.14137,0.0523
7067,8,1.629995e-04,0.17805,0.0516
7068,8,1.628613e-04,0.18870,0.0501
7069,8,1.627232e-04,0.15419,0.0660
7070,8,1.625853e-04,0.16636,0.0444
7071,8,1.624475e-04,0.17201,0.0464
7072,8,1.623099e-04,0.18581,0.0756
7073,8,1.621724e-04,0.14942,0.0538
7074,8,1.620351e-04,0.17135,0.0570
7075,8,1.618979e-04,0.19859,0.0608
7076,8,1.617609e-04,0.16415,0.0434
7077,8,1.616240e-04,0.17854,0.0455
7078,8,1.614873e-04,0.14060,0.0542
7079,8,1.613507e-04,0.20522,0.0596
7080,8,1.612143e-04,0.18522,0.0458
7081,8,1.610780e-04,0.19002,0.0566
7082,8,1.609418e-04,0.14793,0.0448
7083,8,1.608058e-04,0.18369,0.0584
7084,8,1.606699e-04,0.17574,0.0640
7085,8,1.605342e-04,0.20926,0.0934
7086,8,1.603987e-04,0.18044,0.0855
7087,8,1.602633e-04,0.13838,0.0524
7088,8,1.601280e-04,0.19019,0.0719
7089,8,1.599929e-04,0.15965,0.0462
7090,8,1.598579e-04,0.15310,0.0636
7091,8,1.597231e-04,0.16322,0.0503
7092,8,1.595884e-04,0.19607,0.0480
7093,8,1.594539e-04,0.22590,0.0919
7094,8,1.593195e-04,0.16690,0.0542
7095,8,1.591852e-04,0.15976,0.0410
7096,8,1.590511e-04,0.12557,0.0473
7097,8,1.589172e-04,0.17516,0.0576
7098,8,1.587834e-04,0.20008,0.0607
7099,8,1.586498e-04,0.16174,0.0469
7100,8,1.585163e-04,0.19396,0.0724
7101,8,1.583829e-04,0.15687,0.0571
7102,8,1.582497e-04,0.12043,0.0584
7103,8,1.581166e-04,0.17029,0.0548
7104,8,1.579837e-04,0.16571,0.0485
7105,8,1.578510e-04,0.16742,0.0439
7106,8,1.577183e-04,0.14771,0.0501
7107,8,1.575859e-04,0.17792,0.0782
7108,8,1.574535e-04,0.18021,0.0456
7109,8,1.573214e-04,0.19730,0.0512
7110,8,1.571893e-04,0.17983,0.0781
7111,8,1.570575e-04,0.16725,0.0490
7112,8,1.569257e-04,0.18224,0.0514
7113,8,1.567941e-04,0.18477,0.0536
7114,8,1.566627e-04,0.14935,0.0471
7115,8,1.565314e-04,0.15516,0.0460
7116,8,1.564003e-04,0.18441,0.0496
7117,8,1.562693e-04,0.14273,0.0470
7118,8,1.561384e-04,0.16194,0.0713
7119,8,1.560077e-04,0.20601,0.0530
7120,8,1.558772e-04,0.18077,0.0512
7121,8,1.557468e-04,0.15725,0.0403
7122,8,1.556165e-04,0.15679,0.0583
7123,8,1.554864e-04,0.17927,0.0505
7124,8,1.553564e-04,0.22602,0.0615
7125,8,1.552266e-04,0.14375,0.0614
7126,8,1.550970e-04,0.13221,0.0446
7127,8,1.549674e-04,0.17562,0.0624
7128,8,1.548381e-04,0.14929,0.0451
7129,8,1.547088e-04,0.15048,0.0437
7130,8,1.545798e-04,0.13832,0.0543
7131,8,1.544508e-04,0.16750,0.0397
7132,8,1.543221e-04,0.18056,0.0555
7133,8,1.541934e-04,0.18450,0.0834
7134,8,1.540650e-04,0.15929,0.0380
7135,8,1.539366e-04,0.16780,0.0504
7136,8,1.538084e-04,0.17567,0.0532
7137,8,1.536804e-04,0.13678,0.0508
7138,8,1.535525e-04,0.15984,0.0529
7139,8,1.534248e-04,0.13955,0.0535
7140,8,1.532972e-04,0.14425,0.0519
7141,8,1.531697e-04,0.16233,0.0683
7142,8,1.530424e-04,0.16108,0.0424
7143,8,1.529153e-04,0.16085,0.0552
7144,8,1.527883e-04,0.18408,0.0635
7145,8,1.526614e-04,0.18869,0.0494
7146,8,1.525347e-04,0.18642,0.0769
7147,8,1.524082e-04,0.16858,0.0459
7148,8,1.522818e-04,0.16727,0.0578
7149,8,1.521555e-04,0.18624,0.0485
7150,8,1.520294e-04,0.14719,0.0426
7151,8,1.519034e-04,0.17488,0.0521
7152,8,1.517776e-04,0.18142,0.0634
7153,8,1.516519e-04,0.18613,0.0600
7154,8,1.515264e-04,0.16071,0.0568
7155,8,1.514011e-04,0.17106,0.0469
7156,8,1.512758e-04,0.15357,0.0595
7157,8,1.511508e-04,0.15598,0.0458
7158,8,1.510258e-04,0.22010,0.0661
7159,8,1.509011e-04,0.18455,0.0469
7160,8,1.507764e-04,0.19181,0.0510
7161,8,1.506520e-04,0.17813,0.0764
7162,8,1.505276e-04,0.16742,0.0462
7163,8,1.504034e-04,0.17241,0.0696
7164,8,1.502794e-04,0.19602,0.0498
7165,8,1.501555e-04,0.17173,0.0551
7166,8,1.500318e-04,0.22260,0.0688
7167,8,1.499082e-04,0.14107,0.0454
7168,8,1.497848e-04,0.14275,0.0447
7169,8,1.496615e-04,0.19939,0.0618
7170,8,1.495383e-04,0.18989,0.0558
7171,8,1.494154e-04,0.17589,0.0473
7172,8,1.492925e-04,0.16027,0.0571
7173,8,1.491698e-04,0.13806,0.0702
7174,8,1.490473e-04,0.19824,0.0509
7175,8,1.489249e-04,0.14739,0.0724
7176,8,1.488026e-04,0.18993,0.0532
7177,8,1.486805e-04,0.16945,0.0436
7178,8,1.485586e-04,0.18718,0.0525
7179,8,1.484368e-04,0.16147,0.0487
7180,8,1.483151e-04,0.17969,0.0482
7181,8,1.481936e-04,0.19965,0.0533
7182,8,1.480723e-04,0.18917,0.0496
7183,8,1.479511e-04,0.14795,0.0635
7184,8,1.478300e-04,0.17218,0.0600
7185,8,1.477091e-04,0.19786,0.0601
7186,8,1.475883e-04,0.18385,0.0592
7187,8,1.474677e-04,0.16244,0.0383
7188,8,1.473473e-04,0.18452,0.0473
7189,8,1.472270e-04,0.18983,0.0517
7190,8,1.471068e-04,0.17002,0.0544
7191,8,1.469868e-04,0.18006,0.0517
7192,8,1.468669e-04,0.16869,0.0540
7193,8,1.467472e-04,0.15956,0.0526
7194,8,1.466277e-04,0.15280,0.0494
7195,8,1.465082e-04,0.17626,0.0632
7196,8,1.463890e-04,0.15115,0.0486
7197,8,1.462699e-04,0.16110,0.0514
7198,8,1.461509e-04,0.12610,0.0401
7199,8,1.460321e-04,0.16856,0.0787
7200,8,1.459134e-04,0.13793,0.0618
7201,8,1.457949e-04,0.18651,0.0609
7202,8,1.456765e-04,0.14218,0.0566
7203,8,1.455583e-04,0.22490,0.0926
7204,8,1.454402e-04,0.14342,0.0437
7205,8,1.453223e-04,0.23019,0.0709
7206,8,1.452045e-04,0.18322,0.0481
7207,8,1.450869e-04,0.19464,0.0558
7208,8,1.449694e-04,0.15162,0.0450
7209,8,1.448521e-04,0.16903,0.0738
7210,8,1.447349e-04,0.19826,0.0624
7211,8,1.446179e-04,0.19548,0.0513
7212,8,1.445010e-04,0.18458,0.0508
7213,8,1.443843e-04,0.16852,0.0493
7214,8,1.442677e-04,0.16521,0.0427
7215,8,1.441513e-04,0.20963,0.0595
7216,8,1.440350e-04,0.19527,0.0572
7217,8,1.439189e-04,0.16876,0.0425
7218,8,1.438029e-04,0.19338,0.0541
7219,8,1.436871e-04,0.13933,0.0452
7220,8,1.435714e-04,0.20341,0.0632
7221,8,1.434559e-04,0.21154,0.0516
7222,8,1.433405e-04,0.15655,0.0511
7223,8,1.432253e-04,0.14690,0.0528
7224,8,1.431102e-04,0.26514,0.0957
7225,8,1.429953e-04,0.13469,0.0710
7226,8,1.428805e-04,0.19184,0.0589
7227,8,1.427659e-04,0.17542,0.0641
7228,8,1.426514e-04,0.19251,0.0555
7229,8,1.425371e-04,0.15494,0.0525
7230,8,1.424229e-04,0.17505,0.0548
7231,8,1.423089e-04,0.17074,0.0522
7232,8,1.421950e-04,0.15385,0.0380
7233,8,1.420813e-04,0.19950,0.0523
7234,8,1.419677e-04,0.16185,0.0628
7235,8,1.418543e-04,0.17791,0.0450
7236,8,1.417410e-04,0.17172,0.0429
7237,8,1.416279e-04,0.16467,0.0624
7238,8,1.415149e-04,0.18586,0.0534
7239,8,1.414020e-04,0.19963,0.0712
7240,8,1.412894e-04,0.15490,0.0409
7241,8,1.411768e-04,0.16955,0.0544
7242,8,1.410645e-04,0.15984,0.0547
7243,8,1.409522e-04,0.15656,0.0575
7244,8,1.408402e-04,0.18254,0.0952
7245,8,1.407282e-04,0.17029,0.0571
7246,8,1.406164e-04,0.15814,0.0472
7247,8,1.405048e-04,0.19174,0.0825
7248,8,1.403933e-04,0.15665,0.0521
7249,8,1.402820e-04,0.19637,0.0833
7250,8,1.401708e-04,0.14894,0.0604
7251,8,1.400598e-04,0.13928,0.0460
7252,8,1.399489e-04,0.18075,0.0575
7253,8,1.398382e-04,0.15852,0.0571
7254,8,1.397276e-04,0.16304,0.0585
7255,8,1.396172e-04,0.17735,0.0485
7256,8,1.395069e-04,0.15964,0.0399
7257,8,1.393968e-04,0.16326,0.0565
7258,8,1.392868e-04,0.18625,0.0501
7259,8,1.391770e-04,0.16278,0.0521
7260,8,1.390673e-04,0.19424,0.0581
7261,8,1.389578e-04,0.17991,0.0497
7262,8,1.388485e-04,0.15917,0.0443
7263,8,1.387392e-04,0.15553,0.0554
7264,8,1.386302e-04,0.17396,0.0469
7265,8,1.385212e-04,0.15155,0.0487
7266,8,1.384125e-04,0.20182,0.0813
7267,8,1.383039e-04,0.14038,0.0505
7268,8,1.381954e-04,0.20453,0.0625
7269,8,1.380871e-04,0.15685,0.0508
7270,8,1.379789e-04,0.17923,0.0517
7271,8,1.378709e-04,0.18003,0.0580
7272,8,1.377630e-04,0.16331,0.0553
7273,8,1.376553e-04,0.20046,0.0608
7274,8,1.375477e-04,0.15357,0.0480
7275,8,1.374403e-04,0.14671,0.0540
7276,8,1.373331e-04,0.17505,0.0637
7277,8,1.372260e-04,0.20109,0.1152
7278,8,1.371190e-04,0.16760,0.0492
7279,8,1.370122e-04,0.16176,0.0645
7280,8,1.369055e-04,0.22074,0.0617
7281,8,1.367990e-04,0.17946,0.0541
7282,8,1.366927e-04,0.23416,0.0649
7283,8,1.365865e-04,0.14172,0.0712
7284,8,1.364804e-04,0.20499,0.0655
7285,8,1.363745e-04,0.19957,0.0691
7286,8,1.362687e-04,0.15365,0.0568
7287,8,1.361631e-04,0.14694,0.0433
7288,8,1.360577e-04,0.19131,0.0626
7289,8,1.359524e-04,0.14877,0.0464
7290,8,1.358472e-04,0.20641,0.0733
7291,8,1.357422e-04,0.20188,0.0658
7292,8,1.356374e-04,0.17173,0.0455
7293,8,1.355327e-04,0.20561,0.0521
7294,8,1.354282e-04,0.15692,0.0551
7295,8,1.353238e-04,0.19072,0.0601
7296,8,1.352195e-04,0.16091,0.0525
7297,8,1.351154e-04,0.21107,0.0658
7298,8,1.350115e-04,0.15549,0.0442
7299,8,1.349077e-04,0.21747,0.0706
7300,8,1.348041e-04,0.22294,0.0729
7301,8,1.347006e-04,0.17295,0.0562
7302,8,1.345972e-04,0.18165,0.0437
7303,8,1.344940e-04,0.17339,0.0478
7304,8,1.343910e-04,0.14289,0.0537
7305,8,1.342881e-04,0.18534,0.0608
7306,8,1.341854e-04,0.18220,0.0541
7307,8,1.340828e-04,0.14478,0.0601
7308,8,1.339804e-04,0.17580,0.0583
7309,8,1.338781e-04,0.17691,0.0594
7310,8,1.337760e-04,0.21701,0.0514
7311,8,1.336740e-04,0.14979,0.0464
7312,8,1.335722e-04,0.19795,0.0528
7313,8,1.334705e-04,0.14712,0.0511
7314,8,1.333690e-04,0.17487,0.0608
7315,8,1.332676e-04,0.18627,0.0550
7316,8,1.331664e-04,0.15691,0.0605
7317,8,1.330654e-04,0.15778,0.0451
7318,8,1.329644e-04,0.21904,0.0691
7319,8,1.328637e-04,0.17984,0.0641
7320,8,1.327631e-04,0.18219,0.0539
7321,8,1.326626e-04,0.19255,0.0496
7322,8,1.325623e-04,0.20484,0.0579
7323,8,1.324621e-04,0.20197,0.0609
7324,8,1.323621e-04,0.15802,0.0534
7325,8,1.322623e-04,0.14747,0.0489
7326,8,1.321626e-04,0.20291,0.0655
7327,8,1.320630e-04,0.20055,0.0530
7328,8,1.319636e-04,0.20956,0.0648
7329,8,1.318644e-04,0.16011,0.0526
7330,8,1.317653e-04,0.18459,0.0558
7331,8,1.316663e-04,0.17251,0.0488
7332,8,1.315676e-04,0.15997,0.0580
7333,8,1.314689e-04,0.17241,0.0641
7334,8,1.313704e-04,0.21100,0.0619
7335,8,1.312721e-04,0.14833,0.0421
7336,8,1.311739e-04,0.21543,0.0602
7337,8,1.310759e-04,0.17327,0.0441
7338,8,1.309780e-04,0.14070,0.0434
7339,8,1.308803e-04,0.17616,0.0507
7340,8,1.307827e-04,0.17044,0.0448
7341,8,1.306853e-04,0.12242,0.0550
7342,8,1.305880e-04,0.16595,0.0548
7343,8,1.304909e-04,0.15820,0.0463
7344,8,1.303939e-04,0.20605,0.0745
7345,8,1.302971e-04,0.13158,0.0515
7346,8,1.302004e-04,0.14370,0.0450
7347,8,1.301039e-04,0.16592,0.0491
7348,8,1.300075e-04,0.13909,0.0632
7349,8,1.299113e-04,0.16098,0.0573
7350,8,1.298153e-04,0.17419,0.0462
7351,8,1.297194e-04,0.20428,0.0699
7352,8,1.296236e-04,0.16741,0.0632
7353,8,1.295280e-04,0.16474,0.0522
7354,8,1.294326e-04,0.18149,0.0450
7355,8,1.293373e-04,0.19577,0.0517
7356,8,1.292421e-04,0.14899,0.0435
7357,8,1.291471e-04,0.20137,0.0546
7358,8,1.290523e-04,0.16570,0.0580
7359,8,1.289576e-04,0.20516,0.0748
7360,8,1.288631e-04,0.14414,0.0564
7361,8,1.287687e-04,0.18091,0.0576
7362,8,1.286744e-04,0.15532,0.0564
7363,8,1.285804e-04,0.23125,0.0954
7364,8,1.284864e-04,0.21541,0.0647
7365,8,1.283927e-04,0.18703,0.0474
7366,8,1.282990e-04,0.19581,0.0676
7367,8,1.282056e-04,0.13758,0.0475
7368,8,1.281122e-04,0.20287,0.0693
7369,8,1.280191e-04,0.13262,0.0430
7370,8,1.279261e-04,0.19273,0.0563
7371,8,1.278332e-04,0.17932,0.0571
7372,8,1.277405e-04,0.17119,0.0558
7373,8,1.276479e-04,0.20130,0.0643
7374,8,1.275555e-04,0.13226,0.0460
7375,8,1.274633e-04,0.17869,0.0498
7376,8,1.273712e-04,0.12480,0.0628
7377,8,1.272792e-04,0.17778,0.0560
7378,8,1.271874e-04,0.17048,0.0499
7379,8,1.270958e-04,0.18090,0.0585
7380,8,1.270043e-04,0.18103,0.0527
7381,8,1.269130e-04,0.19942,0.0488
7382,8,1.268218e-04,0.17478,0.0477
7383,8,1.267308e-04,0.20043,0.0589
7384,8,1.266399e-04,0.13303,0.0639
7385,8,1.265491e-04,0.18623,0.0566
7386,8,1.264586e-04,0.19160,0.0641
7387,8,1.263682e-04,0.17133,0.0452
7388,8,1.262779e-04,0.23639,0.0698
7389,8,1.261878e-04,0.15900,0.0682
7390,8,1.260978e-04,0.15576,0.0494
7391,8,1.260080e-04,0.19156,0.0480
7392,8,1.259183e-04,0.17290,0.0544
7393,8,1.258288e-04,0.18909,0.0588
7394,8,1.257395e-04,0.15149,0.0654
7395,8,1.256503e-04,0.14839,0.0475
7396,8,1.255612e-04,0.16990,0.0516
7397,8,1.254723e-04,0.20916,0.0580
7398,8,1.253836e-04,0.16684,0.0463
7399,8,1.252950e-04,0.17296,0.0517
7400,8,1.252066e-04,0.13212,0.0592
7401,8,1.251183e-04,0.14235,0.0604
7402,8,1.250301e-04,0.19796,0.0718
7403,8,1.249422e-04,0.16148,0.0536
7404,8,1.248543e-04,0.15347,0.0397
7405,8,1.247667e-04,0.18082,0.0575
7406,8,1.246791e-04,0.17127,0.0606
7407,8,1.245918e-04,0.13922,0.0549
7408,8,1.245046e-04,0.17182,0.0709
7409,8,1.244175e-04,0.15900,0.0477
7410,8,1.243306e-04,0.17916,0.0613
7411,8,1.242438e-04,0.15968,0.0453
7412,8,1.241572e-04,0.22832,0.0713
7413,8,1.240708e-04,0.18286,0.0449
7414,8,1.239845e-04,0.15968,0.0656
7415,8,1.238983e-04,0.16173,0.0417
7416,8,1.238123e-04,0.15440,0.0566
7417,8,1.237265e-04,0.21229,0.0633
7418,8,1.236408e-04,0.14777,0.0489
7419,8,1.235553e-04,0.15084,0.0818
7420,8,1.234699e-04,0.21968,0.0671
7421,8,1.233847e-04,0.17654,0.0542
7422,8,1.232996e-04,0.16827,0.0611
7423,8,1.232147e-04,0.15454,0.0422
7424,8,1.231299e-04,0.19346,0.0521
7425,8,1.230453e-04,0.20540,0.0947
7426,8,1.229609e-04,0.16470,0.0590
7427,8,1.228765e-04,0.18977,0.0464
7428,8,1.227924e-04,0.14941,0.0480
7429,8,1.227084e-04,0.14738,0.0556
7430,8,1.226245e-04,0.17891,0.0514
7431,8,1.225409e-04,0.15948,0.0477
7432,8,1.224573e-04,0.18790,0.0842
7433,8,1.223739e-04,0.16984,0.0432
7434,8,1.222907e-04,0.19053,0.0580
7435,8,1.222076e-04,0.16908,0.0580
7436,8,1.221247e-04,0.14205,0.0521
7437,8,1.220419e-04,0.19045,0.0556
7438,8,1.219593e-04,0.16705,0.0537
7439,8,1.218768e-04,0.16630,0.0540
7440,8,1.217945e-04,0.20300,0.0572
7441,8,1.217123e-04,0.16551,0.0430
7442,8,1.216303e-04,0.16174,0.0483
7443,8,1.215485e-04,0.18448,0.0461
7444,8,1.214668e-04,0.19519,0.0589
7445,8,1.213852e-04,0.16368,0.0611
7446,8,1.213038e-04,0.14701,0.0557
7447,8,1.212226e-04,0.15434,0.0611
7448,8,1.211415e-04,0.17709,0.0444
7449,8,1.210606e-04,0.15854,0.0537
7450,8,1.209798e-04,0.16105,0.0728
7451,8,1.208992e-04,0.17491,0.0462
7452,8,1.208187e-04,0.19178,0.0554
7453,8,1.207384e-04,0.15432,0.0447
7454,8,1.206582e-04,0.16889,0.0553
7455,8,1.205782e-04,0.20602,0.0767
7456,8,1.204983e-04,0.23164,0.0841
7457,8,1.204186e-04,0.15258,0.0656
7458,8,1.203391e-04,0.17588,0.0454
7459,8,1.202597e-04,0.17527,0.0510
7460,8,1.201804e-04,0.12441,0.0644
7461,8,1.201013e-04,0.18241,0.0674
7462,8,1.200224e-04,0.15545,0.0466
7463,8,1.199436e-04,0.16419,0.0506
7464,8,1.198650e-04,0.18842,0.0958
7465,8,1.197865e-04,0.17839,0.0512
7466,8,1.197082e-04,0.18563,0.0541
7467,8,1.196300e-04,0.14980,0.0530
7468,8,1.195520e-04,0.15306,0.0482
7469,8,1.194741e-04,0.16820,0.0492
7470,8,1.193964e-04,0.16004,0.0542
7471,8,1.193189e-04,0.17729,0.0441
7472,8,1.192415e-04,0.19332,0.0439
7473,8,1.191642e-04,0.20345,0.0665
7474,8,1.190871e-04,0.13074,0.0502
7475,8,1.190102e-04,0.16097,0.0422
7476,8,1.189334e-04,0.15642,0.0556
7477,8,1.188568e-04,0.19271,0.0582
7478,8,1.187803e-04,0.17610,0.0540
7479,8,1.187040e-04,0.18954,0.0443
7480,8,1.186278e-04,0.19238,0.0587
7481,8,1.185518e-04,0.13518,0.0605
7482,8,1.184759e-04,0.21463,0.0639
7483,8,1.184002e-04,0.15179,0.0560
7484,8,1.183247e-04,0.16677,0.0406
7485,8,1.182493e-04,0.17003,0.0570
7486,8,1.181740e-04,0.16019,0.0399
7487,8,1.180989e-04,0.16893,0.0526
7488,8,1.180240e-04,0.20689,0.0623
7489,8,1.179492e-04,0.17374,0.0466
7490,8,1.178746e-04,0.16450,0.0455
7491,8,1.178001e-04,0.17719,0.0575
7492,8,1.177258e-04,0.16856,0.0752
7493,8,1.176516e-04,0.17879,0.0570
7494,8,1.175776e-04,0.18471,0.0506
7495,8,1.175037e-04,0.22560,0.0635
7496,8,1.174300e-04,0.19835,0.0945
7497,8,1.173565e-04,0.15000,0.0594
7498,8,1.172831e-04,0.15959,0.0457
7499,8,1.172098e-04,0.15037,0.0600
7500,8,1.171367e-04,0.14781,0.0427
7501,8,1.170638e-04,0.13431,0.0511
7502,8,1.169910e-04,0.15820,0.0435
7503,8,1.169184e-04,0.16711,0.0692
7504,8,1.168459e-04,0.17706,0.0468
7505,8,1.167736e-04,0.20092,0.0471
7506,8,1.167014e-04,0.14014,0.0567
7507,8,1.166294e-04,0.15667,0.0559
7508,8,1.165576e-04,0.18289,0.0848
7509,8,1.164859e-04,0.21488,0.0777
7510,8,1.164143e-04,0.15995,0.0472
7511,8,1.163429e-04,0.13960,0.0555
7512,8,1.162717e-04,0.23181,0.0720
7513,8,1.162006e-04,0.16669,0.0442
7514,8,1.161297e-04,0.13953,0.0503
7515,8,1.160589e-04,0.13195,0.0646
7516,8,1.159883e-04,0.13272,0.0633
7517,8,1.159178e-04,0.17276,0.0505
7518,8,1.158475e-04,0.17652,0.0510
7519,8,1.157773e-04,0.15755,0.0626
7520,8,1.157073e-04,0.14351,0.0569
7521,8,1.156375e-04,0.16768,0.0440
7522,8,1.155678e-04,0.17449,0.0506
7523,8,1.154982e-04,0.16349,0.0604
7524,8,1.154289e-04,0.19548,0.0544
7525,8,1.153596e-04,0.22333,0.0612
7526,8,1.152905e-04,0.16330,0.0407
7527,8,1.152216e-04,0.19814,0.0725
7528,8,1.151528e-04,0.17417,0.0657
7529,8,1.150842e-04,0.13007,0.0486
7530,8,1.150158e-04,0.14691,0.0467
7531,8,1.149475e-04,0.21819,0.0872
7532,8,1.148793e-04,0.12919,0.0572
7533,8,1.148113e-04,0.21266,0.0694
7534,8,1.147435e-04,0.16200,0.0526
7535,8,1.146758e-04,0.20742,0.0606
7536,8,1.146082e-04,0.15299,0.0456
7537,8,1.145409e-04,0.16178,0.0623
7538,8,1.144736e-04,0.14749,0.0441
7539,8,1.144066e-04,0.21805,0.0620
7540,8,1.143397e-04,0.15376,0.0472
7541,8,1.142729e-04,0.16448,0.0474
7542,8,1.142063e-04,0.21182,0.0624
7543,8,1.141398e-04,0.19908,0.0545
7544,8,1.140735e-04,0.20004,0.0536
7545,8,1.140074e-04,0.17347,0.0461
7546,8,1.139414e-04,0.16642,0.0457
7547,8,1.138756e-04,0.15002,0.0435
7548,8,1.138099e-04,0.16734,0.0507
7549,8,1.137444e-04,0.17777,0.0445
7550,8,1.136790e-04,0.15136,0.0477
7551,8,1.136138e-04,0.20177,0.0540
7552,8,1.135487e-04,0.18176,0.0566
7553,8,1.134838e-04,0.16177,0.0419
7554,8,1.134191e-04,0.14881,0.0520
7555,8,1.133545e-04,0.21427,0.0622
7556,8,1.132900e-04,0.19860,0.0704
7557,8,1.132257e-04,0.19177,0.0520
7558,8,1.131616e-04,0.18351,0.0444
7559,8,1.130976e-04,0.19661,0.0564
7560,8,1.130338e-04,0.19085,0.0494
7561,8,1.129701e-04,0.17030,0.0667
7562,8,1.129066e-04,0.15637,0.0466
7563,8,1.128433e-04,0.17412,0.0541
7564,8,1.127801e-04,0.15264,0.0431
7565,8,1.127170e-04,0.21721,0.0550
7566,8,1.126541e-04,0.17947,0.0733
7567,8,1.125914e-04,0.20785,0.0704
7568,8,1.125288e-04,0.16499,0.0707
7569,8,1.124664e-04,0.16734,0.0522
7570,8,1.124041e-04,0.14383,0.0427
7571,8,1.123420e-04,0.18875,0.0508
7572,8,1.122800e-04,0.14431,0.0448
7573,8,1.122182e-04,0.16441,0.0472
7574,8,1.121566e-04,0.20966,0.0678
7575,8,1.120951e-04,0.15699,0.0514
7576,8,1.120337e-04,0.21564,0.0658
7577,8,1.119725e-04,0.16408,0.0508
7578,8,1.119115e-04,0.15603,0.0657
7579,8,1.118506e-04,0.17818,0.0499
7580,8,1.117899e-04,0.20412,0.0535
7581,8,1.117293e-04,0.14855,0.0491
7582,8,1.116689e-04,0.17764,0.0474
7583,8,1.116087e-04,0.15140,0.0569
7584,8,1.115485e-04,0.17279,0.0582
7585,8,1.114886e-04,0.14307,0.0460
7586,8,1.114288e-04,0.18373,0.0527
7587,8,1.113692e-04,0.18583,0.0483
7588,8,1.113097e-04,0.23989,0.0912
7589,8,1.112504e-04,0.16919,0.0579
7590,8,1.111912e-04,0.19034,0.0471
7591,8,1.111322e-04,0.22503,0.1358
7592,8,1.110733e-04,0.16951,0.0471
7593,8,1.110146e-04,0.13217,0.0510
7594,8,1.109560e-04,0.17457,0.0569
7595,8,1.108976e-04,0.16002,0.0495
7596,8,1.108394e-04,0.17122,0.0552
7597,8,1.107813e-04,0.14138,0.0513
7598,8,1.107234e-04,0.18042,0.0549
7599,8,1.106656e-04,0.13045,0.0441
7600,8,1.106080e-04,0.23829,0.0687
7601,8,1.105505e-04,0.19985,0.0758
7602,8,1.104932e-04,0.19517,0.0484
7603,8,1.104360e-04,0.15358,0.0434
7604,8,1.103790e-04,0.17176,0.0545
7605,8,1.103222e-04,0.17078,0.0516
7606,8,1.102655e-04,0.18305,0.0499
7607,8,1.102090e-04,0.16225,0.0468
7608,8,1.101526e-04,0.17719,0.0506
7609,8,1.100964e-04,0.15214,0.0523
7610,8,1.100403e-04,0.17560,0.0546
7611,8,1.099844e-04,0.14789,0.0498
7612,8,1.099286e-04,0.16892,0.0599
7613,8,1.098730e-04,0.18095,0.0470
7614,8,1.098176e-04,0.17926,0.0444
7615,8,1.097623e-04,0.17354,0.0425
7616,8,1.097071e-04,0.16443,0.0546
7617,8,1.096522e-04,0.17359,0.0432
7618,8,1.095973e-04,0.16730,0.0461
7619,8,1.095427e-04,0.17282,0.0540
7620,8,1.094881e-04,0.16937,0.0545
7621,8,1.094338e-04,0.17863,0.0592
7622,8,1.093796e-04,0.17187,0.0472
7623,8,1.093255e-04,0.15551,0.0650
7624,8,1.092716e-04,0.18975,0.0906
7625,8,1.092179e-04,0.21060,0.0695
7626,8,1.091643e-04,0.15937,0.0467
7627,8,1.091109e-04,0.18189,0.0548
7628,8,1.090576e-04,0.17589,0.0523
7629,8,1.090045e-04,0.19244,0.0495
7630,8,1.089515e-04,0.12978,0.0510
7631,8,1.088987e-04,0.14872,0.0508
7632,8,1.088461e-04,0.19336,0.0473
7633,8,1.087936e-04,0.16551,0.0510
7634,8,1.087412e-04,0.28626,0.1022
7635,8,1.086890e-04,0.16861,0.0430
7636,8,1.086370e-04,0.17215,0.0424
7637,8,1.085851e-04,0.15902,0.0441
7638,8,1.085334e-04,0.15282,0.0414
7639,8,1.084819e-04,0.17933,0.0788
7640,8,1.084305e-04,0.19428,0.0574
7641,8,1.083792e-04,0.19930,0.0739
7642,8,1.083281e-04,0.18379,0.0563
7643,8,1.082772e-04,0.15479,0.0387
7644,8,1.082264e-04,0.19801,0.0615
7645,8,1.081758e-04,0.14237,0.0449
7646,8,1.081253e-04,0.15661,0.0574
7647,8,1.080750e-04,0.21522,0.0602
7648,8,1.080248e-04,0.17150,0.0482
7649,8,1.079748e-04,0.12188,0.0554
7650,8,1.079249e-04,0.22651,0.0865
7651,8,1.078752e-04,0.21436,0.0617
7652,8,1.078257e-04,0.20057,0.0711
7653,8,1.077763e-04,0.15981,0.0672
7654,8,1.077271e-04,0.19053,0.0740
7655,8,1.076780e-04,0.12384,0.0457
7656,8,1.076291e-04,0.18976,0.0626
7657,8,1.075803e-04,0.12454,0.0580
7658,8,1.075317e-04,0.21368,0.0835
7659,8,1.074833e-04,0.17097,0.0548
7660,8,1.074350e-04,0.22804,0.0715
7661,8,1.073869e-04,0.16858,0.0492
7662,8,1.073389e-04,0.19248,0.0677
7663,8,1.072911e-04,0.16867,0.0442
7664,8,1.072434e-04,0.17909,0.0474
7665,8,1.071959e-04,0.14665,0.0388
7666,8,1.071485e-04,0.21744,0.0727
7667,8,1.071013e-04,0.16277,0.0453
7668,8,1.070543e-04,0.16853,0.0692
7669,8,1.070074e-04,0.16205,0.0581
7670,8,1.069606e-04,0.16955,0.0537
7671,8,1.069140e-04,0.13771,0.0500
7672,8,1.068676e-04,0.20306,0.0523
7673,8,1.068214e-04,0.19762,0.0708
7674,8,1.067752e-04,0.16350,0.0548
7675,8,1.067293e-04,0.17617,0.0486
7676,8,1.066835e-04,0.18861,0.0507
7677,8,1.066378e-04,0.15326,0.0485
7678,8,1.065923e-04,0.18992,0.0566
7679,8,1.065470e-04,0.14395,0.0569
7680,8,1.065018e-04,0.14695,0.0427
7681,8,1.064568e-04,0.14540,0.0448
7682,8,1.064119e-04,0.16635,0.0457
7683,8,1.063672e-04,0.17761,0.0596
7684,8,1.063227e-04,0.15628,0.0442
7685,8,1.062783e-04,0.16482,0.0680
7686,8,1.062340e-04,0.15506,0.0448
7687,8,1.061900e-04,0.19314,0.0500
7688,8,1.061460e-04,0.19101,0.0526
7689,8,1.061022e-04,0.17645,0.0419
7690,8,1.060586e-04,0.12618,0.0523
7691,8,1.060152e-04,0.16786,0.0509
7692,8,1.059719e-04,0.18353,0.0502
7693,8,1.059287e-04,0.19242,0.0841
7694,8,1.058857e-04,0.20134,0.0658
7695,8,1.058429e-04,0.16017,0.0790
7696,8,1.058002e-04,0.19065,0.0546
7697,8,1.057577e-04,0.16377,0.0516
7698,8,1.057153e-04,0.17669,0.0452
7699,8,1.056731e-04,0.18512,0.0451
7700,8,1.056310e-04,0.17708,0.0513
7701,8,1.055891e-04,0.18523,0.0472
7702,8,1.055474e-04,0.15764,0.0484
7703,8,1.055058e-04,0.16719,0.0472
7704,8,1.054643e-04,0.15415,0.0428
7705,8,1.054231e-04,0.21481,0.0718
7706,8,1.053819e-04,0.13384,0.0445
7707,8,1.053410e-04,0.14555,0.0549
7708,8,1.053002e-04,0.16890,0.0412
7709,8,1.052595e-04,0.19690,0.0457
7710,8,1.052190e-04,0.16986,0.0460
7711,8,1.051787e-04,0.16866,0.0435
7712,8,1.051385e-04,0.19002,0.0453
7713,8,1.050985e-04,0.18932,0.0620
7714,8,1.050586e-04,0.20448,0.0585
7715,8,1.050189e-04,0.15890,0.0438
7716,8,1.049793e-04,0.20757,0.0567
7717,8,1.049399e-04,0.19822,0.0635
7718,8,1.049006e-04,0.19511,0.0626
7719,8,1.048615e-04,0.17474,0.0519
7720,8,1.048226e-04,0.18947,0.0517
7721,8,1.047838e-04,0.18477,0.0678
7722,8,1.047452e-04,0.19706,0.0441
7723,8,1.047067e-04,0.19462,0.0655
7724,8,1.046684e-04,0.15048,0.0466
7725,8,1.046303e-04,0.18964,0.0505
7726,8,1.045923e-04,0.15296,0.0620
7727,8,1.045544e-04,0.14861,0.0473
7728,8,1.045167e-04,0.11541,0.0548
7729,8,1.044792e-04,0.17098,0.0514
7730,8,1.044418e-04,0.18154,0.0480
7731,8,1.044046e-04,0.19642,0.1026
7732,8,1.043675e-04,0.16947,0.0473
7733,8,1.043306e-04,0.17957,0.0569
7734,8,1.042939e-04,0.17428,0.0494
7735,8,1.042573e-04,0.20792,0.0860
7736,8,1.042209e-04,0.19430,0.0569
7737,8,1.041846e-04,0.18472,0.0553
7738,8,1.041485e-04,0.19219,0.0617
7739,8,1.041125e-04,0.17455,0.0569
7740,8,1.040767e-04,0.21249,0.0577
7741,8,1.040410e-04,0.16805,0.0512
7742,8,1.040055e-04,0.17462,0.0533
7743,8,1.039702e-04,0.16000,0.0522
7744,8,1.039350e-04,0.15498,0.0387
7745,8,1.039000e-04,0.21206,0.0723
7746,8,1.038651e-04,0.17039,0.0456
7747,8,1.038304e-04,0.17801,0.0523
7748,8,1.037958e-04,0.16214,0.0548
7749,8,1.037614e-04,0.21653,0.0582
7750,8,1.037271e-04,0.14335,0.0667
7751,8,1.036930e-04,0.13978,0.0431
7752,8,1.036591e-04,0.18011,0.0509
7753,8,1.036253e-04,0.17244,0.0499
7754,8,1.035917e-04,0.15208,0.0520
7755,8,1.035582e-04,0.16377,0.0418
7756,8,1.035249e-04,0.18585,0.0578
7757,8,1.034918e-04,0.17675,0.0573
7758,8,1.034588e-04,0.17626,0.0547
7759,8,1.034259e-04,0.16479,0.0495
7760,8,1.033932e-04,0.18803,0.0531
7761,8,1.033607e-04,0.21099,0.0649
7762,8,1.033283e-04,0.18031,0.0496
7763,8,1.032961e-04,0.15289,0.0455
7764,8,1.032641e-04,0.18451,0.0527
7765,8,1.032322e-04,0.18753,0.0499
7766,8,1.032004e-04,0.16506,0.0678
7767,8,1.031688e-04,0.20384,0.0817
7768,8,1.031374e-04,0.15822,0.0756
7769,8,1.031061e-04,0.14441,0.0594
7770,8,1.030750e-04,0.23293,0.0733
7771,8,1.030440e-04,0.15990,0.0493
7772,8,1.030132e-04,0.18704,0.0597
7773,8,1.029826e-04,0.15079,0.0540
7774,8,1.029521e-04,0.19630,0.0577
7775,8,1.029217e-04,0.16016,0.0507
7776,8,1.028915e-04,0.20179,0.0743
7777,8,1.028615e-04,0.20410,0.0636
7778,8,1.028316e-04,0.15820,0.0533
7779,8,1.028019e-04,0.16675,0.0647
7780,8,1.027724e-04,0.14837,0.0509
7781,8,1.027430e-04,0.20577,0.0590
7782,8,1.027137e-04,0.19428,0.0644
7783,8,1.026846e-04,0.14850,0.0497
7784,8,1.026557e-04,0.16313,0.0464
7785,8,1.026269e-04,0.16251,0.0526
7786,8,1.025983e-04,0.18578,0.0452
7787,8,1.025699e-04,0.19460,0.0551
7788,8,1.025415e-04,0.16469,0.0524
7789,8,1.025134e-04,0.17390,0.0667
7790,8,1.024854e-04,0.16348,0.0601
7791,8,1.024576e-04,0.19058,0.0578
7792,8,1.024299e-04,0.18146,0.0467
7793,8,1.024024e-04,0.20874,0.0712
7794,8,1.023750e-04,0.17556,0.0631
7795,8,1.023478e-04,0.12544,0.0659
7796,8,1.023207e-04,0.16206,0.0458
7797,8,1.022938e-04,0.18549,0.0524
7798,8,1.022671e-04,0.18899,0.0452
7799,8,1.022405e-04,0.16601,0.0502
7800,8,1.022141e-04,0.15448,0.0456
7801,8,1.021878e-04,0.16126,0.0393
7802,8,1.021617e-04,0.16366,0.0479
7803,8,1.021358e-04,0.14909,0.0820
7804,8,1.021100e-04,0.18213,0.0852
7805,8,1.020843e-04,0.16905,0.0463
7806,8,1.020588e-04,0.17900,0.0422
7807,8,1.020335e-04,0.17464,0.0435
7808,8,1.020083e-04,0.18664,0.0505
7809,8,1.019833e-04,0.19366,0.0420
7810,8,1.019584e-04,0.13904,0.0432
7811,8,1.019337e-04,0.15494,0.0472
7812,8,1.019092e-04,0.15323,0.0430
7813,8,1.018848e-04,0.16123,0.0491
7814,8,1.018606e-04,0.17407,0.0422
7815,8,1.018365e-04,0.12543,0.0531
7816,8,1.018126e-04,0.17590,0.0586
7817,8,1.017888e-04,0.18721,0.0481
7818,8,1.017652e-04,0.19165,0.0637
7819,8,1.017418e-04,0.17483,0.0505
7820,8,1.017185e-04,0.14256,0.0510
7821,8,1.016953e-04,0.16041,0.0487
7822,8,1.016723e-04,0.20028,0.0555
7823,8,1.016495e-04,0.16511,0.0512
7824,8,1.016269e-04,0.16940,0.0512
7825,8,1.016043e-04,0.18513,0.0583
7826,8,1.015820e-04,0.18141,0.0527
7827,8,1.015598e-04,0.17916,0.0676
7828,8,1.015377e-04,0.17044,0.0750
7829,8,1.015159e-04,0.19896,0.0625
7830,8,1.014941e-04,0.14735,0.0553
7831,8,1.014726e-04,0.17242,0.0498
7832,8,1.014512e-04,0.15623,0.0449
7833,8,1.014299e-04,0.19704,0.0582
7834,8,1.014088e-04,0.15636,0.0452
7835,8,1.013879e-04,0.17538,0.0489
7836,8,1.013671e-04,0.19133,0.0476
7837,8,1.013464e-04,0.15941,0.0432
7838,8,1.013260e-04,0.14475,0.0433
7839,8,1.013056e-04,0.23443,0.0914
7840,8,1.012855e-04,0.16483,0.0803
7841,8,1.012655e-04,0.15914,0.0615
7842,8,1.012456e-04,0.22049,0.0625
7843,8,1.012260e-04,0.22120,0.0648
7844,8,1.012064e-04,0.18300,0.0506
7845,8,1.011870e-04,0.18823,0.0444
7846,8,1.011678e-04,0.16007,0.0460
7847,8,1.011488e-04,0.21078,0.0613
7848,8,1.011299e-04,0.16524,0.0511
7849,8,1.011111e-04,0.18677,0.0610
7850,8,1.010925e-04,0.18526,0.0639
7851,8,1.010741e-04,0.17628,0.0479
7852,8,1.010558e-04,0.16874,0.0371
7853,8,1.010377e-04,0.20427,0.0730
7854,8,1.010197e-04,0.13450,0.0470
7855,8,1.010019e-04,0.18105,0.0571
7856,8,1.009843e-04,0.18907,0.0466
7857,8,1.009668e-04,0.17752,0.0511
7858,8,1.009494e-04,0.19819,0.0540
7859,8,1.009322e-04,0.12841,0.0509
7860,8,1.009152e-04,0.15573,0.0535
7861,8,1.008984e-04,0.14398,0.0683
7862,8,1.008816e-04,0.16127,0.0514
7863,8,1.008651e-04,0.19976,0.0583
7864,8,1.008487e-04,0.14002,0.0665
7865,8,1.008324e-04,0.17644,0.0449
7866,8,1.008164e-04,0.16749,0.0580
7867,8,1.008004e-04,0.19372,0.0558
7868,8,1.007847e-04,0.21045,0.0766
7869,8,1.007691e-04,0.18471,0.0498
7870,8,1.007536e-04,0.14058,0.0674
7871,8,1.007383e-04,0.19319,0.0489
7872,8,1.007232e-04,0.14666,0.0441
7873,8,1.007082e-04,0.15797,0.0420
7874,8,1.006933e-04,0.14139,0.0503
7875,8,1.006787e-04,0.17975,0.0491
7876,8,1.006642e-04,0.16364,0.0438
7877,8,1.006498e-04,0.16162,0.0501
7878,8,1.006356e-04,0.18957,0.0603
7879,8,1.006216e-04,0.18999,0.0884
7880,8,1.006077e-04,0.14416,0.0448
7881,8,1.005939e-04,0.18763,0.0508
7882,8,1.005804e-04,0.18649,0.0596
7883,8,1.005669e-04,0.18339,0.0550
7884,8,1.005537e-04,0.21203,0.0552
7885,8,1.005406e-04,0.18849,0.0692
7886,8,1.005276e-04,0.14295,0.0552
7887,8,1.005148e-04,0.17959,0.0500
7888,8,1.005022e-04,0.18353,0.0711
7889,8,1.004897e-04,0.15905,0.0485
7890,8,1.004774e-04,0.19504,0.0475
7891,8,1.004653e-04,0.15667,0.0462
7892,8,1.004533e-04,0.21112,0.0710
7893,8,1.004414e-04,0.14549,0.0456
7894,8,1.004297e-04,0.17104,0.0485
7895,8,1.004182e-04,0.16385,0.0586
7896,8,1.004068e-04,0.14617,0.0669
7897,8,1.003956e-04,0.23569,0.0571
7898,8,1.003845e-04,0.17322,0.0615
7899,8,1.003736e-04,0.17389,0.0711
7900,8,1.003629e-04,0.17725,0.0458
7901,8,1.003523e-04,0.17195,0.0704
7902,8,1.003418e-04,0.17015,0.0703
7903,8,1.003315e-04,0.15828,0.0531
7904,8,1.003214e-04,0.16375,0.0675
7905,8,1.003115e-04,0.20090,0.0536
7906,8,1.003017e-04,0.18376,0.0497
7907,8,1.002920e-04,0.16772,0.0555
7908,8,1.002825e-04,0.15322,0.0473
7909,8,1.002732e-04,0.14612,0.0492
7910,8,1.002640e-04,0.20646,0.0502
7911,8,1.002550e-04,0.16601,0.0486
7912,8,1.002461e-04,0.22542,0.0776
7913,8,1.002374e-04,0.14965,0.0749
7914,8,1.002288e-04,0.18620,0.0474
7915,8,1.002204e-04,0.18592,0.0569
7916,8,1.002122e-04,0.23352,0.0678
7917,8,1.002041e-04,0.12319,0.0492
7918,8,1.001962e-04,0.15849,0.0516
7919,8,1.001884e-04,0.20302,0.0525
7920,8,1.001808e-04,0.18024,0.0476
7921,8,1.001734e-04,0.21474,0.0558
7922,8,1.001661e-04,0.14362,0.0430
7923,8,1.001589e-04,0.18077,0.0490
7924,8,1.001519e-04,0.18248,0.0493
7925,8,1.001451e-04,0.18492,0.0793
7926,8,1.001384e-04,0.16915,0.0567
7927,8,1.001319e-04,0.20621,0.0599
7928,8,1.001256e-04,0.16645,0.0569
7929,8,1.001194e-04,0.14493,0.0545
7930,8,1.001133e-04,0.20027,0.0792
7931,8,1.001074e-04,0.16260,0.0515
7932,8,1.001017e-04,0.16755,0.0480
7933,8,1.000961e-04,0.18996,0.0854
7934,8,1.000907e-04,0.15733,0.0552
7935,8,1.000855e-04,0.16896,0.0585
7936,8,1.000804e-04,0.16305,0.0414
7937,8,1.000754e-04,0.15803,0.0499
7938,8,1.000706e-04,0.14674,0.0614
7939,8,1.000660e-04,0.16972,0.0442
7940,8,1.000615e-04,0.15624,0.0409
7941,8,1.000572e-04,0.21732,0.0620
7942,8,1.000531e-04,0.20988,0.0851
7943,8,1.000490e-04,0.14191,0.0476
7944,8,1.000452e-04,0.16011,0.0538
7945,8,1.000415e-04,0.18368,0.0786
7946,8,1.000380e-04,0.22450,0.0687
7947,8,1.000346e-04,0.15380,0.0444
7948,8,1.000314e-04,0.17216,0.0483
7949,8,1.000283e-04,0.16391,0.0473
7950,8,1.000254e-04,0.15994,0.0549
7951,8,1.000227e-04,0.16606,0.0567
7952,8,1.000201e-04,0.19520,0.0623
7953,8,1.000177e-04,0.19529,0.0542
7954,8,1.000154e-04,0.16273,0.0486
7955,8,1.000133e-04,0.16863,0.0661
7956,8,1.000113e-04,0.16069,0.0447
7957,8,1.000095e-04,0.16852,0.0517
7958,8,1.000078e-04,0.15174,0.0447
7959,8,1.000064e-04,0.13757,0.0537
7960,8,1.000050e-04,0.13864,0.0442
7961,8,1.000038e-04,0.19913,0.1096
7962,8,1.000028e-04,0.15356,0.0464
7963,8,1.000020e-04,0.15316,0.0443
7964,8,1.000013e-04,0.18172,0.0455
7965,8,1.000007e-04,0.18268,0.0584
7966,8,1.000003e-04,0.15309,0.0477
7967,8,1.000001e-04,0.15547,0.0475
